season,toss_team1,toss_bat,team1_win_rate,team2_win_rate,team1_form_5,team2_form_5,team1_form_10,team2_form_10,team1_recent_runs,team2_recent_runs,team1_recent_wickets,team2_recent_wickets,team1_run_rate,team2_run_rate,team1_wickets_per_match,team2_wickets_per_match,team1_venue_rate,team2_venue_rate,h2h_team1_rate,team1_elo,team2_elo,elo_difference,win_rate_difference,form_difference,form_10_difference,batting_difference,bowling_difference,venue_difference,recent_runs_difference,recent_wickets_difference,target,team1_Chennai Super Kings,team1_Deccan Chargers,team1_Delhi Capitals,team1_Gujarat Lions,team1_Gujarat Titans,team1_Kochi Tuskers Kerala,team1_Kolkata Knight Riders,team1_Lucknow Super Giants,team1_Mumbai Indians,team1_Pune Warriors,team1_Punjab Kings,team1_Rajasthan Royals,team1_Rising Pune Supergiants,team1_Royal Challengers Bengaluru,team1_Sunrisers Hyderabad,team2_Chennai Super Kings,team2_Deccan Chargers,team2_Delhi Capitals,team2_Gujarat Lions,team2_Gujarat Titans,team2_Kochi Tuskers Kerala,team2_Kolkata Knight Riders,team2_Lucknow Super Giants,team2_Mumbai Indians,team2_Pune Warriors,team2_Punjab Kings,team2_Rajasthan Royals,team2_Rising Pune Supergiants,team2_Royal Challengers Bengaluru,team2_Sunrisers Hyderabad,venue_Arun Jaitley Stadium,venue_Barabati Stadium,venue_Barsapara Cricket Stadium,venue_Bharat Ratna Shri Atal Bihari Vajpayee Ekana Cricket Stadium,venue_Brabourne Stadium,venue_Buffalo Park,venue_De Beers Diamond Oval,venue_Dr DY Patil Sports Academy,venue_Dr. Y.S. Rajasekhara Reddy ACA-VDCA Cricket Stadium,venue_Dubai International Cricket Stadium,venue_Eden Gardens,venue_Feroz Shah Kotla,venue_Green Park,venue_Himachal Pradesh Cricket Association Stadium,venue_Holkar Cricket Stadium,venue_JSCA International Stadium Complex,venue_Kingsmead,venue_M Chinnaswamy Stadium,venue_MA Chidambaram Stadium,venue_Maharaja Yadavindra Singh International Cricket Stadium,venue_Maharashtra Cricket Association Stadium,venue_Narendra Modi Stadium,venue_Nehru Stadium,venue_New Wanderers Stadium,venue_Newlands,venue_OUTsurance Oval,venue_Punjab Cricket Association IS Bindra Stadium,venue_Punjab Cricket Association Stadium,venue_Rajiv Gandhi International Stadium,venue_Sardar Patel Stadium,venue_Saurashtra Cricket Association Stadium,venue_Sawai Mansingh Stadium,venue_Shaheed Veer Narayan Singh International Stadium,venue_Sharjah Cricket Stadium,venue_Sheikh Zayed Stadium,venue_St George's Park,venue_Subrata Roy Sahara Stadium,venue_SuperSport Park,venue_Vidarbha Cricket Association Stadium,venue_Wankhede Stadium,venue_Zayed Cricket Stadium
2007,1,0,0.5,0.5,0.5,0.5,0.5,0.5,0.0,0.0,0.0,0.0,0.0,0.0,0.0,0.0,0.5,0.5,0.5,1500.0,1500.0,0.0,0.0,0.0,0.0,0.0,0.0,0.0,0.0,0.0,0,0,0,0,0,0,0,0,0,0,0,0,0,0,1,0,0,0,0,0,0,0,1,0,0,0,0,0,0,0,0,0,0,0,0,0,0,0,0,0,0,0,0,0,0,0,0,0,1,0,0,0,0,0,0,0,0,0,0,0,0,0,0,0,0,0,0,0,0,0,0,0
2007,0,1,0.5,0.5,0.5,0.5,0.5,0.5,0.0,0.0,0.0,0.0,0.0,0.0,0.0,0.0,0.5,0.5,0.5,1500.0,1500.0,0.0,0.0,0.0,0.0,0.0,0.0,0.0,0.0,0.0,0,0,0,0,0,0,0,0,0,0,0,1,0,0,0,0,1,0,0,0,0,0,0,0,0,0,0,0,0,0,0,0,0,0,0,0,0,0,0,0,0,0,0,0,0,0,0,0,0,0,0,0,0,0,0,0,0,0,1,0,0,0,0,0,0,0,0,0,0,0,0,0
2007,0,1,0.5,0.5,0.5,0.5,0.5,0.5,0.0,0.0,0.0,0.0,0.0,0.0,0.0,0.0,0.5,0.5,0.5,1500.0,1500.0,0.0,0.0,0.0,0.0,0.0,0.0,0.0,0.0,0.0,1,0,0,1,0,0,0,0,0,0,0,0,0,0,0,0,0,0,0,0,0,0,0,0,0,0,0,1,0,0,0,0,0,0,0,0,0,0,0,0,0,0,1,0,0,0,0,0,0,0,0,0,0,0,0,0,0,0,0,0,0,0,0,0,0,0,0,0,0,0,0,0
2007,1,1,0.5,0.0,0.5,0.0,0.5,0.0,0.0,82.0,0.0,3.0,0.0,0.8118811881188119,0.0,3.0,0.5,0.5,0.5,1500.0,1490.0,10.0,0.5,0.5,0.5,-0.8118811881188119,-3.0,0.0,-82.0,-3.0,0,0,0,0,0,0,0,0,0,1,0,0,0,0,0,0,0,0,0,0,0,0,0,0,0,0,0,0,0,1,0,0,0,0,0,0,0,0,0,0,0,0,0,0,0,0,0,0,0,0,0,0,0,0,0,0,0,0,0,0,0,0,0,0,0,0,0,0,0,0,1,0
2007,0,1,1.0,0.5,1.0,0.5,1.0,0.5,222.0,0.0,10.0,0.0,1.7903225806451613,0.0,10.0,0.0,0.5,0.5,0.5,1510.0,1500.0,10.0,0.5,0.5,0.5,1.7903225806451613,10.0,0.0,222.0,10.0,1,0,0,0,0,0,0,1,0,0,0,0,0,0,0,0,0,1,0,0,0,0,0,0,0,0,0,0,0,0,0,0,0,0,0,0,0,0,0,0,0,1,0,0,0,0,0,0,0,0,0,0,0,0,0,0,0,0,0,0,0,0,0,0,0,0,0,0,0,0,0,0
2007,0,1,0.0,0.0,0.0,0.0,0.0,0.0,129.0,207.0,1.0,5.0,1.0573770491803278,1.6693548387096775,1.0,5.0,0.5,0.5,0.5,1490.0,1490.0,0.0,0.0,0.0,0.0,-0.6119777895293497,-4.0,0.0,-78.0,-4.0,1,0,0,0,0,0,0,0,0,0,0,0,1,0,0,0,0,0,0,0,0,0,0,0,0,0,1,0,0,0,0,0,0,0,0,0,0,0,0,0,0,0,0,0,0,0,0,0,0,0,0,0,0,0,0,0,0,0,0,0,0,0,1,0,0,0,0,0,0,0,0,0
2007,1,1,0.0,1.0,0.0,1.0,0.0,1.0,110.0,132.0,5.0,8.0,0.9322033898305084,1.3608247422680413,5.0,8.0,0.5,0.5,0.5,1490.28774368332,1510.0,-19.71225631667994,-1.0,-1.0,-1.0,-0.42862135243753285,-3.0,0.0,-22.0,-3.0,0,0,1,0,0,0,0,0,0,0,0,0,0,0,0,0,0,0,1,0,0,0,0,0,0,0,0,0,0,0,0,0,0,0,0,0,0,0,0,0,0,0,0,0,0,0,0,0,0,0,0,0,0,0,0,0,0,0,0,1,0,0,0,0,0,0,0,0,0,0,0,0
2007,0,0,1.0,0.0,1.0,0.0,1.0,0.0,240.0,165.0,4.0,5.0,1.935483870967742,1.3414634146341464,4.0,5.0,0.5,0.5,0.5,1510.0,1489.71225631668,20.28774368332006,1.0,1.0,1.0,0.5940204563335956,-1.0,0.0,75.0,-1.0,1,1,0,0,0,0,0,0,0,0,0,0,0,0,0,0,0,0,0,0,0,0,0,0,1,0,0,0,0,0,0,0,0,0,0,0,0,0,0,0,0,0,0,0,0,0,0,0,0,1,0,0,0,0,0,0,0,0,0,0,0,0,0,0,0,0,0,0,0,0,0,0
2007,0,0,0.0,0.5,0.0,0.5,0.0,0.5,126.0,148.5,3.0,4.5,1.05,1.2323651452282158,3.0,4.5,0.0,0.5,0.5,1480.85450002419,1500.0,-19.145499975810026,-0.5,-0.5,-0.5,-0.18236514522821579,-1.5,-0.5,-22.5,-1.5,0,0,1,0,0,0,0,0,0,0,0,0,0,0,0,0,0,0,0,0,0,0,0,0,0,0,0,1,0,0,0,0,0,0,0,0,0,0,0,0,0,0,0,0,0,0,0,0,0,0,0,0,0,0,0,0,0,0,0,1,0,0,0,0,0,0,0,0,0,0,0,0
2007,0,0,0.0,0.0,0.0,0.0,0.0,0.0,186.5,183.5,4.5,5.0,1.516260162601626,1.4621513944223108,4.5,5.0,0.0,0.5,0.5,1480.0,1480.2955217453048,-0.29552174530476805,0.0,0.0,0.0,0.054108768179315314,-0.5,-0.5,3.0,-0.5,1,0,0,0,0,0,0,0,0,0,0,1,0,0,0,0,0,0,0,0,0,0,0,0,1,0,0,0,0,0,0,0,0,0,0,0,0,0,0,0,0,0,0,0,0,0,0,0,0,0,0,0,0,0,0,0,0,0,1,0,0,0,0,0,0,0,0,0,0,0,0,0
2007,0,0,0.5,0.6666666666666666,0.5,0.6666666666666666,0.5,0.6666666666666666,124.0,171.33333333333334,5.0,4.666666666666667,1.1071428571428572,1.415977961432507,5.0,4.666666666666667,0.0,0.5,0.5,1500.28774368332,1509.44950530889,-9.161761625569852,-0.16666666666666663,-0.16666666666666663,-0.16666666666666663,-0.3088351042896498,0.33333333333333304,-0.5,-47.33333333333334,0.33333333333333304,0,0,0,0,0,0,0,0,0,0,0,0,0,0,1,0,0,0,0,0,0,0,0,0,0,0,0,1,0,0,0,0,0,0,0,0,0,0,0,0,0,0,0,0,0,0,0,0,1,0,0,0,0,0,0,0,0,0,0,0,0,0,0,0,0,0,0,0,0,0,0,0
2007,0,1,1.0,1.0,1.0,1.0,1.0,1.0,224.0,167.0,5.5,10.0,1.7848605577689243,1.3577235772357723,5.5,10.0,1.0,0.5,0.5,1519.4167345713752,1519.71225631668,-0.29552174530476805,0.0,0.0,0.0,0.42713698053315197,-4.5,0.5,57.0,-4.5,1,1,0,0,0,0,0,0,0,0,0,0,0,0,0,0,0,0,0,0,0,0,1,0,0,0,0,0,0,0,0,0,0,0,0,0,0,0,0,0,0,0,0,0,0,0,0,0,0,1,0,0,0,0,0,0,0,0,0,0,0,0,0,0,0,0,0,0,0,0,0,0
2007,0,0,0.0,0.0,0.0,0.0,0.0,0.0,161.0,155.33333333333334,6.666666666666667,4.333333333333333,1.2811671087533156,1.273224043715847,6.666666666666667,4.333333333333333,0.5,0.5,0.5,1470.2870159477886,1471.4049947153,-1.1179787675114312,0.0,0.0,0.0,0.007943065037468555,2.333333333333334,0.0,5.666666666666657,2.333333333333334,0,0,0,0,0,0,0,0,0,1,0,0,0,0,0,0,0,1,0,0,0,0,0,0,0,0,0,0,0,0,0,0,0,0,0,0,0,0,1,0,0,0,0,0,0,0,0,0,0,0,0,0,0,0,0,0,0,0,0,0,0,0,0,0,0,0,0,0,0,0,0,0
2007,0,1,0.3333333333333333,1.0,0.3333333333333333,1.0,0.3333333333333333,1.0,185.0,137.5,6.0,8.0,1.5,1.5277777777777777,6.0,8.0,0.5,0.5,0.5,1490.0085057975161,1519.43324365913,-29.42473786161395,-0.6666666666666667,-0.6666666666666667,-0.6666666666666667,-0.02777777777777768,-2.0,0.0,47.5,-2.0,1,0,0,0,0,0,0,0,0,0,0,1,0,0,0,0,0,0,1,0,0,0,0,0,0,0,0,0,0,0,0,0,0,0,0,0,0,0,0,0,0,0,0,0,0,0,0,0,0,0,0,0,0,0,0,0,0,0,1,0,0,0,0,0,0,0,0,0,0,0,0,0
2007,0,1,0.3333333333333333,1.0,0.3333333333333333,1.0,0.3333333333333333,1.0,127.66666666666667,200.0,4.333333333333333,6.666666666666667,1.1005747126436782,1.675977653631285,4.333333333333333,6.666666666666667,0.0,0.5,0.5,1490.5513792757909,1529.4252403688913,-38.87386109310046,-0.6666666666666667,-0.6666666666666667,-0.6666666666666667,-0.5754029409876067,-2.333333333333334,-0.5,-72.33333333333333,-2.333333333333334,0,0,0,0,0,0,0,0,0,0,0,0,0,0,1,0,1,0,0,0,0,0,0,0,0,0,0,0,0,0,0,0,0,0,0,0,0,0,0,0,0,0,0,0,0,0,0,0,1,0,0,0,0,0,0,0,0,0,0,0,0,0,0,0,0,0,0,0,0,0,0,0
2007,1,1,0.6666666666666666,0.0,0.6666666666666666,0.0,0.6666666666666666,0.0,160.33333333333334,159.25,7.0,5.0,1.293010752688172,1.2689243027888446,7.0,5.0,1.0,0.5,0.5,1509.7037505191638,1460.319193852284,49.38455666687992,0.6666666666666666,0.6666666666666666,0.6666666666666666,0.0240864498993274,2.0,0.5,1.0833333333333428,2.0,0,0,0,0,0,0,0,1,0,0,0,0,0,0,0,0,0,0,0,0,0,0,0,0,1,0,0,0,0,0,0,0,0,0,0,0,0,0,0,0,0,1,0,0,0,0,0,0,0,0,0,0,0,0,0,0,0,0,0,0,0,0,0,0,0,0,0,0,0,0,0,0
2007,0,0,0.6666666666666666,0.25,0.6666666666666666,0.25,0.6666666666666666,0.25,144.33333333333334,137.0,7.333333333333333,4.5,1.419672131147541,1.1610169491525424,7.333333333333333,4.5,1.0,0.5,0.5,1508.58835068573,1481.6656131478833,26.922737537846615,0.41666666666666663,0.41666666666666663,0.41666666666666663,0.2586551819949987,2.833333333333333,0.5,7.333333333333343,2.833333333333333,1,0,0,1,0,0,0,0,0,0,0,0,0,0,0,0,0,0,0,0,0,0,0,0,0,0,0,0,0,1,0,0,0,0,0,0,0,0,0,0,0,0,1,0,0,0,0,0,0,0,0,0,0,0,0,0,0,0,0,0,0,0,0,0,0,0,0,0,0,0,0,0
2007,0,0,0.25,0.5,0.25,0.5,0.25,0.5,155.25,179.25,5.0,6.5,1.4018058690744921,1.4543610547667343,5.0,6.5,0.0,0.5,0.5,1481.3728168108048,1500.8533987709163,-19.48058196011152,-0.25,-0.25,-0.25,-0.05255518569224216,-1.5,-0.5,-24.0,-1.5,0,0,1,0,0,0,0,0,0,0,0,0,0,0,0,0,0,0,0,0,0,0,0,0,0,0,1,0,0,0,0,0,0,0,0,0,0,0,0,0,0,0,0,0,0,0,0,0,0,0,0,0,0,0,0,0,0,0,0,1,0,0,0,0,0,0,0,0,0,0,0,0
2007,1,1,0.75,0.5,0.75,0.5,0.75,0.5,163.0,154.5,5.5,6.0,1.393162393162393,1.243460764587525,5.5,6.0,1.0,0.5,0.5,1519.1858697164191,1498.2918445725704,20.894025143848694,0.25,0.25,0.25,0.14970162857486802,-0.5,0.5,8.5,-0.5,1,0,0,0,0,0,0,0,0,0,0,0,1,0,0,0,0,0,0,0,0,0,1,0,0,0,0,0,0,0,0,0,0,0,0,0,0,0,0,0,0,0,0,0,0,0,0,0,0,0,0,0,0,0,0,0,0,0,0,0,0,0,1,0,0,0,0,0,0,0,0,0
2007,1,1,1.0,0.75,1.0,0.75,1.0,0.75,194.5,156.0,7.5,6.75,1.6174636174636174,1.4613583138173303,7.5,6.75,1.0,0.5,0.5,1538.3110064967989,1517.8149992990673,20.496007197731615,0.25,0.25,0.25,0.15610530364628716,0.75,0.5,38.5,0.75,0,1,0,0,0,0,0,0,0,0,0,0,0,0,0,0,0,0,1,0,0,0,0,0,0,0,0,0,0,0,0,0,0,0,0,0,0,0,0,0,0,0,0,0,0,0,0,0,0,1,0,0,0,0,0,0,0,0,0,0,0,0,0,0,0,0,0,0,0,0,0,0
2007,1,1,0.6,0.4,0.6,0.4,0.6,0.4,176.8,153.8,6.8,6.2,1.4491803278688524,1.2423263327948304,6.8,6.2,0.6666666666666666,0.5,0.5,1510.293289385397,1488.8924990315668,21.40079035383019,0.19999999999999996,0.19999999999999996,0.19999999999999996,0.20685399507402202,0.5999999999999996,0.16666666666666663,23.0,0.5999999999999996,1,0,0,0,0,0,0,0,0,0,0,1,0,0,0,0,0,0,0,0,0,0,1,0,0,0,0,0,0,0,0,0,0,0,0,0,0,0,0,0,0,0,0,0,0,0,0,0,0,0,0,0,0,0,0,0,0,0,1,0,0,0,0,0,0,0,0,0,0,0,0,0
2007,0,0,0.2,0.2,0.2,0.2,0.2,0.2,145.8,157.0,4.6,4.6,1.2293423271500843,1.3893805309734513,4.6,4.6,0.0,0.5,0.5,1472.438964534546,1471.9329261963242,0.5060383382217424,0.0,0.0,0.0,-0.16003820382336698,0.0,-0.5,-11.199999999999989,0.0,1,0,0,0,0,0,0,0,0,0,0,0,0,0,1,0,0,1,0,0,0,0,0,0,0,0,0,0,0,0,0,0,0,0,0,0,0,0,0,0,0,0,0,0,0,0,0,0,1,0,0,0,0,0,0,0,0,0,0,0,0,0,0,0,0,0,0,0,0,0,0,0
2007,0,0,0.2,0.8,0.2,0.8,0.2,0.8,155.0,159.2,5.6,6.6,1.25,1.4605504587155964,5.6,6.6,0.0,0.5,0.5,1471.7310997988773,1528.4042384313739,-56.6731386324966,-0.6000000000000001,-0.6000000000000001,-0.6000000000000001,-0.2105504587155964,-1.0,-0.5,-4.199999999999989,-1.0,1,0,0,0,0,0,0,0,0,1,0,0,0,0,0,0,0,0,1,0,0,0,0,0,0,0,0,0,0,0,0,0,0,0,0,0,0,0,1,0,0,0,0,0,0,0,0,0,0,0,0,0,0,0,0,0,0,0,0,0,0,0,0,0,0,0,0,0,0,0,0,0
2007,0,1,0.8,0.8,0.8,0.8,0.8,0.8,169.6,189.4,6.4,6.4,1.4252100840336135,1.5601317957166392,6.4,6.4,1.0,0.5,0.5,1528.5852152574228,1527.7217673644923,0.8634478929304805,0.0,0.0,0.0,-0.1349217116830257,0.0,0.5,-19.80000000000001,0.0,1,0,0,0,0,0,0,0,0,0,0,0,1,0,0,0,1,0,0,0,0,0,0,0,0,0,0,0,0,0,0,0,0,0,0,0,0,0,0,0,0,0,0,0,0,0,0,0,0,0,0,0,0,0,0,0,0,0,0,0,0,0,1,0,0,0,0,0,0,0,0,0
2007,0,0,0.3333333333333333,0.6666666666666666,0.4,0.8,0.3333333333333333,0.6666666666666666,160.6,171.0,5.2,7.0,1.2377622377622377,1.4448979591836735,4.833333333333333,6.666666666666667,0.25,0.5,0.5,1482.4243995906693,1519.678102958399,-37.25370336772971,-0.3333333333333333,-0.4,-0.3333333333333333,-0.20713572142143577,-1.833333333333334,-0.25,-10.400000000000006,-1.7999999999999998,0,0,0,0,0,0,0,0,0,0,0,0,0,0,1,0,0,0,0,0,0,0,0,0,0,0,1,0,0,0,0,0,0,0,0,0,0,0,0,0,0,0,0,0,0,0,0,0,1,0,0,0,0,0,0,0,0,0,0,0,0,0,0,0,0,0,0,0,0,0,0,0
2007,0,0,0.6666666666666666,0.16666666666666666,0.6,0.2,0.6666666666666666,0.16666666666666666,163.2,165.6,6.0,5.2,1.4605809128630705,1.3653566229985443,5.666666666666667,5.166666666666667,0.6666666666666666,0.5,0.5,1517.7466193414139,1461.9474911402008,55.79912820121308,0.5,0.39999999999999997,0.5,0.09522428986452613,0.5,0.16666666666666663,-2.4000000000000057,0.7999999999999998,0,1,0,0,0,0,0,0,0,0,0,0,0,0,0,0,0,1,0,0,0,0,0,0,0,0,0,0,0,0,0,0,0,0,0,0,0,0,0,0,0,0,0,0,0,0,0,0,0,1,0,0,0,0,0,0,0,0,0,0,0,0,0,0,0,0,0,0,0,0,0,0
2007,1,0,0.3333333333333333,0.8333333333333334,0.4,1.0,0.3333333333333333,0.8333333333333334,154.4,165.8,6.6,8.2,1.2594086021505377,1.3924418604651163,6.333333333333333,7.0,0.5,0.5,0.5,1483.3479688815485,1538.5603632805012,-55.21239439895271,-0.5,-0.6,-0.5,-0.13303325831457857,-0.666666666666667,0.0,-11.400000000000006,-1.5999999999999996,1,0,0,0,0,0,0,0,0,1,0,0,0,0,0,0,0,0,0,0,0,0,0,0,0,0,0,1,0,0,0,0,0,0,0,0,0,0,1,0,0,0,0,0,0,0,0,0,0,0,0,0,0,0,0,0,0,0,0,0,0,0,0,0,0,0,0,0,0,0,0,0
2007,0,0,0.6666666666666666,0.5714285714285714,0.6,0.4,0.6666666666666666,0.5714285714285714,159.4,150.4,6.6,5.2,1.409711684370258,1.4167650531286895,6.833333333333333,5.285714285714286,1.0,0.5,1.0,1516.7873693487027,1506.1542585721697,10.63311077653293,0.09523809523809523,0.19999999999999996,0.09523809523809523,-0.007053368758431544,1.5476190476190474,0.5,9.0,1.3999999999999995,0,0,0,1,0,0,0,0,0,0,0,0,0,0,0,0,1,0,0,0,0,0,0,0,0,0,0,0,0,0,0,0,0,0,0,0,0,0,0,0,0,0,1,0,0,0,0,0,0,0,0,0,0,0,0,0,0,0,0,0,0,0,0,0,0,0,0,0,0,0,0,0
2007,1,1,0.3333333333333333,0.2857142857142857,0.2,0.2,0.3333333333333333,0.2857142857142857,143.2,152.6,5.4,4.6,1.2658569500674763,1.2093301435406698,6.166666666666667,4.714285714285714,0.5,0.5,1.0,1479.5076854585648,1473.4925569109453,6.015128547619497,0.047619047619047616,0.0,0.047619047619047616,0.05652680652680653,1.4523809523809526,0.0,-9.400000000000006,0.8000000000000007,1,0,0,0,0,0,0,1,0,0,0,0,0,0,0,0,0,0,0,0,0,0,0,0,0,0,0,0,0,1,0,0,0,0,0,0,0,0,0,0,0,1,0,0,0,0,0,0,0,0,0,0,0,0,0,0,0,0,0,0,0,0,0,0,0,0,0,0,0,0,0,0
2007,1,0,0.7142857142857143,0.2857142857142857,0.8,0.4,0.7142857142857143,0.2857142857142857,152.8,166.8,7.2,6.4,1.3413400758533502,1.3591989987484356,6.428571428571429,5.428571428571429,1.0,0.5,1.0,1526.9844662761805,1473.539851909445,53.44461436673555,0.4285714285714286,0.4,0.4285714285714286,-0.017858922895085394,1.0,0.5,-14.0,0.7999999999999998,1,0,0,0,0,0,0,0,0,0,0,0,1,0,0,0,0,1,0,0,0,0,0,0,0,0,0,0,0,0,0,0,0,0,0,0,0,0,0,0,0,0,0,0,0,0,0,0,0,0,0,0,0,0,0,0,0,0,0,0,0,0,1,0,0,0,0,0,0,0,0,0
2007,0,0,0.625,0.7142857142857143,0.4,1.0,0.625,0.7142857142857143,157.6,163.2,4.4,8.2,1.4279835390946503,1.3955399061032865,5.25,7.142857142857143,0.5,0.5,1.0,1516.460208586174,1528.609945638123,-12.149737051948932,-0.0892857142857143,-0.6,-0.0892857142857143,0.03244363299136377,-1.8928571428571432,0.0,-5.599999999999994,-3.799999999999999,1,1,0,0,0,0,0,0,0,0,0,0,0,0,0,0,0,0,0,0,0,0,0,0,0,0,1,0,0,0,0,0,0,0,0,0,0,0,0,0,0,0,0,0,0,0,0,0,0,1,0,0,0,0,0,0,0,0,0,0,0,0,0,0,0,0,0,0,0,0,0,0
2007,0,1,0.25,0.42857142857142855,0.4,0.2,0.25,0.42857142857142855,152.0,146.6,5.4,4.2,1.3311617806731812,1.2717520858164482,5.0,5.857142857142857,0.0,0.5,0.0,1465.066092326721,1489.3345734377024,-24.268481110981384,-0.17857142857142855,0.2,-0.17857142857142855,0.059409694856733086,-0.8571428571428568,-0.5,5.400000000000006,1.2000000000000002,0,0,1,0,0,0,0,0,0,0,0,0,0,0,0,0,0,0,0,0,0,0,1,0,0,0,0,0,0,0,0,0,0,0,0,0,0,0,0,0,0,0,0,0,0,0,0,0,0,0,0,0,0,0,0,0,0,0,0,1,0,0,0,0,0,0,0,0,0,0,0,0
2007,1,0,0.75,0.5714285714285714,0.8,0.4,0.75,0.5714285714285714,137.6,168.2,7.8,6.2,1.3475336322869955,1.421656050955414,6.625,6.714285714285714,1.0,0.5,0.0,1535.4582258589044,1506.4814193346983,28.97680652420604,0.1785714285714286,0.4,0.1785714285714286,-0.0741224186684184,-0.08928571428571441,0.5,-30.599999999999994,1.5999999999999996,1,0,0,0,0,0,0,0,0,0,0,0,1,0,0,0,0,0,1,0,0,0,0,0,0,0,0,0,0,0,0,0,0,0,0,0,0,0,0,0,0,0,0,0,0,0,0,0,0,0,0,0,0,0,0,0,0,0,0,0,0,0,1,0,0,0,0,0,0,0,0,0
2007,0,1,0.625,0.25,0.8,0.2,0.625,0.25,159.4,150.4,7.2,5.4,1.3880903490759753,1.213903743315508,6.75,5.0,0.75,0.5,1.0,1518.260390572162,1463.6656689318077,54.59472164035424,0.375,0.6000000000000001,0.375,0.1741866057604673,1.75,0.25,9.0,1.7999999999999998,1,0,0,0,0,0,0,0,0,0,0,1,0,0,0,0,0,0,0,0,0,0,0,0,0,0,0,0,0,1,0,0,0,0,0,0,0,0,0,0,0,0,0,0,0,0,0,0,0,0,0,0,0,0,0,0,0,0,1,0,0,0,0,0,0,0,0,0,0,0,0,0
2007,1,1,0.5,0.5,0.4,0.4,0.5,0.5,158.0,167.8,5.4,6.4,1.3198338525441329,1.4008810572687225,6.0,6.75,0.6666666666666666,0.5,0.5,1498.6372042034332,1497.3135104528176,1.3236937506155755,0.0,0.0,0.0,-0.0810472047245896,-0.75,0.16666666666666663,-9.800000000000011,-1.0,1,0,0,0,0,0,0,1,0,0,0,0,0,0,0,0,0,0,1,0,0,0,0,0,0,0,0,0,0,0,0,0,0,0,0,0,0,0,0,0,0,1,0,0,0,0,0,0,0,0,0,0,0,0,0,0,0,0,0,0,0,0,0,0,0,0,0,0,0,0,0,0
2007,1,0,0.42857142857142855,0.6666666666666666,0.6,0.4,0.42857142857142855,0.6666666666666666,134.8,158.2,7.6,4.2,1.2348754448398576,1.4224841341795105,6.857142857142857,5.666666666666667,0.0,0.5,0.0,1494.9238658858692,1526.8097636521352,-31.885897766265998,-0.23809523809523808,0.19999999999999996,-0.23809523809523808,-0.1876086893396529,1.1904761904761898,-0.5,-23.399999999999977,3.3999999999999995,1,0,0,0,0,0,0,0,0,1,0,0,0,0,0,0,1,0,0,0,0,0,0,0,0,0,0,0,0,0,0,0,0,0,0,0,0,0,0,0,0,0,0,0,0,0,0,0,0,0,0,0,0,0,0,0,0,0,0,0,0,0,0,0,0,0,0,0,0,0,1,0
2007,0,0,0.4444444444444444,0.2222222222222222,0.2,0.2,0.4444444444444444,0.2222222222222222,151.6,157.2,6.6,4.8,1.3575638506876229,1.3412774070543374,6.666666666666667,4.888888888888889,0.6666666666666666,0.5,1.0,1487.3516092372024,1455.7634615609902,31.588147676212202,0.2222222222222222,0.0,0.2222222222222222,0.016286443633285463,1.7777777777777777,0.16666666666666663,-5.599999999999994,1.7999999999999998,1,0,0,1,0,0,0,0,0,0,0,0,0,0,0,0,0,1,0,0,0,0,0,0,0,0,0,0,0,0,0,0,0,0,0,0,0,0,0,0,0,0,1,0,0,0,0,0,0,0,0,0,0,0,0,0,0,0,0,0,0,0,0,0,0,0,0,0,0,0,0,0
2007,1,0,0.5,0.5555555555555556,0.8,0.6,0.5,0.5555555555555556,143.2,157.2,6.8,6.8,1.279615795090715,1.2868927589367554,6.75,6.444444444444445,0.5,0.5,1.0,1505.8390478196536,1508.5991054190483,-2.760057599394713,-0.05555555555555558,0.20000000000000007,-0.05555555555555558,-0.007276963846040374,0.30555555555555536,0.0,-14.0,0.0,1,0,0,0,0,0,0,0,0,1,0,0,0,0,0,0,0,0,0,0,0,0,1,0,0,0,0,0,0,0,0,0,0,0,0,0,0,0,0,0,0,0,0,0,0,0,0,0,0,0,0,0,0,0,0,0,0,0,0,0,0,0,0,0,0,0,0,0,0,0,1,0
2007,1,1,0.5,0.6666666666666666,0.2,0.8,0.5,0.6666666666666666,156.0,155.8,7.2,7.2,1.378827646544182,1.3968253968253967,6.9,6.888888888888889,0.75,0.5,0.0,1496.444926126203,1526.7018349498246,-30.256908823621643,-0.16666666666666663,-0.6000000000000001,-0.16666666666666663,-0.017997750281214753,0.011111111111111072,0.25,0.19999999999998863,0.0,0,0,0,1,0,0,0,0,0,0,0,0,0,0,0,0,0,0,0,0,0,0,0,0,0,0,1,0,0,0,0,0,0,0,0,0,0,0,0,0,0,0,1,0,0,0,0,0,0,0,0,0,0,0,0,0,0,0,0,0,0,0,0,0,0,0,0,0,0,0,0,0
2007,0,0,0.7777777777777778,0.2222222222222222,0.8,0.2,0.7777777777777778,0.2222222222222222,141.8,146.0,7.6,4.6,1.3422090729783038,1.206798866855524,6.666666666666667,4.555555555555555,1.0,0.5,1.0,1544.6261347407851,1455.224224554145,89.40191018664018,0.5555555555555556,0.6000000000000001,0.5555555555555556,0.13541020612277976,2.1111111111111116,0.5,-4.199999999999989,3.0,1,0,0,0,0,0,0,0,0,0,0,0,1,0,0,0,0,0,0,0,0,0,0,0,0,0,0,0,0,1,0,0,0,0,0,0,0,0,0,0,0,0,0,0,0,0,0,0,0,0,0,0,0,0,0,0,0,0,0,0,0,0,1,0,0,0,0,0,0,0,0,0
2007,1,0,0.2,0.5555555555555556,0.2,1.0,0.2,0.5555555555555556,160.8,126.0,5.0,8.8,1.3569598633646456,1.2994871794871794,4.8,7.111111111111111,0.0,0.5,1.0,1446.6701446719896,1515.9184869921178,-69.24834232012813,-0.35555555555555557,-0.8,-0.35555555555555557,0.05747268387746618,-2.311111111111111,-0.5,34.80000000000001,-3.8000000000000007,0,0,1,0,0,0,0,0,0,0,0,0,0,0,0,0,0,0,0,0,0,0,0,0,1,0,0,0,0,0,0,0,0,0,0,0,0,0,0,0,0,0,0,0,0,0,0,0,0,0,0,0,0,0,0,0,0,0,0,1,0,0,0,0,0,0,0,0,0,0,0,0
2007,1,1,0.5,0.6,0.6,0.4,0.5,0.6,140.4,155.6,5.8,4.0,1.2371740958788897,1.4024390243902438,6.0,5.2,0.75,0.5,0.0,1498.5196662465842,1515.8945817183508,-17.3749154717666,-0.09999999999999998,0.19999999999999996,-0.09999999999999998,-0.1652649285113541,0.7999999999999998,0.25,-15.199999999999989,1.7999999999999998,0,0,0,0,0,0,0,1,0,0,0,0,0,0,0,0,1,0,0,0,0,0,0,0,0,0,0,0,0,0,0,0,0,0,0,0,0,0,0,0,0,1,0,0,0,0,0,0,0,0,0,0,0,0,0,0,0,0,0,0,0,0,0,0,0,0,0,0,0,0,0,0
2007,0,0,0.2,0.45454545454545453,0.2,0.2,0.2,0.4,136.2,153.0,3.8,6.2,1.1908783783783783,1.393092105263158,4.2,6.545454545454546,0.2,0.5,0.0,1447.7420901128078,1487.3135950697508,-39.571504956943045,-0.2545454545454545,0.0,-0.2,-0.20221372688477968,-2.3454545454545457,-0.3,-16.80000000000001,-2.4000000000000004,0,0,0,0,0,0,0,0,0,0,0,0,0,0,1,0,0,0,1,0,0,0,0,0,0,0,0,0,0,0,0,0,0,0,0,0,0,0,0,0,0,0,0,0,0,0,0,0,1,0,0,0,0,0,0,0,0,0,0,0,0,0,0,0,0,0,0,0,0,0,0,0
2007,0,0,0.45454545454545453,0.8,0.6,0.8,0.4,0.8,136.4,142.0,4.6,7.4,1.2338156892612338,1.3654688869412797,5.454545454545454,6.9,0.6,0.5,0.0,1489.019340037797,1552.1082691821223,-63.08892914432522,-0.3454545454545455,-0.20000000000000007,-0.4,-0.1316531976800459,-1.4454545454545462,0.09999999999999998,-5.599999999999994,-2.8000000000000007,0,0,0,0,0,0,0,1,0,0,0,0,0,0,0,0,0,0,0,0,0,0,0,0,0,0,0,1,0,0,0,0,0,0,0,0,0,0,0,0,0,1,0,0,0,0,0,0,0,0,0,0,0,0,0,0,0,0,0,0,0,0,0,0,0,0,0,0,0,0,0,0
2007,1,0,0.6,0.7,1.0,0.8,0.6,0.7,134.0,141.2,8.6,6.4,1.3100634632819583,1.4183764495985727,7.1,6.6,0.6666666666666666,0.5,0.0,1523.9513394438595,1535.8331660062768,-11.881826562417245,-0.09999999999999998,0.19999999999999996,-0.09999999999999998,-0.10831298631661435,0.5,0.16666666666666663,-7.199999999999989,2.1999999999999993,0,0,0,0,0,0,0,0,0,1,0,0,0,0,0,0,0,0,0,0,0,0,0,0,0,0,1,0,0,0,0,0,0,0,0,0,0,0,0,0,0,0,0,0,0,0,0,0,0,0,0,0,0,0,0,0,0,0,0,0,0,0,0,0,0,0,0,0,0,0,1,0
2007,0,1,0.6363636363636364,0.18181818181818182,0.6,0.0,0.6,0.2,144.8,135.8,4.6,3.6,1.3895394223263076,1.1948051948051948,5.181818181818182,4.2727272727272725,0.6,0.5,1.0,1525.3949079271379,1438.8761500327566,86.51875789438122,0.45454545454545453,0.6,0.39999999999999997,0.1947342275211128,0.9090909090909092,0.09999999999999998,9.0,0.9999999999999996,0,1,0,0,0,0,0,0,0,0,0,0,0,0,0,0,0,0,0,0,0,0,0,0,0,0,0,0,0,1,0,0,0,0,0,0,0,0,0,0,0,0,0,0,0,0,0,0,0,1,0,0,0,0,0,0,0,0,0,0,0,0,0,0,0,0,0,0,0,0,0,0
2007,1,0,0.7272727272727273,0.18181818181818182,0.8,0.2,0.8,0.2,143.4,160.8,7.2,4.8,1.4289156626506023,1.345173745173745,6.909090909090909,5.0,0.8,0.5,1.0,1545.4913128080557,1438.637292220248,106.85402058780778,0.5454545454545454,0.6000000000000001,0.6000000000000001,0.08374191747685722,1.9090909090909092,0.30000000000000004,-17.400000000000006,2.4000000000000004,1,0,0,0,0,0,0,0,0,0,0,1,0,0,0,0,0,1,0,0,0,0,0,0,0,0,0,0,0,0,0,0,0,0,0,0,0,0,0,0,0,0,0,0,0,0,0,0,0,0,0,0,0,0,0,0,0,0,1,0,0,0,0,0,0,0,0,0,0,0,0,0
2007,1,0,0.5,0.5454545454545454,0.4,0.8,0.4,0.6,147.2,139.2,6.4,7.4,1.3956292388847023,1.3298045602605864,6.583333333333333,6.818181818181818,0.6,0.5,0.0,1496.179535149802,1514.2931926420806,-18.113657492278662,-0.045454545454545414,-0.4,-0.19999999999999996,0.0658246786241159,-0.2348484848484853,0.09999999999999998,8.0,-1.0,1,0,0,1,0,0,0,0,0,0,0,0,0,0,0,0,0,0,0,0,0,0,0,0,1,0,0,0,0,0,0,0,0,0,0,0,0,0,0,0,0,0,1,0,0,0,0,0,0,0,0,0,0,0,0,0,0,0,0,0,0,0,0,0,0,0,0,0,0,0,0,0
2007,0,1,0.5833333333333334,0.8181818181818182,0.6,0.8,0.5,0.9,138.4,150.0,5.6,7.0,1.3447050461975836,1.3740949316170554,5.416666666666667,7.0,0.5,0.5,0.0,1512.9549262268818,1560.312121994934,-47.35719576805218,-0.23484848484848486,-0.20000000000000007,-0.4,-0.02938988541947185,-1.583333333333333,0.0,-11.599999999999994,-1.4000000000000004,0,1,0,0,0,0,0,0,0,0,0,0,0,0,0,0,0,0,0,0,0,0,0,0,0,0,0,1,0,0,0,0,0,0,0,0,0,0,0,0,0,0,0,0,0,0,0,0,0,1,0,0,0,0,0,0,0,0,0,0,0,0,0,0,0,0,0,0,0,0,0,0
2007,1,1,0.16666666666666666,0.25,0.0,0.2,0.2,0.2,166.2,135.8,4.2,4.4,1.353813559322034,1.1818181818181819,4.916666666666667,4.583333333333333,0.0,0.5,0.0,1431.6193636570615,1451.3161317330128,-19.69676807595124,-0.08333333333333334,-0.2,0.0,0.17199537750385208,0.3333333333333339,-0.5,30.399999999999977,-0.20000000000000018,0,0,1,0,0,0,0,0,0,0,0,0,0,0,0,0,0,0,0,0,0,0,0,0,0,0,0,0,0,1,0,0,0,0,0,0,0,0,0,0,0,0,0,0,0,0,0,0,0,0,0,0,0,0,0,0,0,0,0,1,0,0,0,0,0,0,0,0,0,0,0,0
2007,0,1,0.4166666666666667,0.75,0.4,0.8,0.3,0.9,140.0,153.6,4.6,6.0,1.2313588850174215,1.431602048280907,5.333333333333333,6.666666666666667,0.5,0.5,0.0,1480.8154872249854,1552.509241371242,-71.69375414625665,-0.3333333333333333,-0.4,-0.6000000000000001,-0.20024316326348557,-1.333333333333334,0.0,-13.599999999999994,-1.4000000000000004,1,0,0,0,0,0,0,1,0,0,0,0,0,0,0,0,0,0,0,0,0,0,0,0,0,0,1,0,0,0,0,0,0,0,0,0,0,0,0,0,0,1,0,0,0,0,0,0,0,0,0,0,0,0,0,0,0,0,0,0,0,0,0,0,0,0,0,0,0,0,0,0
2007,1,0,0.8333333333333334,0.5,1.0,0.6,0.9,0.6,171.6,153.6,7.8,6.4,1.4058608058608058,1.3350553505535054,7.0,6.666666666666667,1.0,0.5,0.0,1568.9574514537194,1503.7723115188558,65.18513993486363,0.33333333333333337,0.4,0.30000000000000004,0.07080545530730031,0.33333333333333304,0.5,18.0,1.3999999999999995,1,0,0,0,0,0,0,0,0,0,0,0,1,0,0,0,0,0,0,0,0,0,0,0,1,0,0,0,0,0,0,0,0,0,0,0,0,0,0,0,0,0,0,0,0,0,0,0,0,0,0,0,0,0,0,0,0,0,0,0,0,0,1,0,0,0,0,0,0,0,0,0
2007,1,1,0.15384615384615385,0.5384615384615384,0.0,0.4,0.2,0.4,171.2,141.0,4.8,5.6,1.350194552529183,1.365296803652968,4.923076923076923,5.384615384615385,0.0,0.5,1.0,1422.1856756413324,1504.3095967680963,-82.12392112676389,-0.3846153846153846,-0.4,-0.2,-0.015102251123785049,-0.4615384615384617,-0.5,30.19999999999999,-0.7999999999999998,0,0,1,0,0,0,0,0,0,0,0,0,0,0,0,0,1,0,0,0,0,0,0,0,0,0,0,0,0,0,0,0,0,0,0,0,0,0,0,0,0,0,0,0,0,0,0,0,0,0,0,0,0,0,0,0,0,0,0,1,0,0,0,0,0,0,0,0,0,0,0,0
2007,0,0,0.3076923076923077,0.46153846153846156,0.4,0.4,0.3,0.6,145.2,151.0,5.0,6.2,1.2053108808290156,1.3184885290148447,5.0,6.538461538461538,0.16666666666666666,0.5,1.0,1460.7498197487419,1495.626782135089,-34.87696238634703,-0.15384615384615385,0.0,-0.3,-0.1131776481858291,-1.5384615384615383,-0.33333333333333337,-5.800000000000011,-1.2000000000000002,0,0,0,0,0,0,0,0,0,0,0,0,0,0,1,0,0,0,0,0,0,0,0,0,1,0,0,0,0,0,0,0,0,0,0,0,0,0,0,0,0,0,0,0,0,0,0,0,1,0,0,0,0,0,0,0,0,0,0,0,0,0,0,0,0,0,0,0,0,0,0,0
2007,0,0,0.6923076923076923,0.8461538461538461,0.8,1.0,0.8,0.9,155.8,172.6,6.6,7.6,1.4273275284661755,1.3849765258215962,6.6923076923076925,7.0,0.8333333333333334,0.5,0.0,1540.4745275304908,1577.1029808374863,-36.628453306995425,-0.15384615384615385,-0.19999999999999996,-0.09999999999999998,0.04235100264457925,-0.3076923076923075,0.33333333333333337,-16.799999999999983,-1.0,1,0,0,0,0,0,0,0,0,0,0,1,0,0,0,0,0,0,0,0,0,0,0,0,0,0,0,1,0,0,0,0,0,0,0,0,0,0,0,0,0,0,0,0,0,0,0,0,0,0,0,0,0,0,0,0,0,0,1,0,0,0,0,0,0,0,0,0,0,0,0,0
2007,1,0,0.5384615384615384,0.7857142857142857,0.6,0.8,0.5,0.8,151.8,176.8,6.6,6.8,1.4035936420179682,1.3926799007444168,6.6923076923076925,6.714285714285714,0.5,0.5,0.5,1506.7004162730268,1566.052617733089,-59.35220146006213,-0.24725274725274726,-0.20000000000000007,-0.30000000000000004,0.01091374127355138,-0.0219780219780219,0.0,-25.0,-0.20000000000000018,0,0,0,1,0,0,0,0,0,0,0,0,0,0,0,0,0,0,0,0,0,0,0,0,0,0,0,1,0,0,0,0,0,0,0,0,0,0,0,0,0,0,0,0,0,0,0,0,0,0,0,0,0,0,0,0,0,0,0,0,0,0,0,0,0,0,0,0,0,0,1,0
2007,0,1,0.5714285714285714,0.7142857142857143,0.4,0.8,0.4,0.8,134.4,171.2,5.4,6.4,1.352444176222088,1.4545454545454546,5.571428571428571,6.714285714285714,0.0,1.0,1.0,1511.9889397518632,1551.5248906348882,-39.53595088302495,-0.1428571428571429,-0.4,-0.4,-0.10210127832336657,-1.1428571428571432,-1.0,-36.79999999999998,-1.0,1,1,0,0,0,0,0,0,0,0,0,0,0,0,0,0,0,0,0,0,0,0,0,0,0,0,1,0,0,0,0,0,0,0,0,0,0,0,0,0,0,0,0,0,0,0,0,0,0,0,0,0,0,0,0,0,0,0,0,0,0,0,0,0,0,0,0,0,0,0,1,0
2007,0,0,0.6,0.8,0.6,0.8,0.5,0.8,126.4,175.8,6.8,7.0,1.3468571428571428,1.4046109510086455,5.733333333333333,6.933333333333334,0.5,0.0,0.0,1523.1219894925298,1574.3607498663162,-51.23876037378636,-0.20000000000000007,-0.20000000000000007,-0.30000000000000004,-0.05775380815150277,-1.2000000000000002,0.5,-49.400000000000006,-0.20000000000000018,0,1,0,0,0,0,0,0,0,0,0,0,0,0,0,0,0,0,0,0,0,0,0,0,0,0,0,1,0,0,0,0,0,0,0,0,0,0,1,0,0,0,0,0,0,0,0,0,0,0,0,0,0,0,0,0,0,0,0,0,0,0,0,0,0,0,0,0,0,0,0,0
2009,1,0,0.5625,0.5,0.4,0.4,0.5,0.7,148.0,162.6,7.2,6.0,1.3447171824973319,1.3131313131313131,5.8125,6.714285714285714,0.5,0.5,0.5,1514.5861599488053,1504.6263008056806,9.959859143124731,0.0625,0.0,-0.19999999999999996,0.031585869366018704,-0.9017857142857144,0.0,-14.599999999999994,1.2000000000000002,0,1,0,0,0,0,0,0,0,0,0,0,0,0,0,0,0,0,0,0,0,0,0,0,1,0,0,0,0,0,0,0,0,0,0,0,0,0,0,0,0,0,0,0,0,0,0,0,0,0,0,0,0,0,0,1,0,0,0,0,0,0,0,0,0,0,0,0,0,0,0,0
2009,1,1,0.2857142857142857,0.8125,0.4,0.8,0.3,0.8,141.0,178.6,5.0,6.4,1.1952983725135624,1.3976356797420741,4.714285714285714,6.8125,0.5,0.5,0.0,1451.7503010781502,1582.8965794100407,-131.14627833189047,-0.5267857142857143,-0.4,-0.5,-0.20233730722851173,-2.0982142857142856,0.0,-37.599999999999994,-1.4000000000000004,1,0,0,0,0,0,0,0,0,0,0,0,0,0,1,0,0,0,0,0,0,0,0,0,0,0,0,1,0,0,0,0,0,0,0,0,0,0,0,0,0,0,0,0,0,0,0,0,0,0,0,0,0,0,0,1,0,0,0,0,0,0,0,0,0,0,0,0,0,0,0,0
2009,1,0,0.5,0.6666666666666666,0.6,0.6,0.4,0.7,147.2,174.8,7.2,5.8,1.3691014867485456,1.4169062679700977,6.857142857142857,6.333333333333333,0.5,0.5,0.0,1498.3922841397996,1540.3918408942216,-41.999556754421974,-0.16666666666666663,0.0,-0.29999999999999993,-0.04780478122155207,0.5238095238095237,0.0,-27.600000000000023,1.4000000000000004,1,0,0,1,0,0,0,0,0,0,0,0,0,0,0,0,0,0,0,0,0,0,0,0,0,0,1,0,0,0,0,0,0,0,0,0,0,0,0,0,0,0,0,0,0,0,0,0,0,0,0,0,0,0,0,1,0,0,0,0,0,0,0,0,0,0,0,0,0,0,0,0
2009,0,1,0.14285714285714285,0.46153846153846156,0.0,0.4,0.1,0.4,164.4,134.2,4.6,4.4,1.3363309352517985,1.2472703917790624,4.785714285714286,5.384615384615385,0.5,0.5,0.0,1414.5063326575655,1492.8502010657367,-78.34386840817115,-0.3186813186813187,-0.4,-0.30000000000000004,0.08906054347273606,-0.5989010989010994,0.0,30.200000000000017,0.1999999999999993,1,0,1,0,0,0,0,0,0,0,0,0,0,0,0,0,0,0,0,0,0,0,1,0,0,0,0,0,0,0,0,0,0,0,0,0,0,0,0,0,0,0,0,0,0,0,0,0,0,0,0,0,0,0,0,1,0,0,0,0,0,0,0,0,0,0,0,0,0,0,0,0
2009,0,1,0.3333333333333333,0.5294117647058824,0.6,0.4,0.4,0.5,141.2,154.8,6.8,7.0,1.188096574957889,1.3350025037556335,5.066666666666666,5.882352941176471,0.5,0.5,0.5,1465.355378191777,1504.2995706594654,-38.94419246768848,-0.19607843137254904,0.19999999999999996,-0.09999999999999998,-0.14690592879774456,-0.8156862745098046,0.0,-13.600000000000023,-0.20000000000000018,0,0,0,0,0,0,0,0,0,0,0,0,0,0,1,0,1,0,0,0,0,0,0,0,0,0,0,0,0,0,0,0,0,0,0,0,0,0,0,0,0,0,0,0,0,0,0,0,0,0,0,0,0,0,0,0,0,0,0,0,0,0,0,0,0,0,1,0,0,0,0,0
2009,0,0,0.625,0.42857142857142855,0.4,0.2,0.6,0.4,157.8,127.8,3.8,2.8,1.4148760330578511,1.2189737470167064,5.9375,5.142857142857143,0.5,0.5,0.5,1529.1888505625882,1480.6327398976305,48.556110664957714,0.19642857142857145,0.2,0.19999999999999996,0.1959022860411448,0.7946428571428568,0.0,30.000000000000014,1.0,0,0,0,0,0,0,0,0,0,0,0,1,0,0,0,0,0,0,0,0,0,0,1,0,0,0,0,0,0,0,0,0,0,0,0,0,0,0,0,0,0,0,0,0,0,0,0,1,0,0,0,0,0,0,0,0,0,0,0,0,0,0,0,0,0,0,0,0,0,0,0,0
2009,0,1,0.3125,0.2,0.6,0.2,0.3,0.2,127.8,148.8,6.8,5.8,1.1736814064997336,1.3346681922196797,5.0625,5.133333333333334,1.0,1.0,1.0,1456.4716111864075,1426.7237938256717,29.74781736073578,0.11249999999999999,0.39999999999999997,0.09999999999999998,-0.16098678571994607,-0.07083333333333375,0.0,-21.000000000000014,1.0,0,0,0,0,0,0,0,0,0,0,0,0,0,0,1,0,0,1,0,0,0,0,0,0,0,0,0,0,0,0,0,0,0,0,0,0,0,0,0,0,0,0,0,0,0,0,0,0,0,0,0,0,0,0,0,1,0,0,0,0,0,0,0,0,0,0,0,0,0,0,0,0
2009,0,1,0.5555555555555556,0.5333333333333333,0.6,0.6,0.5,0.4,150.4,120.0,8.0,6.8,1.3413484205563413,1.3780873970867638,6.111111111111111,6.866666666666666,0.5,0.5,0.5,1513.1833376648349,1509.595274471433,3.588063193401922,0.022222222222222254,0.0,0.09999999999999998,-0.03673897653042246,-0.7555555555555555,0.0,30.400000000000006,1.2000000000000002,0,1,0,0,0,0,0,0,0,0,0,0,0,0,0,0,0,0,1,0,0,0,0,0,0,0,0,0,0,0,0,0,0,0,0,0,0,0,0,0,0,0,0,0,0,0,0,1,0,0,0,0,0,0,0,0,0,0,0,0,0,0,0,0,0,0,0,0,0,0,0,0
2009,1,1,0.29411764705882354,0.5882352941176471,0.4,0.2,0.3,0.5,134.6,153.8,6.4,3.2,1.1797304043934098,1.403707518022657,5.117647058823529,5.647058823529412,0.5,0.0,0.0,1445.6174863456924,1517.8003216977684,-72.18283535207593,-0.29411764705882354,0.2,-0.2,-0.22397711362924722,-0.5294117647058831,0.5,-19.200000000000017,3.2,0,0,0,0,0,0,0,0,0,0,0,0,0,0,1,0,0,0,0,0,0,0,0,0,0,0,1,0,0,0,0,0,0,0,0,0,0,0,0,0,0,0,0,0,0,0,0,1,0,0,0,0,0,0,0,0,0,0,0,0,0,0,0,0,0,0,0,0,0,0,0,0
2009,1,1,0.25,0.5333333333333333,0.4,0.4,0.3,0.7,155.0,160.0,6.0,6.0,1.346709470304976,1.316715542521994,5.3125,6.733333333333333,0.5,0.5,0.5,1437.5779186663867,1514.9128900950204,-77.33497142863371,-0.2833333333333333,0.0,-0.39999999999999997,0.029993927782981933,-1.4208333333333334,0.0,-5.0,0.0,1,0,1,0,0,0,0,0,0,0,0,0,0,0,0,0,0,0,0,0,0,0,0,0,1,0,0,0,0,0,0,0,0,0,0,0,0,0,0,0,0,0,0,0,0,0,0,1,0,0,0,0,0,0,0,0,0,0,0,0,0,0,0,0,0,0,0,0,0,0,0,0
2009,1,1,0.2777777777777778,0.5625,0.2,0.8,0.3,0.5,134.0,134.2,5.0,8.0,1.1904985888993416,1.3911764705882352,5.0,7.0,0.0,0.5,0.0,1437.6656904105805,1519.6985435604256,-82.0328531498451,-0.2847222222222222,-0.6000000000000001,-0.2,-0.20067788168889367,-2.0,-0.5,-0.19999999999998863,-3.0,0,0,0,0,0,0,0,0,0,0,0,0,0,0,1,0,0,0,1,0,0,0,0,0,0,0,0,0,0,0,0,0,0,0,0,0,0,0,0,0,0,0,0,0,0,0,0,0,0,0,0,0,0,0,0,0,0,0,0,0,0,0,0,0,0,0,1,0,0,0,0,0
2009,1,1,0.6111111111111112,0.7647058823529411,0.4,0.6,0.6,0.8,153.6,148.0,3.6,6.6,1.4065987384764678,1.3566326530612245,5.833333333333333,6.882352941176471,0.0,0.0,0.5,1525.7521176328803,1569.291502296414,-43.53938466353361,-0.15359477124182996,-0.19999999999999996,-0.20000000000000007,0.04996608541524328,-1.049019607843138,0.0,5.599999999999994,-2.9999999999999996,1,0,0,0,0,0,0,0,0,0,0,1,0,0,0,0,0,0,0,0,0,0,0,0,0,0,0,1,0,0,0,0,0,0,0,0,0,0,0,0,0,0,0,0,0,0,0,0,0,0,0,0,0,0,0,1,0,0,0,0,0,0,0,0,0,0,0,0,0,0,0,0
2009,0,0,0.5263157894736842,0.29411764705882354,0.4,0.6,0.4,0.3,156.8,153.6,7.4,6.6,1.3468388245770258,1.3465396188565697,6.052631578947368,5.411764705882353,0.0,1.0,0.5,1503.0800685758422,1449.7677515891128,53.312316986729456,0.23219814241486064,-0.19999999999999996,0.10000000000000003,0.00029920572045605276,0.6408668730650149,-1.0,3.200000000000017,0.8000000000000007,0,1,0,0,0,0,0,0,0,0,0,0,0,0,0,0,0,1,0,0,0,0,0,0,0,0,0,0,0,0,0,0,0,0,0,0,0,0,0,0,0,0,0,0,0,0,0,1,0,0,0,0,0,0,0,0,0,0,0,0,0,0,0,0,0,0,0,0,0,0,0,0
2009,0,1,0.4666666666666667,0.5,0.4,0.4,0.5,0.6,130.2,153.6,3.6,7.0,1.2223502304147464,1.310589519650655,5.2,6.875,0.5,0.5,0.0,1492.0212687624503,1502.7230571722944,-10.701788409844085,-0.033333333333333326,0.0,-0.09999999999999998,-0.08823928923590851,-1.6749999999999998,0.0,-23.400000000000006,-3.4,0,0,0,0,0,0,0,1,0,0,0,0,0,0,0,0,0,0,0,0,0,0,0,0,1,0,0,0,0,0,0,0,0,0,0,0,0,0,0,0,0,0,0,0,0,0,0,0,0,0,0,0,0,0,0,0,0,0,0,0,0,0,0,0,0,0,1,0,0,0,0,0
2009,1,1,0.5882352941176471,0.7222222222222222,0.8,0.4,0.6,0.7,132.6,141.2,8.0,6.4,1.3818681318681318,1.3290167865707434,7.0,6.833333333333333,0.5,0.5,0.3333333333333333,1527.3803666815347,1558.0448571058678,-30.664490424333053,-0.13398692810457513,0.4,-0.09999999999999998,0.05285134529738844,0.16666666666666696,0.0,-8.599999999999994,1.5999999999999996,0,0,0,1,0,0,0,0,0,0,0,0,0,0,0,0,0,0,0,0,0,0,0,0,0,0,0,1,0,0,0,0,0,0,0,0,0,0,0,0,0,0,0,0,0,0,0,0,0,0,0,0,0,0,0,0,0,0,0,0,0,0,0,0,0,0,0,0,1,0,0,0
2009,0,1,0.2631578947368421,0.4375,0.2,0.4,0.3,0.5,139.4,119.4,5.6,4.8,1.1900532859680284,1.210813762971054,4.947368421052632,5.25,0.0,1.0,0.0,1429.9838672894714,1482.3291936153698,-52.34532632589844,-0.1743421052631579,-0.2,-0.2,-0.020760477003025635,-0.30263157894736814,-1.0,20.0,0.7999999999999998,1,0,0,0,0,0,0,0,0,0,0,0,0,0,1,0,0,0,0,0,0,0,1,0,0,0,0,0,0,0,0,0,0,0,0,0,0,0,0,0,0,0,0,0,0,0,0,1,0,0,0,0,0,0,0,0,0,0,0,0,0,0,0,0,0,0,0,0,0,0,0,0
2009,1,1,0.631578947368421,0.5294117647058824,0.4,0.6,0.6,0.6,137.2,155.8,3.6,7.8,1.3878483325719506,1.3231083844580778,5.894736842105263,7.0,0.5,0.0,1.0,1536.9987628234264,1512.4151323193748,24.583630504051598,0.10216718266253866,-0.19999999999999996,0.0,0.06473994811387285,-1.1052631578947372,0.5,-18.600000000000023,-4.199999999999999,1,0,0,0,0,0,0,0,0,0,0,1,0,0,0,0,0,0,0,0,0,0,0,0,1,0,0,0,0,0,0,0,0,0,0,0,0,0,0,0,0,0,0,0,0,0,0,1,0,0,0,0,0,0,0,0,0,0,0,0,0,0,0,0,0,0,0,0,0,0,0,0
2009,0,0,0.3333333333333333,0.5555555555555556,0.8,0.6,0.4,0.6,154.4,125.4,6.8,7.4,1.3494089834515366,1.368692070030896,5.444444444444445,6.888888888888889,0.5,0.0,0.0,1461.290272665567,1518.2606770533798,-56.97040438781278,-0.22222222222222227,0.20000000000000007,-0.19999999999999996,-0.0192830865793594,-1.4444444444444446,0.5,29.0,-0.6000000000000005,0,0,1,0,0,0,0,0,0,0,0,0,0,0,0,0,0,0,1,0,0,0,0,0,0,0,0,0,0,0,0,0,0,0,0,0,0,0,0,0,0,0,0,0,0,0,0,0,0,0,0,0,0,0,0,0,0,0,0,0,0,0,0,0,0,0,0,0,1,0,0,0
2009,0,0,0.5,0.7368421052631579,0.2,0.6,0.4,0.7,166.6,134.6,6.6,7.2,1.3442899283607248,1.324557421697685,5.95,6.842105263157895,0.5,1.0,0.0,1491.557547499388,1567.1645467340227,-75.60699923463471,-0.23684210526315785,-0.39999999999999997,-0.29999999999999993,0.019732506663039828,-0.8921052631578945,-0.5,32.0,-0.6000000000000005,1,1,0,0,0,0,0,0,0,0,0,0,0,0,0,0,0,0,0,0,0,0,0,0,0,0,0,1,0,0,0,0,0,0,0,0,0,0,0,0,0,0,0,0,0,0,0,0,0,0,0,0,0,0,0,0,0,0,0,0,0,0,0,0,0,0,0,0,1,0,0,0
2009,0,1,0.4117647058823529,0.5,0.4,0.6,0.4,0.5,117.8,150.0,5.0,8.4,1.2057318321392017,1.2975047984644914,5.235294117647059,7.055555555555555,0.5,0.5,0.0,1470.833871051948,1503.121527595778,-32.287656543829826,-0.08823529411764708,-0.19999999999999996,-0.09999999999999998,-0.09177296632528975,-1.8202614379084965,0.0,-32.2,-3.4000000000000004,0,0,0,0,0,0,0,1,0,0,0,0,0,0,0,0,0,0,0,0,0,0,0,0,1,0,0,0,0,0,0,0,0,0,0,0,1,0,0,0,0,0,0,0,0,0,0,0,0,0,0,0,0,0,0,0,0,0,0,0,0,0,0,0,0,0,0,0,0,0,0,0
2009,1,1,0.3,0.65,0.2,0.6,0.4,0.6,141.4,138.6,4.8,4.8,1.187631468237274,1.3637149028077753,5.0,5.95,0.5,0.6666666666666666,0.0,1441.4791898528931,1546.2923675470233,-104.81317769413022,-0.35000000000000003,-0.39999999999999997,-0.19999999999999996,-0.17608343457050135,-0.9500000000000002,-0.16666666666666663,2.8000000000000114,0.0,1,0,0,0,0,0,0,0,0,0,0,0,0,0,1,0,0,0,0,0,0,0,0,0,0,0,1,0,0,0,0,0,0,0,0,0,0,0,0,0,0,0,0,0,0,0,0,1,0,0,0,0,0,0,0,0,0,0,0,0,0,0,0,0,0,0,0,0,0,0,0,0
2009,1,1,0.3157894736842105,0.7,0.8,0.4,0.4,0.6,154.6,121.4,7.0,6.2,1.3413762287756925,1.310374515712441,5.368421052631579,6.75,0.5,0.5,0.0,1452.9154729134204,1555.0221151053772,-102.10664219195678,-0.38421052631578945,0.4,-0.19999999999999996,0.031001713063251612,-1.3815789473684212,0.0,33.19999999999999,0.7999999999999998,0,0,1,0,0,0,0,0,0,0,0,0,0,0,0,0,0,0,0,0,0,0,0,0,0,0,0,1,0,0,0,0,0,0,0,0,0,0,0,0,0,0,0,0,0,0,0,0,0,0,0,0,0,0,0,0,0,0,0,0,0,0,0,0,0,0,1,0,0,0,0,0
2009,0,0,0.5238095238095238,0.5789473684210527,0.4,0.8,0.4,0.7,166.8,138.0,7.0,7.4,1.34375,1.361784675072745,6.095238095238095,7.0,0.5,0.5,0.3333333333333333,1503.6999791280334,1526.6354768055264,-22.935497677493004,-0.05513784461152882,-0.4,-0.29999999999999993,-0.01803467507274492,-0.9047619047619051,0.0,28.80000000000001,-0.40000000000000036,1,1,0,0,0,0,0,0,0,0,0,0,0,0,0,0,0,0,1,0,0,0,0,0,0,0,0,0,0,0,0,0,0,0,0,0,0,0,0,0,0,0,0,0,0,0,0,0,0,0,0,0,0,0,1,0,0,0,0,0,0,0,0,0,0,0,0,0,0,0,0,0
2009,0,1,0.6190476190476191,0.3888888888888889,0.6,0.2,0.5,0.3,145.2,110.6,6.6,5.0,1.351107465135357,1.1989428159538684,6.095238095238095,5.277777777777778,0.5,0.0,0.3333333333333333,1533.3639059635043,1461.7605184630008,71.60338750050346,0.23015873015873017,0.39999999999999997,0.2,0.15216464918148853,0.8174603174603172,0.5,34.599999999999994,1.5999999999999996,1,0,0,0,0,0,0,0,0,0,0,1,0,0,0,0,0,0,0,0,0,0,1,0,0,0,0,0,0,0,0,0,0,0,0,0,0,0,0,0,0,0,0,0,0,0,0,0,0,0,0,0,0,0,0,0,0,0,0,0,0,0,0,0,0,0,1,0,0,0,0,0
2009,0,1,0.3333333333333333,0.5263157894736842,0.4,0.6,0.5,0.5,153.0,154.4,5.2,7.8,1.1867253098760495,1.2904977375565612,5.095238095238095,7.0,0.5,0.5,0.5,1454.4076514364122,1512.1948801847252,-57.787228748313055,-0.19298245614035087,-0.19999999999999996,0.0,-0.10377242768051165,-1.904761904761905,0.0,-1.4000000000000057,-2.5999999999999996,1,0,0,0,0,0,0,0,0,0,0,0,0,0,1,0,0,0,0,0,0,0,0,0,1,0,0,0,0,0,0,0,0,0,0,0,0,0,0,0,0,0,0,0,0,0,0,0,0,0,0,0,0,0,1,0,0,0,0,0,0,0,0,0,0,0,0,0,0,0,0,0
2009,1,1,0.5454545454545454,0.3,0.6,0.6,0.5,0.4,170.2,162.0,7.2,6.4,1.341854254101488,1.3306519898391194,6.181818181818182,5.45,0.5,0.5,0.3333333333333333,1514.3591585692175,1445.7725533931646,68.5866051760529,0.24545454545454543,0.0,0.09999999999999998,0.011202264262368589,0.7318181818181815,0.0,8.199999999999989,0.7999999999999998,1,1,0,0,0,0,0,0,0,0,0,0,0,0,0,0,0,1,0,0,0,0,0,0,0,0,0,0,0,0,0,0,0,0,0,0,1,0,0,0,0,0,0,0,0,0,0,0,0,0,0,0,0,0,0,0,0,0,0,0,0,0,0,0,0,0,0,0,0,0,0,0
2009,1,0,0.6363636363636364,0.7142857142857143,0.8,0.4,0.5,0.6,144.4,117.0,7.0,6.2,1.344773790951638,1.3030674846625767,5.954545454545454,6.666666666666667,0.5,0.5,0.6666666666666666,1541.3316855344335,1562.165034625633,-20.83334909119958,-0.07792207792207795,0.4,-0.09999999999999998,0.041706306289061246,-0.7121212121212128,0.0,27.400000000000006,0.7999999999999998,0,0,0,0,0,0,0,0,0,0,0,1,0,0,0,0,0,0,0,0,0,0,0,0,0,0,0,1,0,0,0,0,0,0,0,0,0,0,0,0,0,0,0,0,0,0,0,1,0,0,0,0,0,0,0,0,0,0,0,0,0,0,0,0,0,0,0,0,0,0,0,0
2009,0,1,0.55,0.3684210526315789,0.6,0.2,0.6,0.2,155.4,121.0,8.0,5.4,1.352725606962895,1.2014519056261344,7.15,5.2105263157894735,1.0,0.5,0.0,1515.9762973643424,1453.7927388920716,62.18355847227076,0.18157894736842112,0.39999999999999997,0.39999999999999997,0.15127370133676066,1.939473684210527,0.5,34.400000000000006,2.5999999999999996,1,0,0,1,0,0,0,0,0,0,0,0,0,0,0,0,0,0,0,0,0,0,1,0,0,0,0,0,0,0,0,0,0,0,0,0,0,0,0,0,0,0,0,0,0,0,0,1,0,0,0,0,0,0,0,0,0,0,0,0,0,0,0,0,0,0,0,0,0,0,0,0
2009,1,1,0.2857142857142857,0.5,0.4,0.4,0.4,0.4,145.2,151.2,5.4,6.6,1.3220546269873623,1.286878216123499,5.333333333333333,6.7,0.0,0.5,0.6666666666666666,1437.7213848048984,1500.546799592797,-62.82541478789858,-0.2142857142857143,0.0,0.0,0.03517641086386325,-1.3666666666666671,-0.5,-6.0,-1.1999999999999993,1,0,1,0,0,0,0,0,0,0,0,0,0,0,0,0,0,0,0,0,0,0,0,0,1,0,0,0,0,0,0,0,0,0,0,0,0,0,0,0,0,0,0,0,0,0,0,0,0,0,0,0,0,0,0,0,0,0,0,0,0,0,0,0,0,0,0,0,1,0,0,0
2009,0,0,0.36363636363636365,0.7272727272727273,0.6,0.6,0.5,0.6,151.0,147.6,4.8,6.2,1.1914405808177302,1.3223043985986764,5.045454545454546,6.7272727272727275,0.5,0.5,0.3333333333333333,1466.0557320283403,1571.5661202812992,-105.51038825295882,-0.36363636363636365,0.0,-0.09999999999999998,-0.13086381778094625,-1.6818181818181817,0.0,3.4000000000000057,-1.4000000000000004,0,0,0,0,0,0,0,0,0,0,0,0,0,0,1,0,0,0,0,0,0,0,0,0,0,0,0,1,0,0,0,0,0,0,0,0,0,0,0,0,0,0,0,0,0,0,0,0,0,0,0,0,0,0,0,0,0,0,0,0,0,0,0,0,0,0,0,0,1,0,0,0
2009,1,1,0.5652173913043478,0.6086956521739131,0.6,0.6,0.6,0.5,170.0,136.4,7.2,6.0,1.3460837887067396,1.3302377414561664,6.3478260869565215,5.869565217391305,1.0,0.5,1.0,1522.4103271574836,1531.9305998787675,-9.520272721283845,-0.0434782608695653,0.0,0.09999999999999998,0.01584604725057326,0.47826086956521685,0.5,33.599999999999994,1.2000000000000002,1,1,0,0,0,0,0,0,0,0,0,0,0,0,0,0,0,0,0,0,0,0,0,0,0,0,1,0,0,0,0,0,0,0,0,0,0,0,0,0,0,0,0,0,0,0,0,0,0,0,0,0,0,0,0,0,0,0,0,0,0,0,0,0,0,0,0,0,1,0,0,0
2009,0,1,0.5714285714285714,0.47619047619047616,0.6,0.4,0.7,0.4,149.0,145.2,6.8,6.0,1.3527620704654197,1.2747655931512434,6.9523809523809526,6.666666666666667,0.5,1.0,0.5,1524.2053799013622,1488.7579932684546,35.44738663290764,0.09523809523809523,0.19999999999999996,0.29999999999999993,0.07799647731417636,0.2857142857142856,-0.5,3.8000000000000114,0.7999999999999998,1,0,0,1,0,0,0,0,0,0,0,0,0,0,0,0,0,0,0,0,0,0,0,0,1,0,0,0,0,0,0,0,0,0,0,0,1,0,0,0,0,0,0,0,0,0,0,0,0,0,0,0,0,0,0,0,0,0,0,0,0,0,0,0,0,0,0,0,0,0,0,0
2009,0,0,0.3181818181818182,0.5833333333333334,0.4,0.4,0.5,0.4,140.6,143.4,5.6,5.2,1.3147070236709353,1.3396361041740992,5.454545454545454,5.75,0.5,0.5,0.0,1449.5101911292409,1521.656652963593,-72.14646183435207,-0.2651515151515152,0.0,0.09999999999999998,-0.024929080503163892,-0.29545454545454586,0.0,-2.8000000000000114,0.39999999999999947,0,0,1,0,0,0,0,0,0,0,0,0,0,0,0,0,0,0,0,0,0,0,0,0,0,0,1,0,0,0,0,0,0,0,0,0,0,1,0,0,0,0,0,0,0,0,0,0,0,0,0,0,0,0,0,0,0,0,0,0,0,0,0,0,0,0,0,0,0,0,0,0
2009,0,1,0.5833333333333334,0.7391304347826086,0.8,0.8,0.6,0.6,171.0,146.6,6.8,7.0,1.3594954449894885,1.3163035311795643,6.208333333333333,6.869565217391305,0.5,0.5,0.25,1532.6842740726581,1578.619323116414,-45.93504904375595,-0.15579710144927528,0.0,0.0,0.043191913809924154,-0.6612318840579716,0.0,24.400000000000006,-0.20000000000000018,1,1,0,0,0,0,0,0,0,0,0,0,0,0,0,0,0,0,0,0,0,0,0,0,0,0,0,1,0,0,0,0,0,0,0,0,0,1,0,0,0,0,0,0,0,0,0,0,0,0,0,0,0,0,0,0,0,0,0,0,0,0,0,0,0,0,0,0,0,0,0,0
2009,0,1,0.34782608695652173,0.45454545454545453,0.6,0.2,0.4,0.4,138.4,131.0,4.8,4.8,1.175419401896426,1.2555168408826944,4.956521739130435,6.5,0.0,1.0,0.6666666666666666,1459.0025291932254,1479.7747257040498,-20.772196510824415,-0.1067193675889328,0.39999999999999997,0.0,-0.08009743898626853,-1.5434782608695654,-1.0,7.400000000000006,0.0,0,0,0,0,0,0,0,0,0,0,0,0,0,0,1,0,0,0,0,0,0,0,0,0,1,0,0,0,0,0,0,0,0,0,0,0,0,0,0,0,0,0,0,0,0,0,0,0,0,0,0,0,0,0,0,0,0,0,0,0,0,0,0,0,0,0,1,0,0,0,0,0
2009,1,0,0.5909090909090909,0.35,0.6,0.0,0.7,0.2,142.6,136.0,7.4,4.4,1.336092715231788,1.2036082474226804,7.090909090909091,5.0,0.0,0.5,0.5,1533.188647465767,1445.5636563550518,87.6249911107152,0.24090909090909096,0.6,0.49999999999999994,0.13248446780910772,2.090909090909091,-0.5,6.599999999999994,3.0,1,0,0,1,0,0,0,0,0,0,0,0,0,0,0,0,0,0,0,0,0,0,1,0,0,0,0,0,0,0,0,0,0,0,0,0,0,0,0,0,0,0,0,0,0,0,0,0,0,0,0,0,0,0,1,0,0,0,0,0,0,0,0,0,0,0,0,0,0,0,0,0
2009,1,1,0.30434782608695654,0.7083333333333334,0.2,0.6,0.5,0.6,140.4,145.2,5.8,6.2,1.3160621761658031,1.3089080459770115,5.521739130434782,6.708333333333333,0.0,0.0,0.0,1441.5573921781356,1567.304856148059,-125.74746396992327,-0.40398550724637683,-0.39999999999999997,-0.09999999999999998,0.00715413018879163,-1.1865942028985508,0.0,-4.799999999999983,-0.40000000000000036,1,0,1,0,0,0,0,0,0,0,0,0,0,0,0,0,0,0,0,0,0,0,0,0,0,0,0,1,0,0,0,0,0,0,0,0,0,1,0,0,0,0,0,0,0,0,0,0,0,0,0,0,0,0,0,0,0,0,0,0,0,0,0,0,0,0,0,0,0,0,0,0
2009,1,0,0.3333333333333333,0.3333333333333333,0.6,0.0,0.4,0.2,136.8,141.6,4.4,3.8,1.1721254355400696,1.1919315403422983,4.833333333333333,4.904761904761905,0.0,0.5,0.3333333333333333,1449.599689719836,1438.033559065396,11.56613065444003,0.0,0.6,0.2,-0.019806104802228663,-0.07142857142857206,-0.5,-4.799999999999983,0.6000000000000005,1,0,0,0,0,0,0,0,0,0,0,0,0,0,1,0,0,0,0,0,0,0,1,0,0,0,0,0,0,0,0,0,0,0,0,0,0,0,0,0,0,0,0,0,0,0,0,0,0,0,0,0,0,0,0,0,0,0,0,0,0,0,0,0,0,0,0,0,1,0,0,0
2009,1,1,0.6,0.4782608695652174,0.4,0.4,0.5,0.5,153.4,139.2,4.8,4.6,1.3415384615384616,1.2546125461254614,5.72,6.521739130434782,0.0,0.0,1.0,1529.6094519146982,1489.1775651774392,40.43188673725899,0.12173913043478257,0.0,0.0,0.08692591541300021,-0.8017391304347825,0.0,14.200000000000017,0.20000000000000018,0,0,0,0,0,0,0,0,0,0,0,1,0,0,0,0,0,0,0,0,0,0,0,0,1,0,0,0,0,0,0,0,0,0,0,0,0,0,0,0,0,0,0,0,0,0,0,0,0,0,0,0,0,0,0,0,0,0,0,0,0,0,0,0,0,0,0,0,1,0,0,0
2009,1,0,0.3333333333333333,0.6086956521739131,0.4,0.8,0.6,0.7,144.0,139.0,7.0,8.0,1.318455543747786,1.328446909667195,5.708333333333333,7.130434782608695,1.0,1.0,0.0,1455.0265237410058,1540.7187447554227,-85.69222101441687,-0.27536231884057977,-0.4,-0.09999999999999998,-0.009991365919408857,-1.4221014492753623,0.0,5.0,-1.0,0,0,1,0,0,0,0,0,0,0,0,0,0,0,0,0,0,0,1,0,0,0,0,0,0,0,0,0,0,0,0,0,0,0,0,0,0,0,0,0,0,0,0,0,0,0,0,1,0,0,0,0,0,0,0,0,0,0,0,0,0,0,0,0,0,0,0,0,0,0,0,0
2009,0,1,0.36,0.6,0.6,1.0,0.4,0.6,143.4,166.2,4.0,7.4,1.182364729458918,1.353872053872054,4.8,6.24,0.6666666666666666,0.0,0.3333333333333333,1459.2669126409246,1543.9987410410133,-84.73182840008872,-0.24,-0.4,-0.19999999999999996,-0.171507324413136,-1.4400000000000004,0.6666666666666666,-22.799999999999983,-3.4000000000000004,1,0,0,0,0,0,0,0,0,0,0,0,0,0,1,0,1,0,0,0,0,0,0,0,0,0,0,0,0,0,0,0,0,0,0,0,0,0,0,0,0,0,0,0,0,0,0,1,0,0,0,0,0,0,0,0,0,0,0,0,0,0,0,0,0,0,0,0,0,0,0,0
2009,0,1,0.5,0.68,0.4,0.6,0.5,0.5,134.0,142.6,5.2,6.6,1.251599147121535,1.293732782369146,6.625,6.72,0.0,1.0,0.5,1500.3360634775768,1553.8357245851887,-53.49966110761193,-0.18000000000000005,-0.19999999999999996,0.0,-0.042133635247610934,-0.09499999999999975,-1.0,-8.599999999999994,-1.3999999999999995,0,0,0,0,0,0,0,0,0,1,0,0,0,0,0,0,0,0,0,0,0,0,0,0,0,0,0,1,0,0,0,0,0,0,0,0,0,0,0,0,0,0,0,0,0,0,0,1,0,0,0,0,0,0,0,0,0,0,0,0,0,0,0,0,0,0,0,0,0,0,0,0
2009,0,0,0.625,0.5769230769230769,0.8,0.4,0.8,0.5,143.6,149.8,8.2,3.4,1.330566037735849,1.323404255319149,7.25,5.576923076923077,0.5,0.5,0.3333333333333333,1548.3011493320876,1518.4509536145606,29.850195717526958,0.04807692307692313,0.4,0.30000000000000004,0.007161782416700069,1.6730769230769234,0.0,-6.200000000000017,4.799999999999999,0,0,0,1,0,0,0,0,0,0,0,0,0,0,0,0,0,0,0,0,0,0,0,0,0,0,1,0,0,0,0,0,0,0,0,0,0,0,0,0,0,0,0,0,0,0,0,0,0,0,0,0,0,0,0,0,1,0,0,0,0,0,0,0,0,0,0,0,0,0,0,0
2009,0,1,0.5769230769230769,0.48,0.8,0.4,0.6,0.4,159.2,132.8,7.2,6.4,1.343476853350599,1.2461747704862292,6.3076923076923075,6.64,1.0,1.0,0.3333333333333333,1531.607189648043,1491.863851323453,39.74333832459001,0.09692307692307689,0.4,0.19999999999999996,0.09730208286436981,-0.3323076923076922,0.0,26.399999999999977,0.7999999999999998,1,1,0,0,0,0,0,0,0,0,0,0,0,0,0,0,0,0,0,0,0,0,0,0,1,0,0,0,0,0,0,0,0,0,0,0,0,0,0,0,0,0,0,0,0,0,0,0,0,0,0,0,0,0,0,0,0,0,0,0,0,0,0,0,0,0,1,0,0,0,0,0
2009,1,0,0.32,0.3181818181818182,0.4,0.0,0.5,0.2,148.0,148.4,7.0,3.6,1.3180583842498304,1.2017067494181537,5.76,4.863636363636363,0.5,0.0,0.3333333333333333,1447.444119164341,1428.3663361443075,19.077783020033394,0.0018181818181818299,0.4,0.3,0.11635163483167665,0.8963636363636365,0.5,-0.4000000000000057,3.4,1,0,1,0,0,0,0,0,0,0,0,0,0,0,0,0,0,0,0,0,0,0,1,0,0,0,0,0,0,0,0,0,0,0,0,0,0,0,0,0,0,0,0,0,0,0,0,0,0,0,0,0,0,0,1,0,0,0,0,0,0,0,0,0,0,0,0,0,0,0,0,0
2009,1,0,0.34615384615384615,0.5925925925925926,0.6,0.4,0.5,0.6,161.2,143.6,7.4,4.6,1.3188925081433225,1.3112999685237645,5.730769230769231,5.703703703703703,1.0,0.5,0.0,1456.8955676382277,1529.308003570612,-72.41243593238437,-0.24643874643874641,0.19999999999999996,-0.09999999999999998,0.00759253961955797,0.02706552706552756,0.5,17.599999999999994,2.8000000000000007,0,0,1,0,0,0,0,0,0,0,0,0,0,0,0,0,0,0,0,0,0,0,0,0,0,0,1,0,0,0,0,0,0,0,0,0,0,0,0,0,0,0,0,0,0,0,0,0,0,0,0,0,0,0,1,0,0,0,0,0,0,0,0,0,0,0,0,0,0,0,0,0
2009,1,1,0.6,0.6923076923076923,0.8,0.6,0.7,0.5,138.6,143.2,7.0,7.6,1.3129276197335253,1.2886393659180977,7.12,6.846153846153846,0.0,0.5,0.25,1537.444099376036,1562.3079367393125,-24.86383736327639,-0.09230769230769231,0.20000000000000007,0.19999999999999996,0.02428825381542765,0.2738461538461543,-0.5,-4.599999999999994,-0.5999999999999996,1,0,0,1,0,0,0,0,0,0,0,0,0,0,0,0,0,0,0,0,0,0,0,0,0,0,0,1,0,0,0,0,0,0,0,0,0,0,0,0,0,0,0,0,0,0,0,0,0,0,0,0,0,0,0,0,1,0,0,0,0,0,0,0,0,0,0,0,0,0,0,0
2009,1,1,0.5925925925925926,0.30434782608695654,0.8,0.0,0.7,0.1,156.8,152.6,6.6,3.2,1.3402929261452166,1.2057735011102886,6.2592592592592595,4.826086956521739,1.0,0.0,1.0,1540.4682478474645,1418.9148876704207,121.55336017704371,0.288244766505636,0.8,0.6,0.13451942503492798,1.4331723027375203,1.0,4.200000000000017,3.3999999999999995,0,1,0,0,0,0,0,0,0,0,0,0,0,0,0,0,0,0,0,0,0,0,1,0,0,0,0,0,0,0,0,0,0,0,0,0,0,0,0,0,0,0,0,0,0,0,0,0,0,0,0,0,0,0,0,0,0,0,0,0,0,0,0,0,0,0,0,0,1,0,0,0
2009,0,1,0.38461538461538464,0.6153846153846154,0.6,0.8,0.5,0.7,140.8,137.2,4.6,8.2,1.178812199036918,1.3085143054119268,5.0,7.1923076923076925,1.0,0.5,0.0,1471.658464033895,1548.1585189513637,-76.50005491746879,-0.23076923076923078,-0.20000000000000007,-0.19999999999999996,-0.12970210637500879,-2.1923076923076925,0.5,3.6000000000000227,-3.5999999999999996,1,0,0,0,0,0,0,0,0,0,0,0,0,0,1,0,0,0,1,0,0,0,0,0,0,0,0,0,0,0,0,0,0,0,0,0,0,0,0,0,0,0,0,0,0,0,0,0,0,0,0,0,0,0,1,0,0,0,0,0,0,0,0,0,0,0,0,0,0,0,0,0
2009,1,0,0.3333333333333333,0.6666666666666666,0.2,0.4,0.2,0.5,159.8,128.2,3.0,6.6,1.2210414452709883,1.2798732171156895,4.75,6.703703703703703,0.3333333333333333,1.0,0.0,1432.2773898792652,1551.5935171639849,-119.31612728471964,-0.3333333333333333,-0.2,-0.3,-0.05883177184470112,-1.9537037037037033,-0.6666666666666667,31.600000000000023,-3.5999999999999996,1,0,0,0,0,0,0,1,0,0,0,0,0,0,0,0,0,0,0,0,0,0,0,0,0,0,0,1,0,0,0,0,0,0,0,0,0,0,0,0,0,0,0,0,0,0,0,1,0,0,0,0,0,0,0,0,0,0,0,0,0,0,0,0,0,0,0,0,0,0,0,0
2009,1,1,0.5714285714285714,0.6071428571428571,0.6,0.6,0.6,0.6,158.8,143.8,5.2,5.4,1.3448172558418214,1.3018468059339994,6.142857142857143,5.785714285714286,0.0,0.4,1.0,1527.10574563862,1537.2534691606966,-10.147723522076603,-0.0357142857142857,0.0,0.0,0.04297044990782206,0.35714285714285765,-0.4,15.0,-0.20000000000000018,1,1,0,0,0,0,0,0,0,0,0,0,0,0,0,0,0,0,0,0,0,0,0,0,0,0,1,0,0,0,0,0,0,0,0,0,0,0,0,0,0,0,0,0,0,0,0,1,0,0,0,0,0,0,0,0,0,0,0,0,0,0,0,0,0,0,0,0,0,0,0,0
2009,1,0,0.5925925925925926,0.46153846153846156,0.6,0.4,0.6,0.4,140.4,137.0,6.8,5.8,1.2996031746031746,1.2445315050603982,7.037037037037037,6.5,0.5,0.5,0.6666666666666666,1535.99157649251,1483.0027931240315,52.98878336847838,0.131054131054131,0.19999999999999996,0.19999999999999996,0.055071669542776425,0.5370370370370372,0.0,3.4000000000000057,1.0,1,0,0,1,0,0,0,0,0,0,0,0,0,0,0,0,0,0,0,0,0,0,0,0,1,0,0,0,0,0,0,0,0,0,0,0,0,0,0,0,0,0,0,0,0,0,0,0,0,0,0,0,0,0,0,0,0,0,0,0,0,0,0,0,0,0,0,0,1,0,0,0
2009,1,1,0.4074074074074074,0.3333333333333333,0.6,0.4,0.6,0.4,137.8,158.8,5.2,7.2,1.1782729805013927,1.3093299937382592,5.074074074074074,5.777777777777778,0.5,0.5,0.6666666666666666,1483.8254064927487,1448.9501020481432,34.87530444460549,0.07407407407407407,0.19999999999999996,0.19999999999999996,-0.13105701323686647,-0.7037037037037033,0.0,-21.0,-2.0,1,0,0,0,0,0,0,0,0,0,0,0,0,0,1,0,0,1,0,0,0,0,0,0,0,0,0,0,0,0,0,0,0,0,0,0,0,0,0,0,0,0,0,0,0,0,0,0,0,0,0,0,0,0,0,0,0,0,0,0,0,0,0,0,0,0,0,0,1,0,0,0
2009,0,0,0.6071428571428571,0.32142857142857145,0.6,0.4,0.7,0.3,148.6,156.8,6.8,6.6,1.3069559668155712,1.3072289156626506,7.071428571428571,5.714285714285714,0.6666666666666666,0.3333333333333333,1.0,1544.4781528895408,1439.950536135783,104.52761675375768,0.28571428571428564,0.19999999999999996,0.39999999999999997,-0.0002729488470794017,1.3571428571428568,0.3333333333333333,-8.200000000000017,0.20000000000000018,0,0,0,1,0,0,0,0,0,0,0,0,0,0,0,0,0,1,0,0,0,0,0,0,0,0,0,0,0,0,0,0,0,0,0,0,0,0,0,0,0,0,0,0,0,0,0,0,0,0,0,0,0,0,0,0,0,0,0,0,0,0,0,0,0,0,0,0,1,0,0,0
2009,1,0,0.42857142857142855,0.5862068965517241,0.8,0.6,0.7,0.7,150.8,145.0,5.8,6.2,1.18645584725537,1.3309248554913296,5.107142857142857,6.206896551724138,1.0,1.0,0.5,1492.8249724051088,1537.397737574098,-44.572765168989235,-0.15763546798029554,0.20000000000000007,0.0,-0.14446900823595965,-1.0997536945812811,0.0,5.800000000000011,-0.40000000000000036,1,0,0,0,0,0,0,0,0,0,0,0,0,0,1,0,1,0,0,0,0,0,0,0,0,0,0,0,0,0,0,0,0,0,0,0,0,0,0,0,0,0,0,0,0,0,0,0,0,0,0,0,0,0,1,0,0,0,0,0,0,0,0,0,0,0,0,0,0,0,0,0
2009,1,0,0.4482758620689655,0.3448275862068966,1.0,0.4,0.8,0.4,152.4,154.4,6.4,6.2,1.1900778771271994,1.3094405594405594,5.103448275862069,5.793103448275862,1.0,0.5,0.75,1504.1008874937356,1452.8714816685151,51.22940582522051,0.10344827586206895,0.6,0.4,-0.11936268231336,-0.6896551724137927,0.5,-2.0,0.20000000000000018,0,0,0,0,0,0,0,0,0,0,0,0,0,0,1,0,0,1,0,0,0,0,0,0,0,0,0,0,0,0,0,0,0,0,0,0,0,0,0,0,0,0,0,0,0,0,0,0,0,0,0,0,0,0,1,0,0,0,0,0,0,0,0,0,0,0,0,0,0,0,0,0
2009,1,0,0.36666666666666664,0.36,0.6,0.4,0.5,0.2,150.8,149.4,6.6,4.6,1.3032602585722315,1.2063222297756628,5.9,4.92,1.0,0.5,0.5,1464.3353886502741,1445.5826567281356,18.752731922138537,0.006666666666666654,0.19999999999999996,0.3,0.09693802879656865,0.9800000000000004,0.5,1.4000000000000057,2.0,0,0,1,0,0,0,0,0,0,0,0,0,0,0,0,0,0,0,0,0,0,0,1,0,0,0,0,0,0,0,0,0,0,0,0,0,0,0,1,0,0,0,0,0,0,0,0,0,0,0,0,0,0,0,0,0,0,0,0,0,0,0,0,0,0,0,0,0,0,0,0,0
2009,1,1,0.4444444444444444,0.6428571428571429,0.4,0.2,0.3,0.5,146.8,127.0,6.4,5.8,1.2451471509079524,1.262660158633313,6.481481481481482,6.678571428571429,0.5,0.5,0.3333333333333333,1474.5162167270007,1538.2882503151145,-63.7720335881138,-0.19841269841269848,0.2,-0.2,-0.017513007725360685,-0.19708994708994698,0.0,19.80000000000001,0.6000000000000005,1,0,0,0,0,0,0,0,0,1,0,0,0,0,0,0,0,0,0,0,0,0,0,0,0,0,0,1,0,0,0,0,0,0,0,1,0,0,0,0,0,0,0,0,0,0,0,0,0,0,0,0,0,0,0,0,0,0,0,0,0,0,0,0,0,0,0,0,0,0,0,0
2009,0,0,0.5862068965517241,0.5862068965517241,0.6,0.4,0.5,0.6,127.4,144.6,6.6,5.6,1.2819614711033276,1.3037741638539428,5.896551724137931,6.9655172413793105,0.8571428571428571,0.0,0.75,1526.9614772252185,1531.5572073568087,-4.595730131590244,0.0,0.19999999999999996,-0.09999999999999998,-0.02181269275061526,-1.06896551724138,0.8571428571428571,-17.19999999999999,1.0,0,0,0,0,0,0,0,0,0,0,0,1,0,0,0,0,0,0,1,0,0,0,0,0,0,0,0,0,0,0,0,0,0,0,0,0,0,0,0,0,0,0,0,0,0,0,0,0,0,0,0,0,0,0,0,0,0,0,1,0,0,0,0,0,0,0,0,0,0,0,0,0
2009,1,0,0.38461538461538464,0.43333333333333335,0.6,0.8,0.3,0.7,157.0,144.6,5.4,6.8,1.2088628217660475,1.1881270903010033,5.0,5.133333333333334,0.5714285714285714,0.0,0.5,1456.1218802077806,1492.6369805119766,-36.51510030419604,-0.04871794871794871,-0.20000000000000007,-0.39999999999999997,0.02073573146504426,-0.13333333333333375,0.5714285714285714,12.400000000000006,-1.3999999999999995,1,0,0,0,0,0,0,1,0,0,0,0,0,0,0,0,0,0,0,0,0,0,0,0,0,0,0,0,0,1,0,0,0,0,0,0,0,0,0,0,0,1,0,0,0,0,0,0,0,0,0,0,0,0,0,0,0,0,0,0,0,0,0,0,0,0,0,0,0,0,0,0
2009,0,1,0.5666666666666667,0.3548387096774194,0.4,0.4,0.7,0.5,146.0,147.6,5.6,6.4,1.3259838124476695,1.2990502035278155,6.133333333333334,5.838709677419355,0.42857142857142855,1.0,0.5,1526.1218224854713,1453.7961651706291,72.32565731484215,0.21182795698924728,0.0,0.19999999999999996,0.02693360891985397,0.29462365591397877,-0.5714285714285714,-1.5999999999999943,-0.8000000000000007,0,1,0,0,0,0,0,0,0,0,0,0,0,0,0,0,0,1,0,0,0,0,0,0,0,0,0,0,0,0,0,0,0,0,0,0,0,0,0,0,0,0,0,0,0,0,0,0,0,1,0,0,0,0,0,0,0,0,0,0,0,0,0,0,0,0,0,0,0,0,0,0
2009,0,0,0.6206896551724138,0.6,0.2,0.6,0.4,0.7,140.6,149.8,6.6,6.6,1.2774022920952102,1.3002958579881656,6.689655172413793,7.033333333333333,0.5,0.5,0.6,1526.473082845855,1541.42493932482,-14.951856478964828,0.020689655172413834,-0.39999999999999997,-0.29999999999999993,-0.022893565892955436,-0.3436781609195405,0.0,-9.200000000000017,0.0,0,0,0,0,0,0,0,0,0,0,0,0,1,0,0,0,0,0,1,0,0,0,0,0,0,0,0,0,0,0,0,0,0,0,0,0,0,0,0,0,0,0,0,0,0,0,0,0,0,0,0,0,0,0,0,0,0,0,0,0,1,0,0,0,0,0,0,0,0,0,0,0
2009,0,1,0.41935483870967744,0.5666666666666667,0.6,0.4,0.6,0.4,145.2,122.0,5.4,6.6,1.18544474393531,1.2768234300197128,5.064516129032258,5.866666666666666,0.14285714285714285,1.0,0.25,1481.5898440850956,1517.0937452572073,-35.50390117211168,-0.14731182795698922,0.19999999999999996,0.19999999999999996,-0.0913786860844028,-0.8021505376344082,-0.8571428571428572,23.19999999999999,-1.1999999999999993,1,0,0,0,0,0,0,0,0,0,0,0,0,0,1,0,0,0,0,0,0,0,0,0,0,0,1,0,0,0,0,0,0,0,0,0,0,0,0,0,0,0,0,0,0,0,0,0,1,0,0,0,0,0,0,0,0,0,0,0,0,0,0,0,0,0,0,0,0,0,0,0
2009,0,1,0.4074074074074074,0.5483870967741935,0.8,0.4,0.4,0.6,149.6,152.0,6.0,4.8,1.2056426332288401,1.3248785752833243,5.074074074074074,6.064516129032258,0.625,1.0,0.3333333333333333,1467.1690166346616,1514.069680457405,-46.900663822743354,-0.14097968936678612,0.4,-0.19999999999999996,-0.11923594205448418,-0.9904420549581836,-0.375,-2.4000000000000057,1.2000000000000002,0,0,0,0,0,0,0,1,0,0,0,0,0,0,0,0,1,0,0,0,0,0,0,0,0,0,0,0,0,0,0,0,0,0,0,0,0,0,0,0,0,1,0,0,0,0,0,0,0,0,0,0,0,0,0,0,0,0,0,0,0,0,0,0,0,0,0,0,0,0,0,0
2009,1,0,0.6129032258064516,0.4642857142857143,0.6,0.4,0.7,0.4,148.2,157.8,6.0,6.4,1.3011184399197018,1.2606078844417694,7.0,6.5,0.6666666666666666,0.0,0.75,1550.994855774347,1486.3313841962602,64.66347157808673,0.14861751152073732,0.19999999999999996,0.29999999999999993,0.040510555477932364,0.5,0.6666666666666666,-9.600000000000023,-0.40000000000000036,0,0,0,1,0,0,0,0,0,0,0,0,0,0,0,0,0,0,0,0,0,0,0,0,1,0,0,0,0,0,0,0,0,0,0,0,0,0,0,0,0,0,1,0,0,0,0,0,0,0,0,0,0,0,0,0,0,0,0,0,0,0,0,0,0,0,0,0,0,0,0,0
2009,1,0,0.4375,0.6,0.6,0.2,0.6,0.4,159.0,146.2,4.6,6.0,1.202194357366771,1.272108843537415,5.0,6.6,0.25,1.0,0.25,1492.6081862981553,1516.903166396328,-24.2949800981728,-0.16249999999999998,0.39999999999999997,0.19999999999999996,-0.069914486170644,-1.5999999999999996,-0.75,12.800000000000011,-1.4000000000000004,1,0,0,0,0,0,0,0,0,0,0,0,0,0,1,0,0,0,0,0,0,0,0,0,0,0,0,1,0,0,0,0,0,0,0,0,0,0,0,0,0,0,0,0,0,0,0,0,1,0,0,0,0,0,0,0,0,0,0,0,0,0,0,0,0,0,0,0,0,0,0,0
2009,1,1,0.59375,0.5625,0.6,0.4,0.6,0.6,145.4,154.6,6.8,5.8,1.2972144846796658,1.3258426966292134,7.0,6.1875,0.5714285714285714,1.0,0.5,1539.154887638701,1522.7279111136625,16.426976525038526,0.03125,0.19999999999999996,0.0,-0.028628211949547566,0.8125,-0.4285714285714286,-9.199999999999989,1.0,0,0,0,1,0,0,0,0,0,0,0,0,0,0,0,0,1,0,0,0,0,0,0,0,0,0,0,0,0,0,0,0,0,0,0,0,0,0,0,0,0,0,1,0,0,0,0,0,0,0,0,0,0,0,0,0,0,0,0,0,0,0,0,0,0,0,0,0,0,0,0,0
2009,0,0,0.375,0.5483870967741935,0.6,0.4,0.5,0.4,159.0,138.8,6.8,6.6,1.304245283018868,1.286878565607172,5.9375,5.741935483870968,0.5,0.5,0.0,1465.8483071986955,1506.0754030441476,-40.22709584545214,-0.1733870967741935,0.19999999999999996,0.09999999999999998,0.017366717411696042,0.19556451612903203,0.0,20.19999999999999,0.20000000000000018,1,0,1,0,0,0,0,0,0,0,0,0,0,0,0,0,0,0,0,0,0,0,0,0,0,0,1,0,0,0,0,0,1,0,0,0,0,0,0,0,0,0,0,0,0,0,0,0,0,0,0,0,0,0,0,0,0,0,0,0,0,0,0,0,0,0,0,0,0,0,0,0
2009,1,1,0.5806451612903226,0.39285714285714285,0.0,0.8,0.3,0.4,135.6,139.4,4.0,5.8,1.254107338444688,1.1952251435478998,6.387096774193548,5.0,0.0,0.5,0.6666666666666666,1506.2050381731387,1458.510785978404,47.694252194734645,0.18778801843317977,-0.8,-0.10000000000000003,0.05888219489678814,1.387096774193548,-0.5,-3.8000000000000114,-1.7999999999999998,1,0,0,0,0,0,0,0,0,0,0,0,1,0,0,0,0,0,0,0,0,0,1,0,0,0,0,0,0,0,0,0,0,0,0,0,0,0,0,0,0,0,0,0,0,0,0,0,0,0,0,0,0,0,0,0,0,0,0,0,1,0,0,0,0,0,0,0,0,0,0,0
2009,1,1,0.4827586206896552,0.45454545454545453,0.4,0.6,0.4,0.7,177.0,143.6,6.4,5.4,1.277391304347826,1.2041549115157733,6.586206896551724,5.151515151515151,1.0,0.5,0.5,1498.171352331906,1503.3063145213446,-5.134962189438511,0.028213166144200663,-0.19999999999999996,-0.29999999999999993,0.07323639283205274,1.4346917450365728,0.5,33.400000000000006,1.0,0,0,0,0,0,0,0,0,0,1,0,0,0,0,0,0,0,0,0,0,0,0,0,0,0,0,0,0,0,1,0,0,0,0,0,1,0,0,0,0,0,0,0,0,0,0,0,0,0,0,0,0,0,0,0,0,0,0,0,0,0,0,0,0,0,0,0,0,0,0,0,0
2009,1,1,0.3939393939393939,0.5757575757575758,0.8,0.4,0.6,0.5,161.4,149.2,7.6,6.2,1.3073406146812294,1.303364737550471,6.0,6.9393939393939394,1.0,0.5,0.2,1477.0009898559233,1528.6824332461583,-51.68144339023502,-0.18181818181818188,0.4,0.09999999999999998,0.00397587713075831,-0.9393939393939394,0.5,12.200000000000017,1.3999999999999995,1,0,1,0,0,0,0,0,0,0,0,0,0,0,0,0,0,0,1,0,0,0,0,0,0,0,0,0,0,0,0,0,1,0,0,0,0,0,0,0,0,0,0,0,0,0,0,0,0,0,0,0,0,0,0,0,0,0,0,0,0,0,0,0,0,0,0,0,0,0,0,0
2009,0,1,0.4666666666666667,0.3793103448275862,0.4,0.6,0.4,0.4,178.6,128.4,5.6,6.6,1.2753217683268048,1.1921282798833819,6.466666666666667,5.068965517241379,0.5,0.5,1.0,1488.3191376638565,1449.8749784980232,38.4441591658333,0.08735632183908049,-0.19999999999999996,0.0,0.08319348844342289,1.3977011494252878,0.0,50.19999999999999,-1.0,1,0,0,0,0,0,0,0,0,1,0,0,0,0,0,0,0,0,0,0,0,0,1,0,0,0,0,0,0,0,0,0,0,0,0,1,0,0,0,0,0,0,0,0,0,0,0,0,0,0,0,0,0,0,0,0,0,0,0,0,0,0,0,0,0,0,0,0,0,0,0,0
2009,0,0,0.47058823529411764,0.5757575757575758,0.6,0.6,0.8,0.6,144.8,155.0,6.2,6.4,1.2082710513203787,1.3326582278481012,5.264705882352941,6.181818181818182,0.3333333333333333,1.0,0.6,1513.1585291893941,1533.200365506205,-20.04183631681076,-0.10516934046345816,0.0,0.20000000000000007,-0.12438717652772247,-0.9171122994652405,-0.6666666666666667,-10.199999999999989,-0.20000000000000018,1,0,0,0,0,0,0,0,0,0,0,0,0,0,1,0,1,0,0,0,0,0,0,0,0,0,0,0,0,0,0,0,0,0,0,0,0,0,0,0,0,0,0,0,0,0,0,0,1,0,0,0,0,0,0,0,0,0,0,0,0,0,0,0,0,0,0,0,0,0,0,0
2009,1,0,0.53125,0.59375,0.2,0.2,0.3,0.3,147.0,142.0,6.4,4.4,1.2887194320273467,1.257748344370861,5.8125,6.34375,0.75,0.0,0.5,1494.9227203869198,1514.8408456535196,-19.918125266599873,-0.0625,0.0,0.0,0.030971087656485707,-0.53125,0.75,5.0,2.0,0,0,0,0,0,0,0,0,0,0,0,1,0,0,0,0,0,0,0,0,0,0,0,0,0,0,0,1,0,0,0,0,0,0,0,0,0,0,0,0,0,0,0,0,0,0,0,0,0,0,0,0,0,0,0,0,0,0,1,0,0,0,0,0,0,0,0,0,0,0,0,0
2009,0,0,0.5588235294117647,0.4838709677419355,0.4,0.6,0.5,0.5,158.8,180.4,5.8,5.6,1.3245829244357212,1.2778530767145568,6.147058823529412,6.354838709677419,0.5,0.6666666666666666,0.5,1522.6241540720462,1497.2171197360738,25.407034335972412,0.07495256166982922,-0.19999999999999996,0.0,0.0467298477211644,-0.2077798861480069,-0.16666666666666663,-21.599999999999994,0.20000000000000018,0,1,0,0,0,0,0,0,0,0,0,0,0,0,0,0,0,0,0,0,0,0,0,0,1,0,0,0,0,0,0,0,0,0,0,1,0,0,0,0,0,0,0,0,0,0,0,0,0,0,0,0,0,0,0,0,0,0,0,0,0,0,0,0,0,0,0,0,0,0,0,0
2009,1,0,0.4857142857142857,0.5588235294117647,0.8,0.4,0.8,0.4,151.6,150.8,6.4,6.6,1.2133881101981634,1.30422314911366,5.314285714285714,6.911764705882353,0.4,1.0,0.25,1523.7347406235529,1517.2057968312013,6.528943792351583,-0.07310924369747901,0.4,0.4,-0.0908350389154966,-1.5974789915966392,-0.6,0.799999999999983,-0.1999999999999993,0,0,0,0,0,0,0,0,0,0,0,0,0,0,1,0,0,0,1,0,0,0,0,0,0,0,0,0,0,0,0,0,0,0,0,0,0,0,0,0,0,0,0,0,0,0,0,0,1,0,0,0,0,0,0,0,0,0,0,0,0,0,0,0,0,0,0,0,0,0,0,0
2009,0,1,0.6060606060606061,0.4117647058823529,0.4,0.8,0.3,0.6,158.4,164.8,5.2,7.8,1.2637109174782164,1.310497782158699,6.454545454545454,6.088235294117647,0.5,0.5,0.75,1524.2681831600853,1488.4776262708804,35.790556889204936,0.19429590017825316,-0.4,-0.3,-0.04678686468048254,0.3663101604278074,0.0,-6.400000000000006,-2.5999999999999996,1,0,0,0,0,0,0,0,0,0,0,0,1,0,0,0,0,1,0,0,0,0,0,0,0,0,0,0,0,0,0,0,0,0,0,0,0,0,0,0,0,0,0,0,0,0,0,0,0,0,0,0,0,0,0,0,0,0,0,0,1,0,0,0,0,0,0,0,0,0,0,0
2009,0,1,0.5151515151515151,0.36666666666666664,0.0,0.4,0.3,0.4,150.6,139.0,5.8,5.4,1.2883732789393167,1.1934758155230596,5.787878787878788,5.0,0.6666666666666666,0.0,0.5,1485.495382880354,1440.976996425806,44.518386454548136,0.1484848484848485,-0.4,-0.10000000000000003,0.09489746341625716,0.7878787878787881,0.6666666666666666,11.599999999999994,0.39999999999999947,0,0,0,0,0,0,0,0,0,0,0,1,0,0,0,0,0,0,0,0,0,0,1,0,0,0,0,0,0,0,0,0,0,0,0,0,0,0,0,0,0,0,0,0,0,0,0,0,0,0,0,0,0,0,0,0,0,0,1,0,0,0,0,0,0,0,0,0,0,0,0,0
2009,1,1,0.6176470588235294,0.5428571428571428,0.6,0.4,0.4,0.4,147.0,165.6,5.6,6.0,1.2708177044261064,1.3264384213029006,6.529411764705882,6.114285714285714,0.6666666666666666,0.5,0.6,1533.2416765806781,1511.8941815785188,21.34749500215935,0.07478991596638662,0.19999999999999996,0.0,-0.05562071687679415,0.41512605042016837,0.16666666666666663,-18.599999999999994,-0.40000000000000036,1,0,0,0,0,0,0,0,0,0,0,0,1,0,0,0,1,0,0,0,0,0,0,0,0,0,0,0,0,0,0,0,0,0,0,0,0,0,0,0,0,0,0,0,0,0,0,0,0,0,0,0,0,0,0,0,0,0,0,0,1,0,0,0,0,0,0,0,0,0,0,0
2009,1,0,0.4,0.5,0.6,0.8,0.6,0.6,165.8,183.6,6.4,4.8,1.3060931899641577,1.2851142032029403,5.9714285714285715,6.21875,0.5,0.6666666666666666,0.75,1479.5041328502875,1507.9470922296011,-28.442959379313606,-0.09999999999999998,-0.20000000000000007,0.0,0.020978986761217344,-0.24732142857142847,-0.16666666666666663,-17.799999999999983,1.6000000000000005,0,0,1,0,0,0,0,0,0,0,0,0,0,0,0,0,0,0,0,0,0,0,0,0,1,0,0,0,0,0,0,0,0,0,0,0,0,0,1,0,0,0,0,0,0,0,0,0,0,0,0,0,0,0,0,0,0,0,0,0,0,0,0,0,0,0,0,0,0,0,0,0
2009,1,1,0.5714285714285714,0.3870967741935484,0.4,0.4,0.5,0.5,158.2,143.4,6.6,5.2,1.3086045924804441,1.2010309278350515,6.9714285714285715,5.032258064516129,0.5,0.5,0.6666666666666666,1527.3936928224657,1452.2513718184093,75.14232100405638,0.18433179723502302,0.0,0.0,0.10757366464539264,1.9391705069124425,0.0,14.799999999999983,1.3999999999999995,1,0,0,1,0,0,0,0,0,0,0,0,0,0,0,0,0,0,0,0,0,0,1,0,0,0,0,0,0,0,0,0,0,0,0,0,0,0,0,0,0,0,1,0,0,0,0,0,0,0,0,0,0,0,0,0,0,0,0,0,0,0,0,0,0,0,0,0,0,0,0,0
2009,1,0,0.5151515151515151,0.5,0.8,0.0,0.6,0.3,175.6,161.0,5.4,5.0,1.2866937531742002,1.2841611069928343,6.333333333333333,5.764705882352941,0.75,0.5,0.25,1517.1302620206284,1474.2210074877507,42.90925453287764,0.015151515151515138,0.8,0.3,0.0025326461813659495,0.5686274509803919,0.25,14.599999999999994,0.40000000000000036,1,0,0,0,0,0,0,0,0,1,0,0,0,0,0,0,0,0,0,0,0,0,0,0,0,0,1,0,0,0,0,0,0,0,0,1,0,0,0,0,0,0,0,0,0,0,0,0,0,0,0,0,0,0,0,0,0,0,0,0,0,0,0,0,0,0,0,0,0,0,0,0
2009,0,1,0.5277777777777778,0.4722222222222222,0.4,0.8,0.4,0.7,165.8,157.8,6.8,6.6,1.3257103257103258,1.2167487684729064,6.166666666666667,5.277777777777778,0.375,1.0,0.3333333333333333,1502.5078398329308,1513.5468446322884,-11.039004799357599,0.05555555555555558,-0.4,-0.29999999999999993,0.1089615572374194,0.8888888888888893,-0.625,8.0,0.20000000000000018,1,1,0,0,0,0,0,0,0,0,0,0,0,0,0,0,0,0,0,0,0,0,0,0,0,0,0,0,0,1,0,0,0,0,0,0,0,0,0,0,0,0,0,0,0,0,0,0,0,1,0,0,0,0,0,0,0,0,0,0,0,0,0,0,0,0,0,0,0,0,0,0
2009,1,1,0.5833333333333334,0.6285714285714286,0.4,0.8,0.5,0.5,165.2,154.2,7.2,6.0,1.3122094445803767,1.2761465663673865,7.027777777777778,6.514285714285714,0.5555555555555556,0.0,0.5,1535.2640254662704,1542.628018326266,-7.363992859995733,-0.04523809523809519,-0.4,0.0,0.036062878212990146,0.5134920634920634,0.5555555555555556,11.0,1.2000000000000002,1,0,0,1,0,0,0,0,0,0,0,0,0,0,0,0,0,0,0,0,0,0,0,0,0,0,0,1,0,0,0,0,0,0,0,0,0,0,0,0,0,0,1,0,0,0,0,0,0,0,0,0,0,0,0,0,0,0,0,0,0,0,0,0,0,0,0,0,0,0,0,0
2009,1,1,0.375,0.3888888888888889,0.2,0.6,0.5,0.5,143.6,162.0,4.6,7.0,1.1972717733473242,1.3031431897555297,5.0,6.0,0.5555555555555556,0.0,0.6,1444.3810391746047,1470.3209630592603,-25.939923884655627,-0.013888888888888895,-0.39999999999999997,0.0,-0.10587141640820552,-1.0,0.5555555555555556,-18.400000000000006,-2.4000000000000004,1,0,0,0,0,0,0,1,0,0,0,0,0,0,0,0,0,1,0,0,0,0,0,0,0,0,0,0,0,0,0,0,0,0,0,0,0,0,0,0,0,1,0,0,0,0,0,0,0,0,0,0,0,0,0,0,0,0,0,0,0,0,0,0,0,0,0,0,0,0,0,0
2009,1,1,0.4857142857142857,0.4594594594594595,0.0,0.6,0.2,0.6,165.2,149.2,5.2,7.0,1.2841399137517968,1.2190563027125598,5.771428571428571,5.27027027027027,0.6,0.0,0.6,1465.449793922304,1503.229223407194,-37.77942948488999,0.026254826254826225,-0.6,-0.39999999999999997,0.06508361103923699,0.5011583011583012,0.6,16.0,-1.7999999999999998,0,0,0,0,0,0,0,0,0,0,0,1,0,0,0,0,0,0,0,0,0,0,0,0,0,0,0,0,0,1,0,0,0,0,0,0,0,0,0,0,0,0,0,0,0,0,0,0,0,0,0,0,0,0,0,0,0,0,1,0,0,0,0,0,0,0,0,0,0,0,0,0
2009,1,1,0.5405405405405406,0.6111111111111112,0.4,0.8,0.4,0.4,165.4,160.0,5.6,7.2,1.3272604588394061,1.2718676122931443,6.108108108108108,6.5,0.4444444444444444,1.0,0.3333333333333333,1512.8254610580252,1532.4160973074559,-19.590636249430645,-0.07057057057057059,-0.4,0.0,0.055392846546261865,-0.3918918918918921,-0.5555555555555556,5.400000000000006,-1.6000000000000005,1,1,0,0,0,0,0,0,0,0,0,0,0,0,0,0,0,0,0,0,0,0,0,0,0,0,0,1,0,0,0,0,0,0,0,0,0,0,0,0,0,0,0,0,0,0,0,0,0,1,0,0,0,0,0,0,0,0,0,0,0,0,0,0,0,0,0,0,0,0,0,0
2009,1,1,0.5294117647058824,0.3783783783783784,0.8,0.4,0.6,0.5,164.8,155.4,5.6,6.4,1.2877892663712458,1.3018099547511313,6.4411764705882355,6.0,0.8,0.5,0.4,1525.901475586075,1459.5757362204047,66.32573936567042,0.15103338632750396,0.4,0.09999999999999998,-0.01402068837988546,0.4411764705882355,0.30000000000000004,9.400000000000006,-0.8000000000000007,1,0,0,0,0,0,0,0,0,1,0,0,0,0,0,0,0,1,0,0,0,0,0,0,0,0,0,0,0,0,0,0,0,0,0,1,0,0,0,0,0,0,0,0,0,0,0,0,0,0,0,0,0,0,0,0,0,0,0,0,0,0,0,0,0,0,0,0,0,0,0,0
2009,1,1,0.3939393939393939,0.4722222222222222,0.4,0.0,0.6,0.2,158.0,160.8,5.0,5.6,1.2049263585576435,1.2892042810609585,5.0,5.722222222222222,0.6,0.0,0.6,1455.1262660134603,1456.53290778208,-1.4066417686196928,-0.07828282828282829,0.4,0.39999999999999997,-0.084277922503315,-0.7222222222222223,0.6,-2.8000000000000114,-0.5999999999999996,0,0,0,0,0,0,0,1,0,0,0,0,0,0,0,0,0,0,0,0,0,0,0,0,0,0,1,0,0,0,0,0,0,0,0,0,0,0,0,0,0,1,0,0,0,0,0,0,0,0,0,0,0,0,0,0,0,0,0,0,0,0,0,0,0,0,0,0,0,0,0,0
2009,1,1,0.5945945945945946,0.47368421052631576,0.6,0.6,0.6,0.6,178.8,167.4,7.8,6.0,1.3182142009023985,1.227968923418424,7.108108108108108,5.2631578947368425,0.6,0.0,0.8,1545.4759464850806,1512.146109547418,33.32983693766255,0.12091038406827886,0.0,0.0,0.0902452774839746,1.8449502133712654,0.6,11.400000000000006,1.7999999999999998,1,0,0,1,0,0,0,0,0,0,0,0,0,0,0,0,0,0,0,0,0,0,0,0,0,0,0,0,0,1,0,0,0,0,0,0,0,0,0,0,0,0,1,0,0,0,0,0,0,0,0,0,0,0,0,0,0,0,0,0,0,0,0,0,0,0,0,0,0,0,0,0
2009,0,1,0.3684210526315789,0.5945945945945946,0.2,0.6,0.5,0.4,144.4,171.0,5.8,7.2,1.2944419938244376,1.2865671641791045,5.973684210526316,6.45945945945946,0.5,0.5,0.2,1451.4618875134863,1521.852830298518,-70.39094278503171,-0.2261735419630157,-0.39999999999999997,0.09999999999999998,0.007874829645333037,-0.4857752489331437,0.0,-26.599999999999994,-1.4000000000000004,0,0,1,0,0,0,0,0,0,0,0,0,0,0,0,0,0,0,0,0,0,0,0,0,0,0,0,1,0,0,0,0,0,0,0,0,0,0,0,0,0,0,0,0,0,0,0,0,0,0,0,0,0,0,0,0,0,0,0,0,0,0,0,0,0,0,0,0,0,1,0,0
2009,1,1,0.5526315789473685,0.5428571428571428,0.4,1.0,0.5,0.7,176.6,170.2,5.4,7.0,1.3456654991243433,1.2921643573817487,6.078947368421052,6.542857142857143,0.5,0.0,0.4,1523.388728066963,1534.0153242929935,-10.626596226030415,0.009774436090225658,-0.6,-0.19999999999999996,0.05350114174259457,-0.4639097744360905,0.5,6.400000000000006,-1.5999999999999996,1,1,0,0,0,0,0,0,0,0,0,0,0,0,0,0,0,0,0,0,0,0,0,0,1,0,0,0,0,0,0,0,0,0,0,0,0,0,0,0,0,0,0,0,0,0,0,0,0,1,0,0,0,0,0,0,0,0,0,0,0,0,0,0,0,0,0,0,0,0,0,0
2009,0,1,0.6052631578947368,0.4864864864864865,0.6,0.2,0.5,0.2,166.2,168.8,7.2,4.6,1.2867351496203663,1.3027210884353742,6.552631578947368,5.648648648648648,1.0,0.0,0.6,1529.8540892239844,1466.4924215986944,63.36166762529001,0.11877667140825032,0.39999999999999997,0.3,-0.015985938815007872,0.9039829302987199,1.0,-2.6000000000000227,2.6000000000000005,1,0,0,0,0,0,0,0,0,0,0,0,1,0,0,0,0,0,0,0,0,0,0,0,0,0,1,0,0,0,0,0,0,0,0,0,0,0,0,0,0,0,0,0,0,0,0,0,0,0,0,0,0,0,0,0,0,0,0,0,0,0,1,0,0,0,0,0,0,0,0,0
2009,1,1,0.38235294117647056,0.6052631578947368,0.4,0.8,0.5,0.6,171.2,178.6,4.0,8.6,1.2164821648216482,1.323257960313798,4.911764705882353,7.157894736842105,0.5454545454545454,0.0,0.25,1445.166752196846,1554.5195686354948,-109.35281643864892,-0.22291021671826627,-0.4,-0.09999999999999998,-0.10677579549214977,-2.246130030959752,0.5454545454545454,-7.400000000000006,-4.6,1,0,0,0,0,0,0,1,0,0,0,0,0,0,0,0,0,0,1,0,0,0,0,0,0,0,0,0,0,0,0,0,0,0,0,0,0,0,0,0,0,1,0,0,0,0,0,0,0,0,0,0,0,0,0,0,0,0,0,0,0,0,0,0,0,0,0,0,0,0,0,0
2009,0,0,0.46153846153846156,0.358974358974359,0.4,0.0,0.5,0.4,165.8,141.6,5.2,6.0,1.227626459143969,1.2931330472103004,5.256410256410256,6.076923076923077,0.36363636363636365,0.0,0.6,1503.1024873970039,1443.46062858802,59.6418588089839,0.10256410256410259,0.4,0.09999999999999998,-0.06550658806633147,-0.8205128205128203,0.36363636363636365,24.200000000000017,-0.7999999999999998,0,0,0,0,0,0,0,0,0,0,0,0,0,0,1,0,0,1,0,0,0,0,0,0,0,0,0,0,0,0,0,0,0,0,0,0,0,0,0,0,0,0,0,0,0,0,0,0,1,0,0,0,0,0,0,0,0,0,0,0,0,0,0,0,0,0,0,0,0,0,0,0
2009,0,1,0.47368421052631576,0.5277777777777778,0.2,0.8,0.1,0.7,169.0,167.2,3.8,7.2,1.3002645502645502,1.2862108922363846,5.526315789473684,6.472222222222222,0.5454545454545454,0.0,0.6,1458.2961645040493,1523.7095616074187,-65.41339710336933,-0.05409356725146203,-0.6000000000000001,-0.6,0.014053658028165605,-0.9459064327485383,0.5454545454545454,1.8000000000000114,-3.4000000000000004,1,0,0,0,0,0,0,0,0,0,0,1,0,0,0,0,0,0,0,0,0,0,0,0,1,0,0,0,0,0,0,0,0,0,0,0,0,0,0,0,0,0,0,0,0,0,0,0,0,0,0,0,0,0,0,0,0,0,1,0,0,0,0,0,0,0,0,0,0,0,0,0
2009,0,1,0.375,0.5641025641025641,0.2,0.6,0.4,0.5,149.2,182.6,6.8,6.2,1.2993097678309977,1.34412265758092,6.075,6.153846153846154,0.0,0.5,0.6,1455.1605936795218,1533.6944907525378,-78.53389707301608,-0.1891025641025641,-0.39999999999999997,-0.09999999999999998,-0.04481288974992226,-0.07884615384615401,-0.5,-33.400000000000006,0.5999999999999996,1,0,1,0,0,0,0,0,0,0,0,0,0,0,0,0,1,0,0,0,0,0,0,0,0,0,0,0,0,0,0,0,0,0,0,0,0,0,0,0,0,0,0,0,0,0,0,0,0,0,0,0,0,0,0,0,0,0,0,0,0,0,0,0,0,0,0,0,0,1,0,0
2009,1,0,0.45,0.4,0.2,0.6,0.5,0.5,168.4,176.4,4.4,5.0,1.2327586206896552,1.2230971128608923,5.2,5.0,0.3333333333333333,1.0,0.4,1491.402522305502,1458.2142076346515,33.18831467085056,0.04999999999999999,-0.39999999999999997,0.0,0.00966150782876296,0.20000000000000018,-0.6666666666666667,-8.0,-0.5999999999999996,1,0,0,0,0,0,0,0,0,0,0,0,0,0,1,0,0,0,0,0,0,0,1,0,0,0,0,0,0,0,0,0,0,0,0,0,0,0,0,0,0,0,0,0,0,0,0,0,1,0,0,0,0,0,0,0,0,0,0,0,0,0,0,0,0,0,0,0,0,0,0,0
2009,1,1,0.5897435897435898,0.48717948717948717,0.8,0.4,0.6,0.2,179.8,171.8,8.0,4.6,1.3239120681920145,1.3009667024704619,7.051282051282051,5.615384615384615,0.6363636363636364,1.0,0.4,1541.4721131976892,1470.156978177591,71.31513502009807,0.10256410256410259,0.4,0.39999999999999997,0.02294536572155259,1.4358974358974361,-0.36363636363636365,8.0,3.4000000000000004,0,0,0,1,0,0,0,0,0,0,0,0,0,0,0,0,0,0,0,0,0,0,0,0,0,0,1,0,0,0,0,0,0,0,0,0,0,0,0,0,0,0,1,0,0,0,0,0,0,0,0,0,0,0,0,0,0,0,0,0,0,0,0,0,0,0,0,0,0,0,0,0
2009,1,0,0.6153846153846154,0.5135135135135135,0.6,0.6,0.6,0.7,167.4,161.8,6.6,7.6,1.2937704918032786,1.2858431018935979,6.538461538461538,6.405405405405405,1.0,0.0,0.5,1538.0503463186294,1511.848747933877,26.201598384752515,0.10187110187110193,0.0,-0.09999999999999998,0.007927389909680782,0.13305613305613306,1.0,5.599999999999994,-1.0,0,0,0,0,0,0,0,0,0,0,0,0,1,0,0,0,0,0,0,0,0,0,0,0,1,0,0,0,0,0,0,0,0,0,0,0,0,0,0,0,0,0,0,0,0,0,0,0,0,0,0,0,0,0,0,0,0,0,0,0,0,0,1,0,0,0,0,0,0,0,0,0
2009,0,0,0.3902439024390244,0.4634146341463415,0.4,0.4,0.5,0.6,150.8,167.6,7.0,5.4,1.295593635250918,1.239201974496092,6.121951219512195,5.2926829268292686,0.5,0.5,0.5,1467.383254740179,1500.450180694066,-33.066925953886994,-0.07317073170731708,0.0,-0.09999999999999998,0.056391660754826045,0.8292682926829267,0.0,-16.799999999999983,1.5999999999999996,1,0,1,0,0,0,0,0,0,0,0,0,0,0,0,0,0,0,0,0,0,0,0,0,0,0,0,0,0,1,0,0,0,0,0,0,0,0,0,0,0,0,0,0,0,0,0,0,0,0,0,0,0,0,0,0,0,0,0,0,0,0,0,0,0,0,0,0,0,1,0,0
2009,1,1,0.5263157894736842,0.575,0.6,0.6,0.7,0.5,162.2,165.4,7.2,6.8,1.2879053461875547,1.3117364746945899,6.447368421052632,6.95,0.8333333333333334,0.5,0.4,1522.6014641207883,1529.4478480395642,-6.846383918775928,-0.048684210526315774,0.0,0.19999999999999996,-0.02383112850703517,-0.5026315789473683,0.33333333333333337,-3.200000000000017,0.40000000000000036,1,0,0,0,0,0,0,0,0,1,0,0,0,0,0,0,0,0,1,0,0,0,0,0,0,0,0,0,0,0,0,0,0,0,0,1,0,0,0,0,0,0,0,0,0,0,0,0,0,0,0,0,0,0,0,0,0,0,0,0,0,0,0,0,0,0,0,0,0,0,0,0
2009,0,1,0.55,0.3888888888888889,0.6,0.4,0.5,0.4,174.2,171.8,6.0,4.4,1.3384519609877568,1.2244614315496873,6.1,4.944444444444445,0.5454545454545454,0.0,0.75,1521.4718296918807,1449.1665492460877,72.30528044579296,0.16111111111111115,0.19999999999999996,0.09999999999999998,0.11399052943806942,1.155555555555555,0.5454545454545454,2.3999999999999773,1.5999999999999996,1,1,0,0,0,0,0,0,0,0,0,0,0,0,0,0,0,0,0,0,0,0,1,0,0,0,0,0,0,0,0,0,0,0,0,0,0,0,0,0,0,0,0,0,0,0,0,0,0,1,0,0,0,0,0,0,0,0,0,0,0,0,0,0,0,0,0,0,0,0,0,0
2009,1,1,0.6,0.4523809523809524,0.4,0.4,0.6,0.5,159.4,163.0,6.4,5.6,1.2890591741166453,1.2358131140966513,6.5,5.309523809523809,0.8888888888888888,0.0,0.6,1527.297630131718,1489.5013013582027,37.79632877351537,0.1476190476190476,0.0,0.09999999999999998,0.05324606001999399,1.1904761904761907,0.8888888888888888,-3.5999999999999943,0.8000000000000007,0,0,0,0,0,0,0,0,0,0,0,0,1,0,0,0,0,0,0,0,0,0,0,0,0,0,0,0,0,1,0,0,0,0,0,0,0,0,0,0,0,0,0,0,0,0,0,0,0,0,0,0,0,0,0,0,0,0,0,0,0,0,1,0,0,0,0,0,0,0,0,0
2009,1,1,0.5609756097560976,0.5609756097560976,0.8,0.4,0.6,0.4,170.8,158.8,6.0,5.8,1.3441386340468908,1.3083297917552061,6.146341463414634,6.878048780487805,0.5833333333333334,1.0,0.6,1529.4202494650904,1519.2508187720375,10.169430693052846,0.0,0.4,0.19999999999999996,0.035808842291684684,-0.7317073170731705,-0.41666666666666663,12.0,0.20000000000000018,0,1,0,0,0,0,0,0,0,0,0,0,0,0,0,0,0,0,1,0,0,0,0,0,0,0,0,0,0,0,0,0,0,0,0,0,0,0,0,0,0,0,0,0,0,0,0,0,0,1,0,0,0,0,0,0,0,0,0,0,0,0,0,0,0,0,0,0,0,0,0,0
2009,0,0,0.5,0.40476190476190477,0.6,0.6,0.3,0.5,161.6,149.6,5.4,7.8,1.2936241610738255,1.2936729009152408,5.725,6.214285714285714,0.5,0.5,0.8,1482.181243335716,1478.3321340760422,3.8491092596739236,0.09523809523809523,0.0,-0.2,-4.873984141529064e-05,-0.48928571428571477,0.0,12.0,-2.3999999999999995,0,0,0,0,0,0,0,0,0,0,0,1,0,0,0,0,0,1,0,0,0,0,0,0,0,0,0,0,0,0,0,0,0,0,0,0,0,0,0,0,0,0,0,0,1,0,0,0,0,0,0,0,0,0,0,0,0,0,0,0,0,0,0,0,0,0,0,0,0,0,0,0
2009,1,0,0.46511627906976744,0.5384615384615384,0.4,0.6,0.5,0.7,152.6,166.0,5.8,6.6,1.2389293446172014,1.2925997014288761,5.325581395348837,6.461538461538462,0.38461538461538464,1.0,0.6,1500.5848959099326,1532.798493388315,-32.213597478382326,-0.073345259391771,-0.19999999999999996,-0.19999999999999996,-0.05367035681167476,-1.1359570661896248,-0.6153846153846154,-13.400000000000006,-0.7999999999999998,0,0,0,0,0,0,0,0,0,0,0,0,0,0,1,0,0,0,0,0,0,0,0,0,1,0,0,0,0,0,0,0,0,0,0,0,0,0,0,0,0,0,0,0,0,0,0,0,1,0,0,0,0,0,0,0,0,0,0,0,0,0,0,0,0,0,0,0,0,0,0,0
2009,0,1,0.3783783783783784,0.5853658536585366,0.4,0.4,0.3,0.6,172.2,161.2,3.8,6.2,1.221021832095431,1.283136278780336,4.837837837837838,6.463414634146342,0.5833333333333334,1.0,0.25,1441.218129472878,1516.2140355799881,-74.99590610711016,-0.20698747528015815,0.0,-0.3,-0.06211444668490507,-1.6255767963085042,-0.41666666666666663,11.0,-2.4000000000000004,1,0,0,0,0,0,0,1,0,0,0,0,0,0,0,0,0,0,0,0,0,0,0,0,0,0,0,1,0,0,0,0,0,0,0,0,0,0,0,0,0,1,0,0,0,0,0,0,0,0,0,0,0,0,0,0,0,0,0,0,0,0,0,0,0,0,0,0,0,0,0,0
2009,0,0,0.4878048780487805,0.5476190476190477,0.6,0.6,0.3,0.5,160.2,160.8,5.6,6.0,1.296137339055794,1.332737030411449,5.7073170731707314,6.095238095238095,0.0,0.5,0.0,1472.0704615979478,1519.1276332808334,-47.05717168288561,-0.059814169570267195,0.0,-0.2,-0.036599691355654995,-0.38792102206736345,-0.5,-0.6000000000000227,-0.40000000000000036,0,0,0,0,0,0,0,0,0,0,0,1,0,0,0,0,1,0,0,0,0,0,0,0,0,0,0,0,0,0,0,0,0,0,0,0,0,0,0,0,0,0,0,0,1,0,0,0,0,0,0,0,0,0,0,0,0,0,0,0,0,0,0,0,0,0,0,0,0,0,0,0
2009,0,1,0.5714285714285714,0.4186046511627907,0.4,0.8,0.5,0.5,143.8,162.2,5.6,7.4,1.3002903359601825,1.2975912975912975,6.928571428571429,6.1395348837209305,0.5833333333333334,0.0,0.6666666666666666,1529.5434349562945,1488.4429158138105,41.10051914248402,0.15282392026578068,-0.4,0.0,0.002699038368884965,0.7890365448504983,0.5833333333333334,-18.399999999999977,-1.8000000000000007,0,0,0,1,0,0,0,0,0,0,0,0,0,0,0,0,0,1,0,0,0,0,0,0,0,0,0,0,0,0,0,0,0,0,0,0,0,0,0,0,0,0,1,0,0,0,0,0,0,0,0,0,0,0,0,0,0,0,0,0,0,0,0,0,0,0,0,0,0,0,0,0
2009,0,1,0.39473684210526316,0.55,0.4,0.6,0.4,0.8,162.6,168.6,4.6,6.4,1.222344402903013,1.2984423676012462,4.947368421052632,6.525,0.6153846153846154,1.0,0.0,1453.3437734412225,1541.8739593067744,-88.53018586555186,-0.15526315789473688,-0.19999999999999996,-0.4,-0.07609796469823316,-1.5776315789473685,-0.3846153846153846,-6.0,-1.8000000000000007,1,0,0,0,0,0,0,1,0,0,0,0,0,0,0,0,0,0,0,0,0,0,0,0,1,0,0,0,0,0,0,0,0,0,0,0,0,0,0,0,0,1,0,0,0,0,0,0,0,0,0,0,0,0,0,0,0,0,0,0,0,0,0,0,0,0,0,0,0,0,0,0
2009,0,1,0.45454545454545453,0.5365853658536586,0.4,0.6,0.4,0.7,150.0,167.0,5.6,5.8,1.235633288487411,1.2932955235973262,5.295454545454546,6.390243902439025,0.5,0.75,0.5,1491.509429991473,1529.379608163749,-37.87017817227593,-0.08203991130820404,-0.19999999999999996,-0.29999999999999993,-0.057662235109915194,-1.0947893569844789,-0.25,-17.0,-0.20000000000000018,0,0,0,0,0,0,0,0,0,0,0,0,0,0,1,0,0,0,0,0,0,0,0,0,1,0,0,0,0,0,0,0,0,0,0,0,0,0,1,0,0,0,0,0,0,0,0,0,0,0,0,0,0,0,0,0,0,0,0,0,0,0,0,0,0,0,0,0,0,0,0,0
2009,1,1,0.5581395348837209,0.4318181818181818,0.6,1.0,0.5,0.5,150.6,159.8,5.6,6.8,1.3387660069848661,1.295312203454166,6.023255813953488,6.159090909090909,0.0,0.3333333333333333,0.3333333333333333,1527.7814406458115,1499.6203963582057,28.16104428760582,0.1263213530655391,-0.4,0.0,0.043453803530700164,-0.13583509513742076,-0.3333333333333333,-9.200000000000017,-1.2000000000000002,1,1,0,0,0,0,0,0,0,0,0,0,0,0,0,0,0,1,0,0,0,0,0,0,0,0,0,0,0,0,0,0,0,0,0,0,0,0,1,0,0,0,0,0,0,0,0,0,0,0,0,0,0,0,0,0,0,0,0,0,0,0,0,0,0,0,0,0,0,0,0,0
2009,0,1,0.4444444444444444,0.4222222222222222,0.4,0.8,0.3,0.5,143.0,143.4,6.0,7.0,1.233914837741512,1.2862446630777797,5.288888888888889,6.177777777777778,0.0,0.25,0.42857142857142855,1482.5951250935502,1490.429166004779,-7.83404091122884,0.0222222222222222,-0.4,-0.2,-0.05232982533626784,-0.8888888888888893,-0.25,-0.4000000000000057,-1.0,1,0,0,0,0,0,0,0,0,0,0,0,0,0,1,0,0,1,0,0,0,0,0,0,0,0,0,0,0,0,0,0,0,0,0,0,0,0,1,0,0,0,0,0,0,0,0,0,0,0,0,0,0,0,0,0,0,0,0,0,0,0,0,0,0,0,0,0,0,0,0,0
2009,1,1,0.5681818181818182,0.5476190476190477,0.6,0.8,0.6,0.7,146.0,173.0,5.8,6.8,1.3344703429979154,1.2971958925750395,6.113636363636363,6.4523809523809526,0.5,0.8,0.5,1536.972670999238,1538.293913061672,-1.3212420624338392,0.02056277056277056,-0.20000000000000007,-0.09999999999999998,0.037274450422875915,-0.33874458874458924,-0.30000000000000004,-27.0,-1.0,1,1,0,0,0,0,0,0,0,0,0,0,0,0,0,0,0,0,0,0,0,0,0,0,1,0,0,0,0,0,0,0,0,0,0,0,0,0,1,0,0,0,0,0,0,0,0,0,0,0,0,0,0,0,0,0,0,0,0,0,0,0,0,0,0,0,0,0,0,0,0,0
2011,1,1,0.5777777777777777,0.41025641025641024,0.8,0.6,0.7,0.5,152.0,149.6,6.8,5.8,1.334937974449176,1.2221983683984543,6.177777777777778,5.0256410256410255,0.5384615384615384,0.0,0.8,1547.0106992193869,1465.838124584248,81.17257463513897,0.16752136752136748,0.20000000000000007,0.19999999999999996,0.11273960605072175,1.1521367521367525,0.5384615384615384,2.4000000000000057,1.0,1,1,0,0,0,0,0,0,0,0,0,0,0,0,0,0,0,0,0,0,0,0,1,0,0,0,0,0,0,0,0,0,0,0,0,0,0,0,0,0,0,0,0,0,0,0,0,0,0,1,0,0,0,0,0,0,0,0,0,0,0,0,0,0,0,0,0,0,0,0,0,0
2011,0,0,0.41304347826086957,0.5714285714285714,0.6,0.4,0.5,0.5,132.0,143.0,5.6,5.6,1.2744955462643155,1.2784297855119384,6.065217391304348,6.357142857142857,0.0,1.0,0.16666666666666666,1480.2037223874536,1504.0883916116436,-23.88466922419002,-0.15838509316770183,0.19999999999999996,0.0,-0.003934239247622928,-0.2919254658385091,-1.0,-11.0,0.0,0,0,1,0,0,0,0,0,0,0,0,0,0,0,0,0,0,0,0,0,0,0,0,0,0,0,0,1,0,0,0,0,0,0,0,0,0,0,0,0,0,0,0,0,0,0,0,0,0,0,0,0,0,0,0,0,0,0,0,1,0,0,0,0,0,0,0,0,0,0,0,0
2011,1,1,0.5,0.45652173913043476,0.5,0.4,0.5,0.4,0.0,127.8,0.0,6.2,0.0,1.2306555863342568,0.0,5.391304347826087,0.5,0.5,0.5,1500.0,1492.8205687108757,7.179431289124295,0.043478260869565244,0.09999999999999998,0.09999999999999998,-1.2306555863342568,-5.391304347826087,0.0,-127.8,-6.2,0,0,0,0,0,0,1,0,0,0,0,0,0,0,0,0,0,0,0,0,0,0,0,0,0,0,0,0,0,1,0,0,0,0,0,0,0,0,0,0,0,0,0,0,0,0,0,0,0,0,0,0,0,1,0,0,0,0,0,0,0,0,0,0,0,0,0,0,0,0,0,0
2011,1,1,0.5581395348837209,0.5348837209302325,0.2,0.6,0.5,0.6,133.8,167.4,5.2,6.2,1.2950455005055612,1.2940836384659857,6.930232558139535,6.4186046511627906,0.5384615384615384,0.5,0.5,1518.3659544118993,1528.255884841523,-9.889930429623746,0.023255813953488413,-0.39999999999999997,-0.09999999999999998,0.0009618620395754895,0.5116279069767442,0.038461538461538436,-33.599999999999994,-1.0,0,0,0,1,0,0,0,0,0,0,0,0,0,0,0,0,0,0,0,0,0,0,0,0,1,0,0,0,0,0,0,0,0,0,0,0,0,0,0,0,0,0,1,0,0,0,0,0,0,0,0,0,0,0,0,0,0,0,0,0,0,0,0,0,0,0,0,0,0,0,0,0
2011,0,1,0.5,0.47619047619047616,0.5,0.4,0.5,0.3,0.0,157.8,0.0,5.8,0.0,1.3026315789473684,0.0,5.666666666666667,0.5,0.5,0.5,1500.0,1463.4166542329697,36.58334576703032,0.023809523809523836,0.09999999999999998,0.2,-1.3026315789473684,-5.666666666666667,0.0,-157.8,-5.8,1,0,0,0,0,0,0,0,0,0,1,0,0,0,0,0,0,0,0,0,0,0,0,0,0,0,1,0,0,0,0,0,0,0,0,0,0,0,1,0,0,0,0,0,0,0,0,0,0,0,0,0,0,0,0,0,0,0,0,0,0,0,0,0,0,0,0,0,0,0,0,0
2011,1,1,0.4,0.40425531914893614,0.4,0.4,0.5,0.5,143.6,129.2,5.0,4.0,1.2223384229240744,1.271433653504091,5.0,5.9787234042553195,0.6428571428571429,0.0,0.6666666666666666,1458.1328578802638,1470.8900975092808,-12.757239629017022,-0.004255319148936121,0.0,0.0,-0.04909523058001675,-0.9787234042553195,0.6428571428571429,14.400000000000006,1.0,1,0,0,0,0,0,0,1,0,0,0,0,0,0,0,0,0,1,0,0,0,0,0,0,0,0,0,0,0,0,0,0,0,0,0,0,0,0,0,0,0,1,0,0,0,0,0,0,0,0,0,0,0,0,0,0,0,0,0,0,0,0,0,0,0,0,0,0,0,0,0,0
2011,0,1,0.5813953488372093,0.5454545454545454,0.4,0.2,0.5,0.5,139.4,119.4,5.2,5.0,1.2769869513641756,1.2856577645895153,6.395348837209302,6.818181818181818,0.8,0.0,0.42857142857142855,1513.4020164898163,1508.6505326326078,4.751483857208541,0.03594080338266392,0.2,0.0,-0.00867081322533969,-0.4228329809725162,0.8,20.0,0.20000000000000018,1,0,0,0,0,0,0,0,0,0,0,0,1,0,0,0,0,0,1,0,0,0,0,0,0,0,0,0,0,0,0,0,0,0,0,0,0,0,0,0,0,0,0,0,0,0,0,0,0,0,0,0,0,0,0,0,0,0,0,0,0,0,1,0,0,0,0,0,0,0,0,0
2011,0,0,0.46808510638297873,0.5454545454545454,0.6,0.6,0.5,0.6,132.6,150.6,6.0,6.8,1.233020231213873,1.2863885218047952,5.382978723404255,6.5,0.35714285714285715,1.0,0.42857142857142855,1503.0271799470834,1537.9713066208146,-34.94412667373126,-0.07736943907156668,0.0,-0.09999999999999998,-0.053368290590922296,-1.1170212765957448,-0.6428571428571428,-18.0,-0.7999999999999998,0,0,0,0,0,0,0,0,0,0,0,0,0,0,1,0,0,0,0,0,0,0,0,0,1,0,0,0,0,0,0,0,0,0,0,0,0,0,0,0,0,0,0,0,0,0,0,0,1,0,0,0,0,0,0,0,0,0,0,0,0,0,0,0,0,0,0,0,0,0,0,0
2011,1,0,0.46511627906976744,0.5869565217391305,0.4,0.8,0.3,0.8,149.6,154.0,6.2,6.6,1.2927446022174673,1.3333936979355305,5.604651162790698,6.195652173913044,0.5833333333333334,1.0,0.0,1454.4657333441528,1554.715965923371,-100.25023257921816,-0.12184024266936305,-0.4,-0.5,-0.04064909571806319,-0.591001011122346,-0.41666666666666663,-4.400000000000006,-0.39999999999999947,1,0,0,0,0,0,0,0,0,0,0,1,0,0,0,0,1,0,0,0,0,0,0,0,0,0,0,0,0,0,0,0,0,0,0,0,0,0,0,0,0,0,0,0,0,0,0,0,0,0,0,0,0,0,0,0,0,0,1,0,0,0,0,0,0,0,0,0,0,0,0,0
2011,0,1,1.0,0.0,1.0,0.0,1.0,0.0,113.0,161.0,8.0,4.0,1.3780487804878048,1.2983870967741935,8.0,4.0,1.0,0.5,0.5,1508.9509208888169,1489.7933887637923,19.157532125024545,1.0,1.0,1.0,0.07966168371361126,4.0,0.5,-48.0,4.0,1,0,0,0,0,0,0,0,0,0,1,0,0,0,0,0,0,0,0,0,0,1,0,0,0,0,0,0,0,0,0,0,0,0,0,0,0,0,1,0,0,0,0,0,0,0,0,0,0,0,0,0,0,0,0,0,0,0,0,0,0,0,0,0,0,0,0,0,0,0,0,0
2011,0,0,0.3958333333333333,0.4583333333333333,0.2,0.4,0.5,0.4,124.4,134.2,4.2,5.0,1.2707970762269405,1.2307420494699646,5.9375,5.291666666666667,0.0,1.0,0.5,1460.5230795638436,1494.0295750329908,-33.50649546914724,-0.0625,-0.2,0.09999999999999998,0.04005502675697592,0.645833333333333,-1.0,-9.799999999999983,-0.7999999999999998,1,0,1,0,0,0,0,0,0,0,0,0,0,0,0,0,0,0,0,0,0,0,0,0,0,0,0,0,0,1,0,0,0,0,0,0,0,0,0,0,0,0,0,0,0,0,0,0,0,0,0,0,0,0,0,0,0,0,0,1,0,0,0,0,0,0,0,0,0,0,0,0
2011,0,0,0.5909090909090909,0.4146341463414634,0.4,0.6,0.5,0.5,138.4,144.2,5.2,6.0,1.278228924980665,1.2249184339314845,6.386363636363637,5.073170731707317,0.8181818181818182,0.0,0.6,1523.265266316405,1468.499875825701,54.765390490703794,0.17627494456762755,-0.19999999999999996,0.0,0.05331049104918062,1.3131929046563195,0.8181818181818182,-5.799999999999983,-0.7999999999999998,0,0,0,0,0,0,0,0,0,0,0,0,1,0,0,0,0,0,0,0,0,0,1,0,0,0,0,0,0,0,0,0,0,0,0,0,0,0,0,0,0,0,0,0,0,0,0,0,0,0,0,0,0,0,0,0,0,0,0,0,0,0,1,0,0,0,0,0,0,0,0,0
2011,0,0,0.5555555555555556,0.0,0.6,0.0,0.6,0.0,141.0,154.5,5.8,5.0,1.2859519408502773,1.2510121457489878,6.444444444444445,5.0,0.5,0.5,0.5,1546.9689115349072,1480.3442287178543,66.62468281705287,0.5555555555555556,0.6,0.6,0.03493979510128953,1.4444444444444446,0.0,-13.5,0.7999999999999998,0,0,0,0,0,0,0,0,0,1,0,0,0,0,0,0,0,0,0,0,0,1,0,0,0,0,0,0,0,0,0,0,0,0,0,0,0,0,0,0,0,0,0,0,0,0,0,0,0,0,0,0,0,0,0,0,0,0,0,0,0,0,0,0,0,0,0,0,0,0,1,0
2011,1,1,0.574468085106383,0.4489795918367347,0.8,0.4,0.7,0.4,169.2,135.8,6.6,5.2,1.3378809355067327,1.228694900605013,6.148936170212766,5.285714285714286,0.5714285714285714,0.5,0.42857142857142855,1541.908030177304,1483.0681592946673,58.83987088263666,0.12548849326964834,0.4,0.29999999999999993,0.10918603490171974,0.86322188449848,0.0714285714285714,33.39999999999998,1.3999999999999995,1,1,0,0,0,0,0,0,0,0,0,0,0,0,0,0,0,0,0,0,0,0,0,0,0,0,0,0,0,1,0,0,0,0,0,0,0,0,0,0,0,0,0,0,0,0,0,0,0,1,0,0,0,0,0,0,0,0,0,0,0,0,0,0,0,0,0,0,0,0,0,0
2011,0,0,0.40816326530612246,0.4772727272727273,0.2,0.4,0.6,0.4,130.4,156.6,4.6,5.2,1.27354794753875,1.3009320905459387,6.0,5.568181818181818,0.1111111111111111,1.0,0.3333333333333333,1471.484495302167,1467.2736690902198,4.210826211947278,-0.06910946196660483,-0.2,0.19999999999999996,-0.027384143007188833,0.43181818181818166,-0.8888888888888888,-26.19999999999999,-0.6000000000000005,0,0,1,0,0,0,0,0,0,0,0,0,0,0,0,0,0,0,0,0,0,0,0,0,0,0,1,0,0,0,0,0,0,0,0,0,0,0,0,0,0,0,0,0,0,0,0,0,0,0,0,0,0,0,0,0,0,0,0,1,0,0,0,0,0,0,0,0,0,0,0,0
2011,0,0,1.0,0.5333333333333333,1.0,0.2,1.0,0.4,132.0,127.4,8.0,5.2,1.2878048780487805,1.2840316663448543,8.0,6.7555555555555555,1.0,0.0,0.5,1518.400080934755,1498.7872828060192,19.612798128735676,0.4666666666666667,0.8,0.6,0.0037732117039261936,1.2444444444444445,1.0,4.599999999999994,2.8,0,0,0,0,0,0,0,0,0,0,1,0,0,0,0,0,0,0,1,0,0,0,0,0,0,0,0,0,0,0,0,0,0,0,0,0,0,0,1,0,0,0,0,0,0,0,0,0,0,0,0,0,0,0,0,0,0,0,0,0,0,0,0,0,0,0,0,0,0,0,0,0
2011,1,0,0.42857142857142855,0.5777777777777777,0.8,0.4,0.6,0.4,148.4,142.8,6.6,4.4,1.2289756875249103,1.2773584905660378,5.0476190476190474,6.266666666666667,0.6666666666666666,0.5,0.5,1480.0632240020045,1511.7019181401015,-31.63869413809698,-0.14920634920634918,0.4,0.19999999999999996,-0.04838280304112752,-1.2190476190476192,0.16666666666666663,5.599999999999994,2.1999999999999993,1,0,0,0,0,0,0,1,0,0,0,0,0,0,0,0,0,0,0,0,0,0,0,0,0,0,0,1,0,0,0,0,0,0,0,0,0,0,0,0,0,1,0,0,0,0,0,0,0,0,0,0,0,0,0,0,0,0,0,0,0,0,0,0,0,0,0,0,0,0,0,0
2011,1,0,0.3333333333333333,0.5833333333333334,0.3333333333333333,0.8,0.3333333333333333,0.7,164.33333333333334,166.8,4.0,7.4,1.3396739130434783,1.3415437987857763,4.0,6.166666666666667,0.0,0.5,0.5,1492.238676843433,1550.2304898403193,-57.99181299688621,-0.25000000000000006,-0.46666666666666673,-0.36666666666666664,-0.001869885742298072,-2.166666666666667,-0.5,-2.4666666666666686,-3.4000000000000004,1,0,0,0,0,0,1,0,0,0,0,0,0,0,0,0,1,0,0,0,0,0,0,0,0,0,0,0,0,0,0,0,0,0,0,0,0,0,0,0,0,0,0,0,0,0,0,0,0,0,0,0,0,1,0,0,0,0,0,0,0,0,0,0,0,0,0,0,0,0,0,0
2011,0,1,0.5434782608695652,0.4,0.4,0.2,0.4,0.5,136.6,142.6,5.4,3.6,1.290566037735849,1.2751543467378608,6.717391304347826,5.92,0.5,0.5,0.5714285714285714,1509.3511856590642,1461.3633039151484,47.98788174391575,0.14347826086956517,0.2,-0.09999999999999998,0.015411690997988226,0.7973913043478262,0.0,-6.0,1.8000000000000003,0,0,0,1,0,0,0,0,0,0,0,0,0,0,0,0,0,1,0,0,0,0,0,0,0,0,0,0,0,0,0,0,0,0,0,0,0,0,0,0,0,0,1,0,0,0,0,0,0,0,0,0,0,0,0,0,0,0,0,0,0,0,0,0,0,0,0,0,0,0,0,0
2011,0,1,0.5434782608695652,0.6666666666666666,0.6,0.6666666666666666,0.6,0.6666666666666666,150.8,150.33333333333334,6.0,7.666666666666667,1.2895592485549132,1.3625377643504533,6.3478260869565215,7.666666666666667,0.4,0.5,0.5,1535.0744634093285,1507.83617808171,27.23828532761854,-0.12318840579710144,-0.06666666666666665,-0.06666666666666665,-0.07297851579554004,-1.3188405797101455,-0.09999999999999998,0.46666666666666856,-1.666666666666667,1,0,0,0,0,0,0,0,0,1,0,0,0,0,0,0,0,0,0,0,0,0,0,0,0,1,0,0,0,0,0,0,0,0,0,0,0,0,0,0,0,0,0,0,0,0,0,0,0,0,0,0,0,0,0,0,0,0,0,0,0,0,0,0,0,0,0,0,0,0,1,0
2011,1,0,0.4418604651162791,0.5,0.8,0.5,0.6,0.5,138.8,157.0,6.8,4.0,1.2242020755825338,1.3652173913043477,5.162790697674419,4.0,0.6875,0.5,0.5,1490.9713499781824,1503.8924853476922,-12.921135369509784,-0.05813953488372092,0.30000000000000004,0.09999999999999998,-0.14101531572181392,1.162790697674419,0.1875,-18.19999999999999,2.8,0,0,0,0,0,0,0,1,0,0,0,0,0,0,0,0,0,0,0,0,0,1,0,0,0,0,0,0,0,0,0,0,0,0,0,0,0,0,0,0,0,1,0,0,0,0,0,0,0,0,0,0,0,0,0,0,0,0,0,0,0,0,0,0,0,0,0,0,0,0,0,0
2011,0,0,0.4888888888888889,0.5652173913043478,0.4,0.4,0.5,0.4,167.4,133.0,4.8,3.8,1.3044692737430168,1.269644180874722,5.622222222222222,6.173913043478261,0.6153846153846154,0.5,0.3333333333333333,1477.3948604772384,1500.7937921639236,-23.398931686685273,-0.07632850241545891,0.0,0.09999999999999998,0.034825092868294716,-0.551690821256039,0.11538461538461542,34.400000000000006,1.0,1,0,0,0,0,0,0,0,0,0,0,1,0,0,0,0,0,0,0,0,0,0,0,0,0,0,0,1,0,0,0,0,0,0,0,0,0,0,0,0,0,0,0,0,0,0,0,0,0,0,0,0,0,0,0,0,0,0,1,0,0,0,0,0,0,0,0,0,0,0,0,0
2011,0,0,0.5531914893617021,0.5714285714285714,0.6,0.6,0.7,0.6,138.8,164.6,6.2,6.0,1.2838960579812622,1.3400920088601125,6.425531914893617,6.1020408163265305,0.5,0.5,0.42857142857142855,1544.2920847818375,1538.5766813360601,5.715403445777383,-0.018237082066869248,0.0,0.09999999999999998,-0.05619595087885032,0.3234910985670867,0.0,-25.799999999999983,0.20000000000000018,1,0,0,0,0,0,0,0,0,1,0,0,0,0,0,0,1,0,0,0,0,0,0,0,0,0,0,0,0,0,0,0,0,0,0,0,0,0,0,0,0,0,0,0,0,0,0,0,0,0,0,0,0,0,0,0,0,0,0,0,0,0,0,0,0,0,0,0,0,0,1,0
2011,0,0,0.4318181818181818,0.44,0.6,0.4,0.6,0.4,137.0,138.4,6.6,5.2,1.2197360872059668,1.230118443316413,5.204545454545454,5.28,0.6470588235294118,0.0,0.5,1481.3430787860166,1474.745699631652,6.597379154364489,-0.008181818181818179,0.19999999999999996,0.19999999999999996,-0.010382356110446134,-0.07545454545454611,0.6470588235294118,-1.4000000000000057,1.3999999999999995,0,0,0,0,0,0,0,1,0,0,0,0,0,0,0,0,0,0,0,0,0,0,0,0,0,0,0,0,0,1,0,0,0,0,0,0,0,0,0,0,0,1,0,0,0,0,0,0,0,0,0,0,0,0,0,0,0,0,0,0,0,0,0,0,0,0,0,0,0,0,0,0
2011,0,0,0.5319148936170213,0.5,0.2,0.6,0.3,0.6,144.4,171.6,4.4,5.2,1.2895610475839174,1.30956711531466,6.659574468085107,5.6521739130434785,0.4666666666666667,1.0,0.3333333333333333,1497.9787000409572,1488.0673194869382,9.911380554018933,0.03191489361702127,-0.39999999999999997,-0.3,-0.02000606773074254,1.0074005550416283,-0.5333333333333333,-27.19999999999999,-0.7999999999999998,1,0,0,1,0,0,0,0,0,0,0,0,0,0,0,0,0,0,0,0,0,0,0,0,0,0,1,0,0,0,0,0,0,0,0,0,0,0,0,0,0,0,1,0,0,0,0,0,0,0,0,0,0,0,0,0,0,0,0,0,0,0,0,0,0,0,0,0,0,0,0,0
2011,1,0,0.4117647058823529,0.5625,0.4,0.8,0.5,0.7,159.8,142.4,4.8,7.0,1.277187244480785,1.283837510803803,5.9411764705882355,6.479166666666667,0.1,1.0,0.5,1472.7357895332555,1554.1275970842707,-81.39180755101529,-0.15073529411764708,-0.4,-0.19999999999999996,-0.006650266323017906,-0.5379901960784315,-0.9,17.400000000000006,-2.2,0,0,1,0,0,0,0,0,0,0,0,0,0,0,0,0,0,0,0,0,0,0,0,0,1,0,0,0,0,0,0,0,0,0,0,0,0,0,0,0,0,0,0,0,0,0,0,0,0,0,0,0,0,0,0,0,0,0,0,1,0,0,0,0,0,0,0,0,0,0,0,0
2011,1,0,0.5531914893617021,0.6,0.4,0.6,0.4,0.6,136.0,152.0,4.8,5.0,1.2684429943810043,1.3036020583190395,6.191489361702128,5.0,0.75,0.5,0.5,1490.1213331542237,1513.520756539858,-23.399423385634236,-0.04680851063829783,-0.19999999999999996,-0.19999999999999996,-0.03515906393803525,1.1914893617021276,0.25,-16.0,-0.20000000000000018,1,0,0,0,0,0,0,0,0,0,0,0,1,0,0,0,0,0,0,0,0,1,0,0,0,0,0,0,0,0,0,0,0,0,0,0,0,0,0,0,0,0,0,0,0,0,0,0,0,0,0,0,0,0,0,0,0,0,0,0,0,0,1,0,0,0,0,0,0,0,0,0
2011,0,0,0.56,0.5,0.4,0.5,0.6,0.5,162.2,142.25,5.0,6.5,1.3372790930310103,1.2931818181818182,6.06,6.5,0.6,0.5,0.5,1528.7411690336269,1498.618556709201,30.122612324425972,0.06000000000000005,-0.09999999999999998,0.09999999999999998,0.044097274849192125,-0.4400000000000004,0.09999999999999998,19.94999999999999,-1.5,1,1,0,0,0,0,0,0,0,0,0,0,0,0,0,0,0,0,0,0,0,0,0,0,0,1,0,0,0,0,0,0,0,0,0,0,0,0,0,0,0,0,0,0,0,0,0,0,0,1,0,0,0,0,0,0,0,0,0,0,0,0,0,0,0,0,0,0,0,0,0,0
2011,0,0,0.5416666666666666,0.45098039215686275,0.4,0.4,0.3,0.4,163.8,156.2,4.2,4.2,1.3019105984138428,1.2360949692844099,6.645833333333333,5.2745098039215685,0.5,0.0,0.8333333333333334,1507.6935049371118,1484.9355646482481,22.757940288863665,0.09068627450980388,0.0,-0.10000000000000003,0.06581562912943295,1.3713235294117645,0.5,7.600000000000023,0.0,0,0,0,1,0,0,0,0,0,0,0,0,0,0,0,0,0,0,0,0,0,0,0,0,0,0,0,0,0,1,0,0,0,0,0,0,0,0,0,0,0,0,1,0,0,0,0,0,0,0,0,0,0,0,0,0,0,0,0,0,0,0,0,0,0,0,0,0,0,0,0,0
2011,1,1,0.4,0.5686274509803921,0.4,0.4,0.4,0.6,137.2,160.0,6.4,5.4,1.2184724689165187,1.3336056199967325,6.4,6.117647058823529,0.6666666666666666,0.6666666666666666,0.0,1489.483389327648,1537.8763364151798,-48.392947087531866,-0.1686274509803921,0.0,-0.19999999999999996,-0.11513315108021382,0.28235294117647136,0.0,-22.80000000000001,1.0,0,0,0,0,0,0,0,0,0,0,1,0,0,0,0,0,1,0,0,0,0,0,0,0,0,0,0,0,0,0,0,0,0,0,0,0,0,0,1,0,0,0,0,0,0,0,0,0,0,0,0,0,0,0,0,0,0,0,0,0,0,0,0,0,0,0,0,0,0,0,0,0
2011,1,0,0.5,0.40384615384615385,0.6,0.4,0.5,0.4,141.6,159.4,4.6,5.2,1.2308781869688386,1.2736453991663994,4.5,5.903846153846154,0.5,0.5,0.5,1502.8482834419226,1465.0364997199385,37.81178372198406,0.09615384615384615,0.19999999999999996,0.09999999999999998,-0.042767212197560855,-1.4038461538461542,0.0,-17.80000000000001,-0.6000000000000005,0,0,0,0,0,0,1,0,0,0,0,0,0,0,0,0,0,1,0,0,0,0,0,0,0,0,0,0,0,0,0,0,0,0,0,0,0,0,0,0,0,0,0,0,0,0,0,0,0,0,0,0,0,1,0,0,0,0,0,0,0,0,0,0,0,0,0,0,0,0,0,0
2011,1,0,0.5306122448979592,0.4222222222222222,0.4,0.6,0.3,0.5,176.8,141.0,5.2,6.0,1.3005108331865423,1.2222844344904815,6.653061224489796,5.111111111111111,0.47058823529411764,0.0,0.6,1497.0394139732825,1471.1532137694205,25.886200203862018,0.108390022675737,-0.19999999999999996,-0.2,0.07822639869606074,1.541950113378685,0.47058823529411764,35.80000000000001,-0.7999999999999998,0,0,0,1,0,0,0,0,0,0,0,0,0,0,0,0,0,0,0,0,0,0,1,0,0,0,0,0,0,0,0,0,0,0,0,0,0,0,0,0,0,0,1,0,0,0,0,0,0,0,0,0,0,0,0,0,0,0,0,0,0,0,0,0,0,0,0,0,0,0,0,0
2011,1,0,0.5625,0.5714285714285714,0.4,0.8,0.4,0.7,130.0,157.0,5.2,6.6,1.2687845796894521,1.2864398171660743,6.270833333333333,6.510204081632653,0.7692307692307693,0.5,0.4,1500.7938062521591,1561.8268868975877,-61.03308064542853,-0.008928571428571397,-0.4,-0.29999999999999993,-0.01765523747662212,-0.23937074829932037,0.2692307692307693,-27.0,-1.3999999999999995,1,0,0,0,0,0,0,0,0,0,0,0,1,0,0,0,0,0,0,0,0,0,0,0,1,0,0,0,0,0,0,0,0,0,0,0,0,0,0,0,0,0,0,0,0,0,0,0,0,0,0,0,0,0,0,0,0,0,0,0,0,0,1,0,0,0,0,0,0,0,0,0
2011,0,0,0.46153846153846156,0.3333333333333333,0.4,0.2,0.5,0.3333333333333333,156.0,142.8,4.4,5.2,1.237754271765663,1.2037845705967978,5.288461538461538,5.666666666666667,0.3333333333333333,0.5,0.5,1495.5896556120774,1480.8673122109994,14.722343401077978,0.12820512820512825,0.2,0.16666666666666669,0.03396970116886533,-0.37820512820512864,-0.16666666666666669,13.199999999999989,-0.7999999999999998,1,0,0,0,0,0,0,0,0,0,0,0,0,0,1,0,0,0,0,0,0,0,0,0,0,1,0,0,0,0,0,0,0,0,0,0,0,0,0,0,0,0,0,0,0,0,0,0,1,0,0,0,0,0,0,0,0,0,0,0,0,0,0,0,0,0,0,0,0,0,0,0
2011,0,1,0.42857142857142855,0.52,0.6,0.4,0.42857142857142855,0.3,126.8,172.8,4.8,5.8,1.165636588380717,1.2952939148422686,4.857142857142857,6.66,0.3333333333333333,0.5,0.5,1491.7642492862199,1486.2957248564328,5.468524429787067,-0.09142857142857147,0.19999999999999996,0.12857142857142856,-0.1296573264615517,-1.8028571428571434,-0.16666666666666669,-46.000000000000014,-1.0,0,0,0,0,0,0,1,0,0,0,0,0,0,0,0,0,0,0,1,0,0,0,0,0,0,0,0,0,0,0,0,0,0,0,0,0,0,0,0,0,0,0,0,0,0,0,0,0,0,0,0,0,0,1,0,0,0,0,0,0,0,0,0,0,0,0,0,0,0,0,0,0
2011,1,0,0.43478260869565216,0.48936170212765956,0.6,0.6,0.6,0.5,138.0,173.6,6.2,5.2,1.2211889132020424,1.3168475360256182,5.195652173913044,5.617021276595745,0.6111111111111112,0.5,0.5,1481.8969028862703,1478.3525145907836,3.5443882954866694,-0.0545790934320074,0.0,0.09999999999999998,-0.09565862282357585,-0.4213691026827009,0.11111111111111116,-35.599999999999994,1.0,1,0,0,0,0,0,0,1,0,0,0,0,0,0,0,0,0,0,0,0,0,0,0,0,0,0,1,0,0,0,0,0,0,0,0,0,0,0,0,0,0,1,0,0,0,0,0,0,0,0,0,0,0,0,0,0,0,0,0,0,0,0,0,0,0,0,0,0,0,0,0,0
2011,1,0,0.5714285714285714,0.2857142857142857,0.4,0.0,0.4,0.2857142857142857,118.6,143.6,5.6,4.6,1.260983721337301,1.20935960591133,6.3061224489795915,5.571428571428571,0.7857142857142857,0.5,0.5,1512.5326300845816,1471.290801876784,41.24182820779765,0.2857142857142857,0.4,0.11428571428571432,0.051624115425970896,0.7346938775510203,0.2857142857142857,-25.0,1.0,1,0,0,0,0,0,0,0,0,0,0,0,1,0,0,0,0,0,0,0,0,0,0,0,0,1,0,0,0,0,0,0,0,0,0,0,0,0,0,0,0,0,0,0,0,0,0,0,0,0,0,0,0,0,0,0,0,0,0,0,0,0,1,0,0,0,0,0,0,0,0,0
2011,1,1,0.5769230769230769,0.41509433962264153,0.6,0.6,0.7,0.4,151.4,154.4,5.8,6.4,1.33055733504164,1.268898318403269,6.115384615384615,5.981132075471698,0.625,1.0,0.42857142857142855,1546.4924135318283,1476.1205338756413,70.37187965618705,0.16182873730043534,0.0,0.29999999999999993,0.061659016638371034,0.13425253991291708,-0.375,-3.0,-0.6000000000000005,1,1,0,0,0,0,0,0,0,0,0,0,0,0,0,0,0,1,0,0,0,0,0,0,0,0,0,0,0,0,0,0,0,0,0,0,0,0,0,0,0,0,0,0,0,0,0,0,0,1,0,0,0,0,0,0,0,0,0,0,0,0,0,0,0,0,0,0,0,0,0,0
2011,0,0,0.56,0.4791666666666667,0.6,0.6,0.6,0.5,147.2,175.0,6.4,5.0,1.2755761896866191,1.3091383812010444,6.44,5.541666666666667,0.5714285714285714,0.5,0.3333333333333333,1550.0880630651652,1468.4545267475999,81.63353631756536,0.08083333333333337,0.0,0.09999999999999998,-0.0335621915144253,0.8983333333333334,0.0714285714285714,-27.80000000000001,1.4000000000000004,1,0,0,0,0,0,0,0,0,1,0,0,0,0,0,0,0,0,0,0,0,0,0,0,0,0,1,0,0,0,0,0,0,0,0,0,0,0,0,0,0,0,0,0,0,0,0,0,0,0,0,0,0,0,0,0,0,0,0,0,0,0,0,0,0,0,0,0,0,0,1,0
2011,0,0,0.5294117647058824,0.375,0.4,0.4,0.4,0.375,166.2,113.8,6.8,5.8,1.294465069186635,1.1505958829902492,6.7254901960784315,5.125,0.4444444444444444,0.5,1.0,1496.4531086454351,1481.6068654972175,14.846243148217582,0.15441176470588236,0.0,0.025000000000000022,0.1438691861963859,1.6004901960784315,-0.05555555555555558,52.39999999999999,1.0,0,0,0,1,0,0,0,0,0,0,0,0,0,0,0,0,0,0,0,0,0,1,0,0,0,0,0,0,0,0,0,0,0,0,0,0,0,0,0,0,0,0,1,0,0,0,0,0,0,0,0,0,0,0,0,0,0,0,0,0,0,0,0,0,0,0,0,0,0,0,0,0
2011,1,0,0.4074074074074074,0.44680851063829785,0.4,0.6,0.3,0.7,148.6,130.0,5.6,6.6,1.267345050878816,1.2188449848024316,5.962962962962963,5.212765957446808,0.09090909090909091,1.0,0.2857142857142857,1468.1187481830616,1491.794890729454,-23.676142546392384,-0.039401103230890466,-0.19999999999999996,-0.39999999999999997,0.04850006607638435,0.7501970055161546,-0.9090909090909091,18.599999999999994,-1.0,0,0,1,0,0,0,0,0,0,0,0,0,0,0,0,0,0,0,0,0,0,0,1,0,0,0,0,0,0,0,0,0,0,0,0,0,0,0,0,0,0,0,0,0,0,0,0,0,0,0,0,0,0,0,0,0,0,0,0,1,0,0,0,0,0,0,0,0,0,0,0,0
2011,0,1,0.5849056603773585,0.58,0.6,0.6,0.7,0.5,147.8,115.6,6.0,6.8,1.3305590452261307,1.2599451303155007,6.150943396226415,6.32,0.6470588235294118,0.5,0.42857142857142855,1554.494199224408,1521.351138920781,33.14306030362695,0.004905660377358512,0.0,0.19999999999999996,0.07061391491062996,-0.16905660377358522,0.1470588235294118,32.20000000000002,-0.7999999999999998,1,1,0,0,0,0,0,0,0,0,0,0,0,0,0,0,0,0,0,0,0,0,0,0,0,0,0,1,0,0,0,0,0,0,0,0,0,0,0,0,0,0,0,0,0,0,0,0,0,1,0,0,0,0,0,0,0,0,0,0,0,0,0,0,0,0,0,0,0,0,0,0
2011,1,0,0.25,0.5686274509803921,0.0,0.8,0.25,0.7,134.8,142.6,4.0,7.6,1.2044967880085653,1.276332899869961,5.375,6.470588235294118,0.5,0.6666666666666666,0.0,1462.4722930405844,1557.780764700724,-95.3084716601395,-0.31862745098039214,-0.8,-0.44999999999999996,-0.07183611186139571,-1.0955882352941178,-0.16666666666666663,-7.799999999999983,-3.5999999999999996,0,0,0,0,0,0,0,0,0,0,1,0,0,0,0,0,0,0,0,0,0,0,0,0,1,0,0,0,0,0,0,0,0,0,0,0,0,0,1,0,0,0,0,0,0,0,0,0,0,0,0,0,0,0,0,0,0,0,0,0,0,0,0,0,0,0,0,0,0,0,0,0
2011,0,0,0.4444444444444444,0.4583333333333333,0.4,0.6,0.4444444444444444,0.7,115.0,146.8,6.2,5.8,1.1748046875,1.2215422276621788,5.222222222222222,5.229166666666667,0.25,0.5,1.0,1492.0339148348703,1501.1144894577455,-9.080574622875247,-0.013888888888888895,-0.19999999999999996,-0.25555555555555554,-0.04673754016217879,-0.006944444444444642,-0.25,-31.80000000000001,0.40000000000000036,1,0,0,0,0,0,1,0,0,0,0,0,0,0,0,0,0,0,0,0,0,0,1,0,0,0,0,0,0,0,0,0,0,0,0,0,0,0,0,0,0,0,0,0,0,0,0,0,0,0,0,0,0,1,0,0,0,0,0,0,0,0,0,0,0,0,0,0,0,0,0,0
2011,0,0,0.4,0.5192307692307693,0.4,0.4,0.3,0.3,145.4,163.8,6.0,6.6,1.2663035254955364,1.2908610147083126,5.927272727272728,6.653846153846154,0.08333333333333333,1.0,0.5,1458.79914945477,1486.0260593077824,-27.22690985301233,-0.11923076923076925,0.0,0.0,-0.02455748921277623,-0.7265734265734265,-0.9166666666666666,-18.400000000000006,-0.5999999999999996,0,0,1,0,0,0,0,0,0,0,0,0,0,0,0,0,0,0,1,0,0,0,0,0,0,0,0,0,0,0,0,0,0,0,0,0,0,0,0,0,0,0,0,0,0,0,0,0,0,0,0,0,0,0,0,0,0,0,0,1,0,0,0,0,0,0,0,0,0,0,0,0
2011,0,0,0.4716981132075472,0.46938775510204084,0.6,0.4,0.5,0.4,164.2,163.6,5.2,5.2,1.2427385892116183,1.3053187862257074,5.283018867924528,5.530612244897959,0.375,0.5,0.5,1505.166165946293,1460.7618251120412,44.4043408342518,0.0023103581055063382,0.19999999999999996,0.09999999999999998,-0.06258019701408912,-0.2475933769734313,-0.125,0.5999999999999943,0.0,1,0,0,0,0,0,0,0,0,0,0,0,0,0,1,0,0,0,0,0,0,0,0,0,0,0,1,0,0,0,0,0,0,0,0,0,0,0,0,0,0,0,0,0,0,0,0,0,1,0,0,0,0,0,0,0,0,0,0,0,0,0,0,0,0,0,0,0,0,0,0,0
2011,0,1,0.4489795918367347,0.5925925925925926,0.6,0.8,0.6,0.7,149.4,151.4,5.4,6.6,1.2198253723677452,1.3297347316471313,5.224489795918367,6.148148148148148,0.631578947368421,1.0,0.16666666666666666,1490.8531890052668,1563.5431483410541,-72.68995933578731,-0.14361300075585787,-0.20000000000000007,-0.09999999999999998,-0.10990935927938605,-0.923658352229781,-0.368421052631579,-2.0,-1.1999999999999993,1,0,0,0,0,0,0,1,0,0,0,0,0,0,0,0,1,0,0,0,0,0,0,0,0,0,0,0,0,0,0,0,0,0,0,0,0,0,0,0,0,1,0,0,0,0,0,0,0,0,0,0,0,0,0,0,0,0,0,0,0,0,0,0,0,0,0,0,0,0,0,0
2011,0,0,0.5769230769230769,0.5283018867924528,0.8,0.4,0.7,0.4,149.8,153.4,7.0,6.4,1.2766093052899936,1.294346346994978,6.480769230769231,6.622641509433962,0.625,0.0,0.5714285714285714,1565.1043661929311,1495.2440060894578,69.86036010347334,0.04862119013062405,0.4,0.29999999999999993,-0.01773704170498447,-0.1418722786647315,0.625,-3.5999999999999943,0.5999999999999996,1,0,0,0,0,0,0,0,0,1,0,0,0,0,0,0,0,0,1,0,0,0,0,0,0,0,0,0,0,0,0,0,0,0,0,0,0,0,0,0,0,0,0,0,0,0,0,0,0,0,0,0,0,0,0,0,0,0,0,0,0,0,0,0,0,0,0,0,0,0,1,0
2011,0,1,0.48148148148148145,0.5,0.8,0.4,0.6,0.5,176.8,119.8,6.0,5.8,1.2512916862376702,1.1827676240208878,5.351851851851852,5.4,0.4117647058823529,0.5,1.0,1513.8950198766559,1502.295215287349,11.599804589306814,-0.018518518518518545,0.4,0.09999999999999998,0.06852406221678242,-0.04814814814814827,-0.08823529411764708,57.000000000000014,0.20000000000000018,1,0,0,0,0,0,0,0,0,0,0,0,0,0,1,0,0,0,0,0,0,1,0,0,0,0,0,0,0,0,0,0,0,0,0,0,0,0,0,0,0,0,0,0,0,0,0,0,1,0,0,0,0,0,0,0,0,0,0,0,0,0,0,0,0,0,0,0,0,0,0,0
2011,1,1,0.46,0.2222222222222222,0.2,0.0,0.3,0.2222222222222222,154.4,139.0,4.8,4.8,1.298113837422801,1.1947069943289226,5.54,5.555555555555555,0.6428571428571429,0.5,0.0,1452.0329711816782,1455.1486915483772,-3.1157203666989517,0.2377777777777778,0.2,0.07777777777777778,0.10340684309387838,-0.015555555555555323,0.1428571428571429,15.400000000000006,0.0,0,0,0,0,0,0,0,0,0,0,0,1,0,0,0,0,0,0,0,0,0,0,0,0,0,1,0,0,0,0,0,0,0,0,0,0,0,0,0,0,0,0,0,0,0,0,0,0,0,0,0,0,0,0,0,0,0,0,1,0,0,0,0,0,0,0,0,0,0,0,0,0
2011,1,0,0.5686274509803921,0.5818181818181818,0.6,0.8,0.5,0.6,128.8,143.0,6.8,6.2,1.2588176016123613,1.3222339942485244,6.235294117647059,6.072727272727272,0.8,0.0,0.5,1512.302189804135,1551.4809645949688,-39.17877479083381,-0.013190730837789655,-0.20000000000000007,-0.09999999999999998,-0.06341639263616305,0.16256684491978657,0.8,-14.199999999999989,0.5999999999999996,0,0,0,0,0,0,0,0,0,0,0,0,1,0,0,0,1,0,0,0,0,0,0,0,0,0,0,0,0,0,0,0,0,0,0,0,0,0,0,0,0,0,0,0,0,0,0,0,0,0,0,0,0,0,0,0,0,0,0,0,0,0,1,0,0,0,0,0,0,0,0,0
2011,1,1,0.39285714285714285,0.3,0.2,0.2,0.3,0.3,146.8,139.6,5.8,5.2,1.2687852687852688,1.1859468723221938,5.928571428571429,5.8,0.07692307692307693,0.5,0.5,1449.5812026730946,1465.0590163114034,-15.477813638308817,0.09285714285714286,0.0,0.0,0.082838396463075,0.128571428571429,-0.4230769230769231,7.200000000000017,0.5999999999999996,0,0,1,0,0,0,0,0,0,0,0,0,0,0,0,0,0,0,0,0,0,0,0,0,0,1,0,0,0,0,0,0,0,0,0,0,0,0,0,0,0,0,0,0,0,0,0,0,0,0,0,0,0,0,0,0,0,0,0,1,0,0,0,0,0,0,0,0,0,0,0,0
2011,0,0,0.45098039215686275,0.5849056603773585,0.0,0.8,0.3,0.8,139.2,152.6,4.4,7.2,1.2920962199312716,1.2796875,5.529411764705882,6.547169811320755,0.6,0.0,0.5714285714285714,1442.122646418652,1573.1202908935725,-130.99764447492043,-0.13392526822049572,-0.8,-0.5,0.012408719931271461,-1.0177580466148726,0.6,-13.400000000000006,-2.8,1,0,0,0,0,0,0,0,0,0,0,1,0,0,0,0,0,0,0,0,0,0,0,0,1,0,0,0,0,0,0,0,0,0,0,0,0,0,0,0,0,0,0,0,0,0,0,0,0,0,0,0,0,0,0,0,0,0,1,0,0,0,0,0,0,0,0,0,0,0,0,0
2011,0,0,0.5576923076923077,0.4909090909090909,0.6,1.0,0.5,0.7,126.0,170.0,6.0,6.8,1.2556378600823046,1.2552171896738291,6.173076923076923,5.418181818181818,0.75,0.5,0.5,1503.4250899911885,1523.5612746604272,-20.136184669238673,0.0667832167832168,-0.4,-0.19999999999999996,0.00042067040847548753,0.7548951048951054,0.25,-44.0,-0.7999999999999998,0,0,0,0,0,0,0,0,0,0,0,0,1,0,0,0,0,0,0,0,0,0,0,0,0,0,0,0,0,1,0,0,0,0,0,0,0,0,0,0,0,0,0,0,0,0,0,0,0,0,0,0,0,0,0,0,0,0,0,0,0,0,1,0,0,0,0,0,0,0,0,0
2011,1,1,0.5892857142857143,0.5185185185185185,0.8,0.4,0.6,0.4,153.8,150.6,6.4,5.8,1.326797385620915,1.2916335926337514,6.142857142857143,6.574074074074074,0.6666666666666666,1.0,0.5,1560.3580644079152,1487.2280813888165,73.12998301909874,0.07076719576719581,0.4,0.19999999999999996,0.035163792987163545,-0.43121693121693117,-0.33333333333333337,3.200000000000017,0.6000000000000005,1,1,0,0,0,0,0,0,0,0,0,0,0,0,0,0,0,0,1,0,0,0,0,0,0,0,0,0,0,0,0,0,0,0,0,0,0,0,0,0,0,0,0,0,0,0,0,0,0,1,0,0,0,0,0,0,0,0,0,0,0,0,0,0,0,0,0,0,0,0,0,0
2011,0,0,0.45454545454545453,0.46153846153846156,0.4,0.2,0.5,0.4,123.0,131.4,5.6,5.6,1.161189358372457,1.2927494385627205,5.0,5.615384615384615,0.5,0.5,0.5,1492.6289605035777,1455.7240009292432,36.9049595743345,-0.006993006993007034,0.2,0.09999999999999998,-0.13156008019026344,-0.615384615384615,0.0,-8.400000000000006,0.0,0,0,0,0,0,0,1,0,0,0,0,0,0,0,0,0,0,0,0,0,0,0,0,0,0,0,1,0,0,0,0,0,0,0,0,0,0,0,0,0,0,0,0,0,0,1,0,0,0,0,0,0,0,0,0,0,0,0,0,0,0,0,0,0,0,0,0,0,0,0,0,0
2011,1,0,0.5,0.46,1.0,0.8,0.7,0.7,165.2,127.4,7.0,6.0,1.258329529895025,1.2171409214092141,5.428571428571429,5.2,0.4444444444444444,0.5,0.5714285714285714,1532.9823567210165,1502.9153727513522,30.066983969664307,0.03999999999999998,0.19999999999999996,0.0,0.04118860848581085,0.22857142857142865,-0.05555555555555558,37.79999999999998,1.0,1,0,0,0,0,0,0,0,0,0,0,0,0,0,1,0,0,0,0,0,0,0,1,0,0,0,0,0,0,0,0,0,0,0,0,0,0,0,0,0,0,0,0,0,0,0,0,0,1,0,0,0,0,0,0,0,0,0,0,0,0,0,0,0,0,0,0,0,0,0,0,0
2011,0,1,0.5740740740740741,0.38596491228070173,0.6,0.2,0.7,0.3,135.6,147.0,7.2,5.8,1.277117728745564,1.2662290299051786,6.574074074074074,5.894736842105263,0.6666666666666666,0.5,0.5714285714285714,1559.5189363829813,1440.0263954907086,119.4925408922727,0.18810916179337234,0.39999999999999997,0.39999999999999997,0.010888698840385347,0.6793372319688116,0.16666666666666663,-11.400000000000006,1.4000000000000004,0,0,0,0,0,0,0,0,0,1,0,0,0,0,0,0,0,1,0,0,0,0,0,0,0,0,0,0,0,0,0,0,0,0,0,0,0,0,0,0,0,0,0,0,0,0,0,0,0,0,0,0,0,0,0,0,0,0,0,0,0,0,0,0,0,0,0,0,0,0,1,0
2011,0,0,0.4716981132075472,0.509090909090909,0.4,0.4,0.5,0.4,143.8,156.0,6.6,5.2,1.2972292191435768,1.2912969017593026,5.6415094339622645,6.527272727272727,0.0,0.5,0.5714285714285714,1466.7822340611665,1479.3023882740974,-12.520154212930947,-0.03739279588336186,0.0,0.09999999999999998,0.005932317384274244,-0.8857632933104629,-0.5,-12.199999999999989,1.3999999999999995,1,0,0,0,0,0,0,0,0,0,0,1,0,0,0,0,0,0,1,0,0,0,0,0,0,0,0,0,0,0,0,0,0,0,0,0,0,0,0,0,0,0,0,0,1,0,0,0,0,0,0,0,0,0,0,0,0,0,0,0,0,0,0,0,0,0,0,0,0,0,0,0
2011,1,0,0.4166666666666667,0.5471698113207547,0.4,0.4,0.5,0.4,143.8,133.0,5.0,4.2,1.1812366737739872,1.2538709677419355,4.916666666666667,6.0754716981132075,0.0,0.5,0.0,1481.5707273716544,1494.0040079305993,-12.433280558944944,-0.13050314465408802,0.0,0.09999999999999998,-0.0726342939679483,-1.1588050314465406,-0.5,10.800000000000011,0.7999999999999998,1,0,0,0,0,0,1,0,0,0,0,0,0,0,0,0,0,0,0,0,0,0,0,0,0,0,0,1,0,0,0,0,0,0,0,0,0,0,0,0,0,0,0,0,0,1,0,0,0,0,0,0,0,0,0,0,0,0,0,0,0,0,0,0,0,0,0,0,0,0,0,0
2011,0,0,0.36363636363636365,0.39655172413793105,0.4,0.2,0.3,0.4,138.8,148.2,6.4,5.4,1.18828125,1.263618119266055,6.0,5.931034482758621,0.4,0.2,1.0,1474.6138234937894,1453.3361844558535,21.27763903793584,-0.0329153605015674,0.2,-0.10000000000000003,-0.07533686926605498,0.068965517241379,0.2,-9.399999999999977,1.0,0,0,0,0,0,0,0,0,0,0,1,0,0,0,0,0,0,1,0,0,0,0,0,0,0,0,0,0,0,0,0,0,0,0,0,0,0,0,1,0,0,0,0,0,0,0,0,0,0,0,0,0,0,0,0,0,0,0,0,0,0,0,0,0,0,0,0,0,0,0,0,0
2011,1,1,0.48148148148148145,0.5087719298245614,0.6,1.0,0.5,0.7,150.6,154.0,7.2,6.6,1.2980398209600248,1.259170174383644,5.685185185185185,5.4035087719298245,0.3333333333333333,0.5,0.42857142857142855,1477.1424371620712,1542.119113262026,-64.97667609995483,-0.027290448343079976,-0.4,-0.19999999999999996,0.0388696465763807,0.28167641325536064,-0.16666666666666669,-3.4000000000000057,0.6000000000000005,1,0,0,0,0,0,0,0,0,0,0,1,0,0,0,0,0,0,0,0,0,0,0,0,0,0,0,0,0,1,0,0,0,0,0,0,0,0,0,0,0,0,0,0,1,0,0,0,0,0,0,0,0,0,0,0,0,0,0,0,0,0,0,0,0,0,0,0,0,0,0,0
2011,1,1,0.5964912280701754,0.46153846153846156,0.8,0.6,0.7,0.5,160.0,139.6,6.4,5.6,1.3288590604026846,1.2096219931271477,6.140350877192983,5.3076923076923075,0.6842105263157895,0.5,0.0,1568.2837575226342,1491.92843326957,76.35532425306428,0.13495276653171384,0.20000000000000007,0.19999999999999996,0.11923706727553696,0.8326585695006754,0.1842105263157895,20.400000000000006,0.8000000000000007,1,1,0,0,0,0,0,0,0,0,0,0,0,0,0,0,0,0,0,0,0,1,0,0,0,0,0,0,0,0,0,0,0,0,0,0,0,0,0,0,0,0,0,0,0,0,0,0,0,1,0,0,0,0,0,0,0,0,0,0,0,0,0,0,0,0,0,0,0,0,0,0
2011,0,0,0.3333333333333333,0.45098039215686275,0.4,0.6,0.2,0.6,135.0,115.6,6.2,5.4,1.1818830242510698,1.2157419786096257,5.833333333333333,5.215686274509804,0.3333333333333333,1.0,0.5,1464.0021683088307,1493.7786162103425,-29.7764479015118,-0.11764705882352944,-0.19999999999999996,-0.39999999999999997,-0.033858954358555904,0.617647058823529,-0.6666666666666667,19.400000000000006,0.7999999999999998,0,0,0,0,0,0,0,0,0,0,1,0,0,0,0,0,0,0,0,0,0,0,1,0,0,0,0,0,0,0,0,0,0,0,0,0,0,0,1,0,0,0,0,0,0,0,0,0,0,0,0,0,0,0,0,0,0,0,0,0,0,0,0,0,0,0,0,0,0,0,0,0
2011,1,1,0.5636363636363636,0.5370370370370371,0.6,0.2,0.6,0.3,141.8,133.4,7.8,3.0,1.2712967165985778,1.2467923332805322,6.5636363636363635,6.0,0.6,1.0,0.5,1546.2091474178364,1483.6463020326837,62.56284538515274,0.02659932659932651,0.39999999999999997,0.3,0.02450438331804561,0.5636363636363635,-0.4,8.400000000000006,4.8,0,0,0,0,0,0,0,0,0,1,0,0,0,0,0,0,0,0,0,0,0,0,0,0,0,0,0,1,0,0,0,0,0,0,0,0,0,0,0,0,0,0,0,0,0,0,0,0,0,0,0,0,0,0,0,0,0,0,0,0,0,0,0,0,0,0,0,0,0,0,1,0
2011,1,0,0.4909090909090909,0.4067796610169492,0.8,0.4,0.5,0.4,173.0,146.6,8.0,6.2,1.3084027252081756,1.2615189516697196,5.763636363636364,5.983050847457627,0.5,1.0,0.7142857142857143,1488.9911134089134,1463.9478396408122,25.043273768101244,0.08412942989214173,0.4,0.09999999999999998,0.046883773538455964,-0.2194144838212635,-0.5,26.400000000000006,1.7999999999999998,0,0,0,0,0,0,0,0,0,0,0,1,0,0,0,0,0,1,0,0,0,0,0,0,0,0,0,0,0,0,0,0,0,0,0,0,0,0,0,0,0,0,0,0,1,0,0,0,0,0,0,0,0,0,0,0,0,0,0,0,0,0,0,0,0,0,0,0,0,0,0,0
2011,1,0,0.5,0.603448275862069,0.8,0.8,0.7,0.7,142.0,157.4,6.0,5.8,1.2573246522639834,1.327408256880734,5.344827586206897,6.120689655172414,0.47368421052631576,0.5,0.5,1530.270437015184,1576.1207854998543,-45.85034848467035,-0.10344827586206895,0.0,0.0,-0.07008360461675056,-0.7758620689655169,-0.026315789473684237,-15.400000000000006,0.20000000000000018,1,0,0,0,0,0,0,0,0,0,0,0,0,0,1,0,1,0,0,0,0,0,0,0,0,0,0,0,0,0,0,0,0,0,0,0,0,0,0,0,0,0,0,0,0,0,0,0,1,0,0,0,0,0,0,0,0,0,0,0,0,0,0,0,0,0,0,0,0,0,0,0
2011,0,0,0.46153846153846156,0.5535714285714286,0.6,0.4,0.6,0.6,115.4,136.6,5.6,6.2,1.214719894857894,1.2680136681028078,5.25,6.446428571428571,0.65,0.5,0.16666666666666666,1502.9236733338912,1534.4276576137402,-31.503984279848964,-0.09203296703296704,0.19999999999999996,0.0,-0.05329377324491391,-1.1964285714285712,0.15000000000000002,-21.19999999999999,-0.6000000000000005,0,0,0,0,0,0,0,1,0,0,0,0,0,0,0,0,0,0,0,0,0,0,0,0,1,0,0,0,0,0,0,0,0,0,0,0,0,0,0,0,0,1,0,0,0,0,0,0,0,0,0,0,0,0,0,0,0,0,0,0,0,0,0,0,0,0,0,0,0,0,0,0
2011,0,0,0.5084745762711864,0.5932203389830508,0.8,0.6,0.8,0.7,126.8,153.2,5.8,5.0,1.2548734361361653,1.321881160236553,5.389830508474576,6.0508474576271185,1.0,0.3333333333333333,0.5555555555555556,1541.5825081509806,1564.8087143640576,-23.22620621307692,-0.0847457627118644,0.20000000000000007,0.10000000000000009,-0.06700772410038769,-0.6610169491525424,0.6666666666666667,-26.39999999999999,0.7999999999999998,0,0,0,0,0,0,0,0,0,0,0,0,0,0,1,0,1,0,0,0,0,0,0,0,0,0,0,0,0,0,0,0,0,0,0,0,0,0,0,0,0,0,0,0,0,0,0,0,0,0,0,0,0,0,0,0,0,0,0,0,0,0,0,0,0,0,0,0,0,0,1,0
2011,1,0,0.5614035087719298,0.4528301886792453,0.4,0.4,0.6,0.5,140.2,116.6,6.2,5.4,1.270672305673035,1.2190368819455628,6.456140350877193,5.245283018867925,0.5454545454545454,0.0,0.8571428571428571,1543.5233770586667,1493.8279538889647,49.69542316970205,0.1085733200926845,0.0,0.09999999999999998,0.051635423727472096,1.210857332009268,0.5454545454545454,23.599999999999994,0.7999999999999998,1,0,0,0,0,0,0,0,0,1,0,0,0,0,0,0,0,0,0,0,0,0,1,0,0,0,0,0,0,0,0,0,0,0,0,0,0,0,0,0,0,0,0,0,0,0,0,0,0,0,0,0,0,0,0,0,0,0,0,0,0,0,0,0,0,0,0,0,0,0,1,0
2011,0,0,0.5,0.5689655172413793,0.6,0.4,0.8,0.6,136.2,134.2,4.8,5.6,1.2574653521931705,1.2705764267278463,5.366666666666666,6.4655172413793105,0.3333333333333333,0.0,0.375,1532.2500180377774,1552.1027031305048,-19.85268509272737,-0.06896551724137934,0.19999999999999996,0.20000000000000007,-0.01311107453467586,-1.0988505747126442,0.3333333333333333,2.0,-0.7999999999999998,1,0,0,0,0,0,0,0,0,0,0,0,0,0,1,0,0,0,0,0,0,0,0,0,1,0,0,0,0,0,0,0,0,0,0,0,0,0,0,0,0,0,0,0,0,0,0,0,0,1,0,0,0,0,0,0,0,0,0,0,0,0,0,0,0,0,0,0,0,0,0,0
2011,1,1,0.6,0.5081967213114754,0.8,0.6,0.8,0.8,165.8,143.0,5.4,5.2,1.3236922225297536,1.260662177328844,6.016666666666667,5.409836065573771,0.7,0.5,0.5,1574.1412044772608,1542.8208031682318,31.320401309028966,0.09180327868852456,0.20000000000000007,0.0,0.0630300452009096,0.6068306010928959,0.19999999999999996,22.80000000000001,0.20000000000000018,1,1,0,0,0,0,0,0,0,0,0,0,0,0,0,0,0,0,0,0,0,0,0,0,0,0,0,0,0,1,0,0,0,0,0,0,0,0,0,0,0,0,0,0,0,0,0,0,0,1,0,0,0,0,0,0,0,0,0,0,0,0,0,0,0,0,0,0,0,0,0,0
2012,0,0,0.6065573770491803,0.559322033898305,0.8,0.4,0.8,0.5,167.6,145.2,5.0,4.8,1.329613500272183,1.2687429537767756,6.049180327868853,6.423728813559322,0.7142857142857143,0.0,0.5,1583.2421649067405,1541.5319180000504,41.710246906690145,0.0472353431508753,0.4,0.30000000000000004,0.06087054649540735,-0.37454848569046906,0.7142857142857143,22.400000000000006,0.20000000000000018,0,1,0,0,0,0,0,0,0,0,0,0,0,0,0,0,0,0,0,0,0,0,0,0,1,0,0,0,0,0,0,0,0,0,0,0,0,0,0,0,0,0,0,0,0,0,0,0,0,1,0,0,0,0,0,0,0,0,0,0,0,0,0,0,0,0,0,0,0,0,0,0
2012,0,0,0.4444444444444444,0.5,0.4,0.2,0.5,0.3,118.2,152.8,5.6,4.4,1.2183799147323544,1.2883763555827097,5.2592592592592595,6.517857142857143,0.6190476190476191,0.0,0.5,1485.2486278171266,1468.9421851731927,16.306442643933906,-0.05555555555555558,0.2,0.2,-0.06999644085035528,-1.2585978835978837,0.6190476190476191,-34.60000000000001,1.1999999999999993,0,0,0,0,0,0,0,1,0,0,0,0,0,0,0,0,0,0,1,0,0,0,0,0,0,0,0,0,0,0,0,0,0,0,0,0,0,0,0,0,0,1,0,0,0,0,0,0,0,0,0,0,0,0,0,0,0,0,0,0,0,0,0,0,0,0,0,0,0,0,0,0
2012,1,0,0.5666666666666667,0.3076923076923077,0.6,0.4,0.6,0.2,143.2,130.0,5.6,6.0,1.2663888888888888,1.1631716906946266,6.483333333333333,5.615384615384615,0.5833333333333334,0.0,1.0,1552.7267010118996,1454.857111185282,97.86958982661758,0.25897435897435894,0.19999999999999996,0.39999999999999997,0.10321719819426223,0.8679487179487184,0.5833333333333334,13.199999999999989,-0.40000000000000036,0,0,0,0,0,0,0,0,0,1,0,0,0,0,0,0,0,0,0,0,0,0,0,0,0,1,0,0,0,0,0,0,0,0,0,0,0,0,0,0,0,0,0,0,0,0,0,0,0,0,0,0,0,0,0,0,0,0,0,0,0,0,0,0,0,0,0,0,0,0,1,0
2012,0,0,0.5454545454545454,0.48214285714285715,0.2,0.8,0.4,0.4,131.4,172.4,2.6,7.4,1.251954957772912,1.3030798988245798,5.9818181818181815,5.696428571428571,0.7058823529411765,0.0,0.5714285714285714,1495.42779183678,1478.2715557885856,17.156236048194387,0.06331168831168826,-0.6000000000000001,0.0,-0.05112494105166765,0.2853896103896103,0.7058823529411765,-41.0,-4.800000000000001,1,0,0,0,0,0,0,0,0,0,0,0,1,0,0,0,0,0,0,0,0,0,0,0,0,0,1,0,0,0,0,0,0,0,0,0,0,0,0,0,0,0,0,0,0,0,0,0,0,0,0,0,0,0,0,0,0,0,0,0,0,0,1,0,0,0,0,0,0,0,0,0
2012,0,0,0.5,0.5087719298245614,0.4,0.4,0.7,0.4,151.4,144.8,5.4,5.6,1.2597241379310344,1.290249433106576,5.403225806451613,6.56140350877193,0.5,1.0,0.2857142857142857,1533.719842738752,1479.4111780089731,54.30866472977891,-0.00877192982456143,0.0,0.29999999999999993,-0.030525295175541478,-1.1581777023203168,-0.5,6.599999999999994,-0.1999999999999993,1,0,0,0,0,0,0,0,0,0,0,0,0,0,1,0,0,0,1,0,0,0,0,0,0,0,0,0,0,0,0,0,0,0,0,0,0,0,0,0,0,0,0,0,0,0,0,0,1,0,0,0,0,0,0,0,0,0,0,0,0,0,0,0,0,0,0,0,0,0,0,0
2012,1,0,0.4166666666666667,0.5967741935483871,0.6,0.6,0.5,0.7,156.4,154.8,7.4,4.4,1.2674515235457064,1.3221835697083222,6.05,6.0,0.5,0.5,0.5,1474.66739726114,1572.0473818948913,-97.37998463375129,-0.18010752688172044,0.0,-0.19999999999999996,-0.05473204616261573,0.04999999999999982,0.0,1.5999999999999943,3.0,0,0,1,0,0,0,0,0,0,0,0,0,0,0,0,0,1,0,0,0,0,0,0,0,0,0,0,0,0,0,0,0,0,0,0,0,0,0,0,1,0,0,0,0,0,0,0,0,0,0,0,0,0,0,0,0,0,0,0,0,0,0,0,0,0,0,0,0,0,0,0,0
2012,0,0,0.5535714285714286,0.43636363636363634,0.4,0.2,0.5,0.5,140.2,125.4,4.0,5.2,1.2568624444103664,1.2194474793194943,6.035714285714286,5.2,0.7222222222222222,0.5,0.42857142857142855,1504.9343966272359,1474.7796349813461,30.15476164588972,0.11720779220779226,0.2,0.0,0.037414965090872165,0.8357142857142854,0.2222222222222222,14.799999999999983,-1.2000000000000002,1,0,0,0,0,0,0,0,0,0,0,0,1,0,0,0,0,0,0,0,0,0,1,0,0,0,0,0,0,0,0,0,0,0,0,0,0,0,0,0,0,0,0,0,0,0,0,0,0,0,0,0,0,0,0,0,0,0,0,0,0,0,1,0,0,0,0,0,0,0,0,0
2012,1,1,0.35714285714285715,0.47368421052631576,0.6,0.6,0.3,0.4,128.0,171.8,6.4,6.2,1.1546391752577319,1.3032295776706122,5.857142857142857,5.666666666666667,0.5,0.5,1.0,1467.6018083365973,1468.7649509981297,-1.1631426615324472,-0.11654135338345861,0.0,-0.10000000000000003,-0.14859040241288035,0.1904761904761898,0.0,-43.80000000000001,0.20000000000000018,1,0,0,0,0,0,0,0,0,0,1,0,0,0,0,0,0,0,0,0,0,0,0,0,0,0,1,0,0,0,0,0,0,0,0,0,0,0,0,0,0,0,0,0,0,0,0,0,0,0,0,0,0,0,0,0,0,0,0,0,0,0,0,0,0,0,0,1,0,0,0,0
2012,1,1,0.4098360655737705,0.5573770491803278,0.6,0.6,0.4,0.5,145.2,136.8,7.4,7.4,1.2653562653562653,1.2587383943200436,6.049180327868853,6.524590163934426,0.0,0.5,0.5,1467.3990590081878,1539.9820038605844,-72.58294485239662,-0.14754098360655732,0.0,-0.09999999999999998,0.00661787103622169,-0.4754098360655732,-0.5,8.399999999999977,0.0,0,0,1,0,0,0,0,0,0,0,0,0,0,0,0,0,0,0,0,0,0,0,0,0,1,0,0,0,0,0,0,0,0,0,0,0,0,0,0,1,0,0,0,0,0,0,0,0,0,0,0,0,0,0,0,0,0,0,0,0,0,0,0,0,0,0,0,0,0,0,0,0
2012,1,0,0.5079365079365079,0.42857142857142855,0.6,0.2,0.7,0.4,158.6,136.0,6.4,5.0,1.2601736299511666,1.2178505817513778,5.428571428571429,5.196428571428571,0.5238095238095238,0.3333333333333333,0.625,1542.169321528648,1465.6453860034105,76.52393552523745,0.07936507936507936,0.39999999999999997,0.29999999999999993,0.042323048199788715,0.23214285714285765,0.19047619047619052,22.599999999999994,1.4000000000000004,0,0,0,0,0,0,0,0,0,0,0,0,0,0,1,0,0,0,0,0,0,0,1,0,0,0,0,0,0,0,0,0,0,0,0,0,0,0,0,0,0,0,0,0,0,0,0,0,1,0,0,0,0,0,0,0,0,0,0,0,0,0,0,0,0,0,0,0,0,0,0,0
2012,1,0,0.5,0.6031746031746031,0.2,0.6,0.3,0.7,136.4,163.0,6.2,5.4,1.287219830785216,1.3254834890146034,6.586206896551724,6.063492063492063,0.42105263157894735,1.0,0.42857142857142855,1470.9616992190772,1579.3157201478434,-108.3540209287662,-0.10317460317460314,-0.39999999999999997,-0.39999999999999997,-0.038263658229387376,0.5227148330596609,-0.5789473684210527,-26.599999999999994,0.7999999999999998,1,0,0,1,0,0,0,0,0,0,0,0,0,0,0,0,1,0,0,0,0,0,0,0,0,0,0,0,0,0,0,0,0,0,0,0,0,0,0,0,0,0,1,0,0,0,0,0,0,0,0,0,0,0,0,0,0,0,0,0,0,0,0,0,0,0,0,0,0,0,0,0
2012,0,0,0.5645161290322581,0.5614035087719298,0.6,0.6,0.5,0.6,129.6,146.4,7.8,5.4,1.2575228371843095,1.2582781456953642,6.564516129032258,6.105263157894737,0.5384615384615384,1.0,0.42857142857142855,1547.9227694407411,1514.0686456051715,33.85412383556968,0.003112620260328325,0.0,-0.09999999999999998,-0.0007553085110547642,0.45925297113752084,-0.46153846153846156,-16.80000000000001,2.3999999999999995,1,0,0,0,0,0,0,0,0,1,0,0,0,0,0,0,0,0,0,0,0,0,0,0,0,0,0,1,0,0,0,0,0,0,0,0,0,0,0,0,0,0,0,0,0,0,0,0,0,0,0,0,0,0,0,0,0,0,0,0,0,0,0,0,0,0,0,0,0,0,1,0
2012,0,1,0.59375,0.5,0.6,0.4,0.6,0.6,159.4,157.4,5.4,6.4,1.3184466019417476,1.2552340312041605,6.0,5.46875,0.6818181818181818,0.4,0.5454545454545454,1566.2943653603904,1530.0017240153777,36.292641345012726,0.09375,0.19999999999999996,0.0,0.06321257073758701,0.53125,0.28181818181818175,2.0,-1.0,1,1,0,0,0,0,0,0,0,0,0,0,0,0,0,0,0,0,0,0,0,0,0,0,0,0,0,0,0,1,0,0,0,0,0,0,0,0,0,0,0,0,0,0,0,0,0,0,0,1,0,0,0,0,0,0,0,0,0,0,0,0,0,0,0,0,0,0,0,0,0,0
2012,1,0,0.46551724137931033,0.4,0.4,0.6,0.4,0.4,164.4,137.2,6.0,6.4,1.300703315630831,1.16751269035533,5.672413793103448,6.0,0.625,1.0,0.0,1458.7314731862812,1477.6352861484459,-18.903812962164693,0.06551724137931031,-0.19999999999999996,0.0,0.13319062527550107,-0.3275862068965516,-0.375,27.200000000000017,-0.40000000000000036,1,0,0,0,0,0,0,0,0,0,0,1,0,0,0,0,0,0,0,0,0,0,0,0,0,1,0,0,0,0,0,0,0,0,0,0,0,0,0,0,0,0,0,0,0,0,0,0,0,0,0,0,0,0,0,0,0,0,1,0,0,0,0,0,0,0,0,0,0,0,0,0
2012,0,1,0.43859649122807015,0.5517241379310345,0.2,0.6,0.4,0.5,145.2,151.2,5.4,6.4,1.2203186053501653,1.2609016999260902,5.2631578947368425,6.103448275862069,0.5909090909090909,0.3333333333333333,0.5,1477.8129835166808,1505.0399734520634,-27.226989935382562,-0.11312764670296432,-0.39999999999999997,-0.09999999999999998,-0.040583094575924905,-0.8402903811252269,0.2575757575757576,-6.0,-1.0,1,0,0,0,0,0,0,1,0,0,0,0,0,0,0,0,0,0,0,0,0,0,0,0,0,0,0,1,0,0,0,0,0,0,0,0,0,0,0,0,0,1,0,0,0,0,0,0,0,0,0,0,0,0,0,0,0,0,0,0,0,0,0,0,0,0,0,0,0,0,0,0
2012,0,1,0.375,0.6,0.4,0.6,0.4,0.7,132.8,165.6,5.4,6.2,1.154862579281184,1.3241177220028029,5.8125,6.030769230769231,1.0,0.5,0.0,1467.0917269525282,1575.2535620335207,-108.16183508099243,-0.22499999999999998,-0.19999999999999996,-0.29999999999999993,-0.1692551427216189,-0.21826923076923066,0.5,-32.79999999999998,-0.7999999999999998,1,0,0,0,0,0,0,0,0,0,1,0,0,0,0,0,1,0,0,0,0,0,0,0,0,0,0,0,0,0,0,0,0,0,0,0,0,0,0,0,0,0,0,0,0,0,0,0,0,0,0,0,0,0,0,0,0,0,0,0,0,0,0,0,0,0,0,1,0,0,0,0
2012,1,0,0.4482758620689655,0.4745762711864407,0.4,0.4,0.4,0.5,137.6,153.6,5.4,6.4,1.2187453874538745,1.2976106319807719,5.258620689655173,5.745762711864407,0.6086956521739131,0.3333333333333333,0.5714285714285714,1488.5950390258638,1469.2750323821988,19.32000664366501,-0.026300409117475165,0.0,-0.09999999999999998,-0.07886524452689736,-0.48714202220923397,0.27536231884057977,-16.0,-1.0,0,0,0,0,0,0,0,1,0,0,0,0,0,0,0,0,0,0,0,0,0,0,0,0,0,0,1,0,0,0,0,0,0,0,0,0,0,0,0,0,0,1,0,0,0,0,0,0,0,0,0,0,0,0,0,0,0,0,0,0,0,0,0,0,0,0,0,0,0,0,0,0
2012,0,1,0.49230769230769234,0.5423728813559322,0.4,0.6,0.5,0.4,163.4,158.0,6.6,7.0,1.260715690129768,1.2570391872278666,5.461538461538462,6.084745762711864,0.5,0.5,0.5714285714285714,1521.0425273422475,1494.2579179428803,26.784609399367127,-0.050065189048239866,-0.19999999999999996,0.09999999999999998,0.0036765029019014683,-0.6232073011734025,0.0,5.400000000000006,-0.40000000000000036,0,0,0,0,0,0,0,0,0,0,0,0,0,0,1,0,0,0,0,0,0,0,0,0,0,0,0,1,0,0,0,0,0,0,0,0,0,0,0,0,0,0,0,0,0,0,0,0,1,0,0,0,0,0,0,0,0,0,0,0,0,0,0,0,0,0,0,0,0,0,0,0
2012,0,0,0.5714285714285714,0.5084745762711864,0.6,0.4,0.5,0.4,139.4,129.4,8.4,7.0,1.2636171337916446,1.2883966554202728,6.619047619047619,6.610169491525424,0.5714285714285714,0.0,0.625,1556.9514415938493,1483.9830540065302,72.96838758731906,0.06295399515738498,0.19999999999999996,0.09999999999999998,-0.024779521628628176,0.008878127522194745,0.5714285714285714,10.0,1.4000000000000004,0,0,0,0,0,0,0,0,0,1,0,0,0,0,0,0,0,0,1,0,0,0,0,0,0,0,0,0,0,0,0,0,0,0,0,0,0,0,0,0,0,0,0,0,0,0,0,0,0,0,0,0,0,0,0,0,0,0,0,0,0,0,0,0,0,0,0,0,0,0,1,0
2012,0,1,0.55,0.4032258064516129,0.6,0.6,0.4,0.4,170.2,145.6,8.0,7.6,1.263157894736842,1.2629883205799437,6.15,6.032258064516129,0.7368421052631579,0.0,0.8571428571428571,1505.0273173380856,1459.458293428031,45.56902391005451,0.14677419354838717,0.0,0.0,0.00016957415689833333,0.11774193548387135,0.7368421052631579,24.599999999999994,0.40000000000000036,1,0,0,0,0,0,0,0,0,0,0,0,1,0,0,0,0,1,0,0,0,0,0,0,0,0,0,0,0,0,0,0,0,0,0,0,0,0,0,0,0,0,0,0,0,0,0,0,0,0,0,0,0,0,0,0,0,0,0,0,0,0,1,0,0,0,0,0,0,0,0,0
2012,0,1,0.48484848484848486,0.4117647058823529,0.2,0.6,0.4,0.5,153.6,136.8,5.4,5.6,1.2587430636211123,1.1640974639482844,5.409090909090909,5.764705882352941,0.4782608695652174,0.0,1.0,1510.2731279470422,1480.1080542994523,30.165073647589907,0.07308377896613194,-0.39999999999999997,-0.09999999999999998,0.09464559967282793,-0.35561497326203195,0.4782608695652174,16.799999999999983,-0.1999999999999993,1,0,0,0,0,0,0,0,0,0,0,0,0,0,1,0,0,0,0,0,0,0,0,0,0,1,0,0,0,0,0,0,0,0,0,0,0,0,0,0,0,0,0,0,0,0,0,0,1,0,0,0,0,0,0,0,0,0,0,0,0,0,0,0,0,0,0,0,0,0,0,0
2012,1,1,0.48333333333333334,0.4406779661016949,0.4,0.4,0.6,0.4,134.0,134.6,5.8,6.0,1.2944120100083403,1.216325938813977,5.766666666666667,5.322033898305085,0.6470588235294118,0.5,0.5,1479.8305344190578,1478.0395369890048,1.7909974300530394,0.04265536723163843,0.0,0.19999999999999996,0.07808607119436317,0.44463276836158183,0.1470588235294118,-0.5999999999999943,-0.20000000000000018,0,0,0,0,0,0,0,0,0,0,0,1,0,0,0,0,0,0,0,0,0,0,1,0,0,0,0,0,0,0,0,0,0,0,0,0,0,0,0,0,0,0,0,0,0,0,0,0,0,0,0,0,0,0,0,0,0,0,1,0,0,0,0,0,0,0,0,0,0,0,0,0
2012,0,1,0.5166666666666667,0.3968253968253968,0.6,0.4,0.5,0.3,116.4,157.8,8.2,7.0,1.2841435185185186,1.268022181146026,6.666666666666667,6.015873015873016,0.45,0.6666666666666666,0.5555555555555556,1496.0529094970154,1450.762405943192,45.29050355382333,0.11984126984126992,0.19999999999999996,0.2,0.01612133737249266,0.6507936507936511,-0.21666666666666662,-41.400000000000006,1.1999999999999993,1,0,0,1,0,0,0,0,0,0,0,0,0,0,0,0,0,1,0,0,0,0,0,0,0,0,0,0,0,0,0,0,0,0,0,0,0,0,0,0,0,0,1,0,0,0,0,0,0,0,0,0,0,0,0,0,0,0,0,0,0,0,0,0,0,0,0,0,0,0,0,0
2012,0,0,0.5909090909090909,0.3888888888888889,0.4,0.6,0.6,0.5,155.6,149.6,5.2,5.8,1.3229650068982817,1.1822867853795689,5.984848484848484,5.666666666666667,0.6956521739130435,0.0,0.6666666666666666,1562.2372346865966,1470.9740998994127,91.26313478718384,0.20202020202020204,-0.19999999999999996,0.09999999999999998,0.1406782215187128,0.31818181818181746,0.6956521739130435,6.0,-0.5999999999999996,1,1,0,0,0,0,0,0,0,0,0,0,0,0,0,0,0,0,0,0,0,0,0,0,0,1,0,0,0,0,0,0,0,0,0,0,0,0,0,0,0,0,0,0,0,0,0,0,0,1,0,0,0,0,0,0,0,0,0,0,0,0,0,0,0,0,0,0,0,0,0,0
2012,0,0,0.47540983606557374,0.4925373134328358,0.4,0.4,0.6,0.4,135.6,161.4,5.8,5.6,1.2897758337889558,1.262542868029976,5.704918032786885,5.417910447761194,0.6111111111111112,0.5,0.5,1469.7789858258577,1519.4070823470818,-49.62809652122405,-0.017127477367262056,0.0,0.19999999999999996,0.02723296575897982,0.287007585025691,0.11111111111111116,-25.80000000000001,0.20000000000000018,0,0,0,0,0,0,0,0,0,0,0,1,0,0,0,0,0,0,0,0,0,0,0,0,0,0,0,0,0,1,0,0,0,0,0,0,0,0,0,0,0,0,0,0,0,0,0,0,0,0,0,0,0,0,0,0,0,0,1,0,0,0,0,0,0,0,0,0,0,0,0,0
2012,0,1,0.5970149253731343,0.5573770491803278,0.6,0.6,0.6,0.5,166.0,171.4,6.0,6.6,1.3234494687422782,1.2688156972669937,6.0,6.081967213114754,0.7083333333333334,0.3333333333333333,0.5555555555555556,1569.6692630126843,1513.7232048229246,55.9460581897597,0.039637876192806454,0.0,0.09999999999999998,0.054633771475284476,-0.08196721311475397,0.37500000000000006,-5.400000000000006,-0.5999999999999996,1,1,0,0,0,0,0,0,0,0,0,0,0,0,0,0,0,0,0,0,0,0,0,0,0,0,0,1,0,0,0,0,0,0,0,0,0,0,0,0,0,0,0,0,0,0,0,0,0,1,0,0,0,0,0,0,0,0,0,0,0,0,0,0,0,0,0,0,0,0,0,0
2012,1,0,0.5245901639344263,0.3684210526315789,0.8,0.4,0.5,0.5,120.6,154.0,8.6,5.0,1.2854501493386432,1.1842338352524358,6.688524590163935,5.631578947368421,0.47619047619047616,0.5,1.0,1504.7566779276262,1463.542071573325,41.21460635430117,0.15616911130284733,0.4,0.0,0.10121631408620746,1.0569456427955135,-0.023809523809523836,-33.400000000000006,3.5999999999999996,0,0,0,1,0,0,0,0,0,0,0,0,0,0,0,0,0,0,0,0,0,0,0,0,0,1,0,0,0,0,0,0,0,0,0,0,0,0,0,0,0,0,1,0,0,0,0,0,0,0,0,0,0,0,0,0,0,0,0,0,0,0,0,0,0,0,0,0,0,0,0,0
2012,1,1,0.5625,0.46774193548387094,0.6,0.4,0.5,0.5,129.4,136.2,8.2,6.0,1.2558563248308172,1.2903616077429763,6.5625,5.693548387096774,0.5333333333333333,0.3333333333333333,0.375,1544.881586103364,1461.1977609962903,83.68382510707374,0.09475806451612906,0.19999999999999996,0.0,-0.03450528291215904,0.868951612903226,0.2,-6.799999999999983,2.1999999999999993,0,0,0,0,0,0,0,0,0,1,0,0,0,0,0,0,0,0,0,0,0,0,0,0,0,0,1,0,0,0,0,0,0,0,0,0,0,0,0,0,0,0,0,0,0,0,0,0,0,0,0,0,0,0,0,0,0,0,0,0,0,0,0,0,0,0,0,0,0,0,1,0
2012,0,0,0.390625,0.45,0.2,0.6,0.3,0.4,161.6,140.6,6.2,7.0,1.2676623376623377,1.217093039874232,6.0,5.35,1.0,0.5,0.25,1442.0586375125813,1488.0910855822049,-46.03244806962357,-0.05937500000000001,-0.39999999999999997,-0.10000000000000003,0.050569297788105816,0.6500000000000004,0.5,21.0,-0.7999999999999998,0,0,1,0,0,0,0,0,0,0,0,0,0,0,0,0,0,0,0,0,0,0,1,0,0,0,0,0,0,0,0,0,1,0,0,0,0,0,0,0,0,0,0,0,0,0,0,0,0,0,0,0,0,0,0,0,0,0,0,0,0,0,0,0,0,0,0,0,0,0,0,0
2012,1,0,0.5483870967741935,0.5,0.4,0.4,0.5,0.5,167.8,163.2,5.2,5.4,1.2674290438137228,1.2635658914728682,6.032258064516129,5.426470588235294,0.75,0.6666666666666666,0.5,1505.3196870687104,1527.9883071766492,-22.66862010793875,0.048387096774193505,0.0,0.0,0.0038631523408545476,0.6057874762808346,0.08333333333333337,4.600000000000023,-0.20000000000000018,0,0,0,0,0,0,0,0,0,0,0,0,1,0,0,0,0,0,0,0,0,0,0,0,0,0,0,0,0,1,0,0,0,0,0,0,0,0,0,0,0,0,0,0,0,0,0,0,0,0,0,0,0,0,0,0,0,0,0,0,0,0,1,0,0,0,0,0,0,0,0,0
2012,1,1,0.4,0.5161290322580645,0.4,0.6,0.5,0.5,159.2,135.0,4.8,7.4,1.2001675041876048,1.2875716482594715,5.7,6.629032258064516,1.0,0.5,0.5,1474.7227901592041,1493.5759593417472,-18.85316918254307,-0.11612903225806448,-0.19999999999999996,0.0,-0.0874041440718667,-0.9290322580645158,0.5,24.19999999999999,-2.6000000000000005,0,0,0,0,0,0,0,0,0,0,1,0,0,0,0,0,0,0,1,0,0,0,0,0,0,0,0,0,0,0,0,0,0,0,0,0,0,0,0,0,0,0,0,0,0,0,0,0,0,0,0,0,0,0,0,0,0,0,0,0,0,0,0,0,0,0,0,1,0,0,0,0
2012,1,1,0.47619047619047616,0.5538461538461539,0.6,0.4,0.5,0.5,140.2,139.0,6.0,7.0,1.2914021164021163,1.2566269688820593,5.698412698412699,6.523076923076923,0.5789473684210527,0.0,0.6666666666666666,1473.5608532191238,1532.5184938805305,-58.957640661406685,-0.07765567765567771,0.19999999999999996,0.0,0.03477514752005706,-0.8246642246642244,0.5789473684210527,1.1999999999999886,-1.0,0,0,0,0,0,0,0,0,0,0,0,1,0,0,0,0,0,0,0,0,0,0,0,0,1,0,0,0,0,0,0,0,0,0,0,0,0,0,0,0,0,0,0,0,0,0,0,0,0,0,0,0,0,0,0,0,0,0,1,0,0,0,0,0,0,0,0,0,0,0,0,0
2012,0,1,0.38095238095238093,0.38461538461538464,0.4,0.0,0.4,0.3,165.4,147.2,4.6,5.2,1.200956937799043,1.2641605932745172,5.523809523809524,5.984615384615385,0.6666666666666666,0.5,0.5,1465.2648960051756,1433.375859311392,31.88903669378351,-0.0036630036630037055,0.4,0.10000000000000003,-0.06320365547547424,-0.46080586080586095,0.16666666666666663,18.200000000000017,-0.6000000000000005,0,0,0,0,0,0,0,0,0,0,1,0,0,0,0,0,0,1,0,0,0,0,0,0,0,0,0,0,0,0,0,0,0,0,0,0,0,0,0,0,0,0,0,0,0,0,0,0,0,0,0,0,0,0,0,0,0,0,0,0,0,0,0,0,0,0,0,1,0,0,0,0
2012,0,0,0.5238095238095238,0.5606060606060606,0.8,0.6,0.5,0.6,137.2,153.0,6.2,5.8,1.2905806095710937,1.2586989409984872,6.555555555555555,6.46969696969697,0.45454545454545453,0.6666666666666666,0.4444444444444444,1503.0338534957757,1540.8376594348567,-37.80380593908103,-0.036796536796536716,0.20000000000000007,-0.09999999999999998,0.031881668572606436,0.08585858585858563,-0.2121212121212121,-15.800000000000011,0.40000000000000036,1,0,0,1,0,0,0,0,0,0,0,0,0,0,0,0,0,0,0,0,0,0,0,0,1,0,0,0,0,0,0,0,0,0,0,0,0,0,0,0,0,0,1,0,0,0,0,0,0,0,0,0,0,0,0,0,0,0,0,0,0,0,0,0,0,0,0,0,0,0,0,0
2012,0,1,0.6029411764705882,0.46875,0.6,0.4,0.6,0.4,156.8,150.6,4.8,5.2,1.321850273889227,1.2920895134009889,5.970588235294118,5.703125,0.72,0.0,0.8571428571428571,1578.0727807668984,1465.2416876647976,112.8310931021008,0.1341911764705882,0.19999999999999996,0.19999999999999996,0.02976076048823817,0.26746323529411775,0.72,6.200000000000017,-0.40000000000000036,0,1,0,0,0,0,0,0,0,0,0,0,0,0,0,0,0,0,0,0,0,0,0,0,0,0,1,0,0,0,0,0,0,0,0,0,0,0,0,0,0,0,0,0,0,0,0,0,0,1,0,0,0,0,0,0,0,0,0,0,0,0,0,0,0,0,0,0,0,0,0,0
2012,1,1,0.45901639344262296,0.5072463768115942,0.8,0.6,0.5,0.5,137.6,176.4,7.4,5.2,1.2142455745996066,1.2673888957281791,5.377049180327869,5.449275362318841,0.5833333333333334,0.3333333333333333,0.4444444444444444,1496.773863783394,1537.3367760983142,-40.56291231492014,-0.048229983368971274,0.20000000000000007,0.0,-0.05314332112857256,-0.0722261819909722,0.25000000000000006,-38.80000000000001,2.2,1,0,0,0,0,0,0,1,0,0,0,0,0,0,0,0,0,0,0,0,0,0,0,0,0,0,0,0,0,1,0,0,0,0,0,0,0,0,0,0,0,1,0,0,0,0,0,0,0,0,0,0,0,0,0,0,0,0,0,0,0,0,0,0,0,0,0,0,0,0,0,0
2012,1,1,0.53125,0.5396825396825397,0.8,0.4,0.6,0.5,156.4,162.4,6.4,4.6,1.2967733188720174,1.2655107017068545,6.59375,5.984126984126984,0.4782608695652174,0.0,0.5,1514.1176607301861,1495.9712181470454,18.146442583140697,-0.008432539682539653,0.4,0.09999999999999998,0.031262617165162876,0.6096230158730158,0.4782608695652174,-6.0,1.8000000000000007,1,0,0,1,0,0,0,0,0,0,0,0,0,0,0,0,0,0,0,0,0,0,0,0,0,0,0,1,0,0,0,0,0,0,0,0,0,0,0,0,0,0,1,0,0,0,0,0,0,0,0,0,0,0,0,0,0,0,0,0,0,0,0,0,0,0,0,0,0,0,0,0
2012,1,0,0.5522388059701493,0.3939393939393939,0.4,0.2,0.5,0.4,158.6,158.8,5.0,5.4,1.2604270109235352,1.2670275714465566,6.447761194029851,6.0,0.5,1.0,0.5555555555555556,1529.7538522004463,1444.2911308340022,85.46272136644416,0.15829941203075537,0.2,0.09999999999999998,-0.0066005605230214925,0.4477611940298507,-0.5,-0.20000000000001705,-0.40000000000000036,1,0,0,0,0,0,0,0,0,1,0,0,0,0,0,0,0,1,0,0,0,0,0,0,0,0,0,0,0,0,0,0,0,0,0,0,0,0,0,0,0,0,0,0,0,0,0,0,0,0,0,0,0,0,0,0,0,0,0,0,0,0,0,0,0,0,0,0,0,0,1,0
2012,1,1,0.5942028985507246,0.46774193548387094,0.6,0.8,0.6,0.5,164.6,142.6,6.0,6.8,1.320220676421204,1.21969069317868,6.0,5.387096774193548,0.6923076923076923,0.0,0.7142857142857143,1564.9347891850514,1507.9360825258607,56.9987066591907,0.12646096306685367,-0.20000000000000007,0.09999999999999998,0.10052998324252416,0.612903225806452,0.6923076923076923,22.0,-0.7999999999999998,0,1,0,0,0,0,0,0,0,0,0,0,0,0,0,0,0,0,0,0,0,0,1,0,0,0,0,0,0,0,0,0,0,0,0,0,0,0,0,0,0,0,0,0,0,0,0,0,0,1,0,0,0,0,0,0,0,0,0,0,0,0,0,0,0,0,0,0,0,0,0,0
2012,1,1,0.3880597014925373,0.36363636363636365,0.2,0.2,0.4,0.4,151.2,166.0,5.4,4.4,1.261355174981385,1.203872437357631,5.985074626865671,5.454545454545454,0.6666666666666666,0.5,0.6666666666666666,1436.7025058119436,1454.3496244825656,-17.64711867062192,0.024423337856173677,0.0,0.0,0.05748273762375389,0.5305291723202172,0.16666666666666663,-14.800000000000011,1.0,1,0,1,0,0,0,0,0,0,0,0,0,0,0,0,0,0,0,0,0,0,0,0,0,0,1,0,0,0,0,0,0,1,0,0,0,0,0,0,0,0,0,0,0,0,0,0,0,0,0,0,0,0,0,0,0,0,0,0,0,0,0,0,0,0,0,0,0,0,0,0,0
2012,1,1,0.53125,0.5384615384615384,0.4,0.8,0.5,0.7,166.4,168.2,4.8,5.0,1.2647215560884626,1.2957727697026271,5.984375,6.538461538461538,0.7142857142857143,0.0,0.4444444444444444,1486.4930403361786,1523.595838541053,-37.10279820487426,-0.007211538461538436,-0.4,-0.19999999999999996,-0.03105121361416452,-0.5540865384615383,0.7142857142857143,-1.799999999999983,-0.20000000000000018,0,0,0,0,0,0,0,0,0,0,0,0,1,0,0,0,0,0,1,0,0,0,0,0,0,0,0,0,0,0,0,0,0,0,0,0,0,0,0,0,0,0,0,0,0,0,0,0,0,0,0,0,0,0,0,0,0,0,0,0,0,0,1,0,0,0,0,0,0,0,0,0
2012,0,0,0.5,0.47692307692307695,0.6,0.4,0.5,0.4,164.0,155.0,5.0,5.4,1.2658258549599806,1.2913839457175778,5.428571428571429,5.7384615384615385,0.5,0.3333333333333333,0.5555555555555556,1526.1745573558476,1478.3796792466446,47.794878109202955,0.02307692307692305,0.19999999999999996,0.09999999999999998,-0.025558090757597185,-0.3098901098901097,0.16666666666666669,9.0,-0.40000000000000036,0,0,0,0,0,0,0,0,0,0,0,0,0,0,1,0,0,0,0,0,0,0,0,0,0,0,1,0,0,0,0,0,0,0,0,0,0,0,0,0,0,0,0,0,0,0,0,0,1,0,0,0,0,0,0,0,0,0,0,0,0,0,0,0,0,0,0,0,0,0,0,0
2012,0,1,0.34782608695652173,0.5588235294117647,0.2,0.4,0.4,0.5,164.2,139.4,4.4,5.0,1.2120333454150054,1.2547412210938456,5.391304347826087,6.5,0.5,0.5,0.3333333333333333,1443.8421359220777,1537.3424772225048,-93.50034130042718,-0.210997442455243,-0.2,-0.09999999999999998,-0.04270787567884016,-1.108695652173913,0.0,24.799999999999983,-0.5999999999999996,0,0,0,0,0,0,0,0,0,0,1,0,0,0,0,0,0,0,0,0,0,0,0,0,1,0,0,0,0,0,0,0,0,0,0,0,0,0,0,0,0,0,0,0,0,0,0,0,0,0,0,0,0,0,0,0,0,0,0,0,0,0,0,0,0,0,0,1,0,0,0,0
2012,1,1,0.5857142857142857,0.39705882352941174,0.4,0.4,0.5,0.4,150.8,149.2,5.4,5.4,1.3174565654177992,1.2654358723560337,5.985714285714286,5.970588235294118,0.6666666666666666,0.6666666666666666,0.5555555555555556,1553.3087958588083,1447.2099943724315,106.09880148637671,0.188655462184874,0.0,0.09999999999999998,0.05202069306176549,0.015126050420168013,0.0,1.6000000000000227,0.0,1,1,0,0,0,0,0,0,0,0,0,0,0,0,0,0,0,1,0,0,0,0,0,0,0,0,0,0,0,0,0,0,0,0,0,0,0,0,0,0,0,0,0,0,0,0,0,0,0,1,0,0,0,0,0,0,0,0,0,0,0,0,0,0,0,0,0,0,0,0,0,0
2012,1,1,0.47619047619047616,0.3333333333333333,0.8,0.2,0.6,0.3,143.2,157.8,6.8,5.2,1.2176686117519337,1.2003466204506066,5.380952380952381,5.541666666666667,0.6,0.5,1.0,1519.5620758521038,1436.470153141048,83.09192271105576,0.14285714285714285,0.6000000000000001,0.3,0.017321991301327166,-0.1607142857142856,0.09999999999999998,-14.600000000000023,1.5999999999999996,1,0,0,0,0,0,0,1,0,0,0,0,0,0,0,0,0,0,0,0,0,0,0,0,0,1,0,0,0,0,0,0,0,0,0,0,0,0,0,0,0,1,0,0,0,0,0,0,0,0,0,0,0,0,0,0,0,0,0,0,0,0,0,0,0,0,0,0,0,0,0,0
2012,0,1,0.48484848484848486,0.5230769230769231,0.6,0.2,0.5,0.4,162.8,155.6,6.0,3.6,1.2923969234648847,1.2628129505833006,5.7272727272727275,5.953846153846154,0.55,0.3333333333333333,0.375,1489.7467140007545,1477.556903614231,12.189810386523504,-0.038228438228438244,0.39999999999999997,0.09999999999999998,0.029583972881584097,-0.2265734265734265,0.21666666666666673,7.200000000000017,2.4,0,0,0,0,0,0,0,0,0,0,0,1,0,0,0,0,0,0,0,0,0,0,0,0,0,0,0,1,0,0,0,0,0,0,0,0,0,0,0,0,0,0,0,0,0,0,0,0,0,0,0,0,0,0,0,0,0,0,1,0,0,0,0,0,0,0,0,0,0,0,0,0
2012,1,0,0.5652173913043478,0.5915492957746479,0.6,0.6,0.6,0.5,145.0,151.8,5.6,5.8,1.250602700096432,1.3172180801491147,6.492753623188406,5.971830985915493,0.5294117647058824,0.5,0.5555555555555556,1544.7144600035344,1560.3465411763873,-15.63208117285285,-0.026331904470300094,0.0,0.09999999999999998,-0.06661538005268275,0.5209226372729132,0.02941176470588236,-6.800000000000011,-0.20000000000000018,1,0,0,0,0,0,0,0,0,1,0,0,0,0,0,0,1,0,0,0,0,0,0,0,0,0,0,0,0,0,0,0,0,0,0,0,0,0,0,0,0,0,0,0,0,0,0,0,0,0,0,0,0,0,0,0,0,0,0,0,0,0,0,0,0,0,0,0,0,0,1,0
2012,1,0,0.49295774647887325,0.391304347826087,0.6,0.4,0.4,0.3,168.4,147.8,5.8,5.6,1.2659498207885305,1.264907842428623,5.436619718309859,5.971014492753623,0.48,0.5,0.4444444444444444,1514.8075226017377,1440.1722490548525,74.63527354688517,0.10165339865278628,0.19999999999999996,0.10000000000000003,0.0010419783599073806,-0.534394774443764,-0.020000000000000018,20.599999999999994,0.20000000000000018,1,0,0,0,0,0,0,0,0,0,0,0,0,0,1,0,0,1,0,0,0,0,0,0,0,0,0,0,0,0,0,0,0,0,0,0,0,0,0,0,0,0,0,0,0,0,0,0,1,0,0,0,0,0,0,0,0,0,0,0,0,0,0,0,0,0,0,0,0,0,0,0
2012,1,1,0.5454545454545454,0.484375,0.8,1.0,0.8,0.7,164.6,146.8,4.6,6.6,1.2988672286617493,1.2167244598559617,6.53030303030303,5.421875,0.5,0.5,0.5714285714285714,1532.5319752630005,1527.2150750692463,5.316900193754236,0.061079545454545414,-0.19999999999999996,0.10000000000000009,0.08214276880578764,1.1084280303030303,0.0,17.799999999999983,-2.0,0,0,0,1,0,0,0,0,0,0,0,0,0,0,0,0,0,0,0,0,0,0,1,0,0,0,0,0,0,0,0,0,0,0,0,0,0,0,0,0,0,0,1,0,0,0,0,0,0,0,0,0,0,0,0,0,0,0,0,0,0,0,0,0,0,0,0,0,0,0,0,0
2012,1,1,0.32,0.5303030303030303,0.0,0.2,0.2,0.4,148.0,151.6,4.8,4.8,1.1976087678512122,1.265445633948149,5.52,5.984848484848484,0.4,0.5,0.0,1428.8171539239056,1487.9076106694988,-59.0904567455932,-0.21030303030303027,-0.2,-0.2,-0.06783686609693684,-0.46484848484848484,-0.09999999999999998,-3.5999999999999943,0.0,0,0,0,0,0,0,0,0,0,0,1,0,0,0,0,0,0,0,0,0,0,0,0,0,0,0,0,1,0,0,0,0,0,0,0,0,0,0,0,0,0,0,0,0,0,0,0,0,0,0,0,0,0,0,0,0,0,0,0,0,0,0,0,0,0,0,0,1,0,0,0,0
2012,1,0,0.38571428571428573,0.47761194029850745,0.4,0.6,0.2,0.5,158.8,157.0,5.6,6.2,1.2679249762583096,1.2886572350459171,5.957142857142857,5.731343283582089,0.07142857142857142,1.0,0.375,1432.2879799988489,1479.3960069454868,-47.10802694663789,-0.09189765458422172,-0.19999999999999996,-0.3,-0.020732258787607538,0.22579957356076807,-0.9285714285714286,1.8000000000000114,-0.6000000000000005,0,0,1,0,0,0,0,0,0,0,0,0,0,0,0,0,0,0,0,0,0,0,0,0,0,0,1,0,0,0,0,0,0,0,0,0,0,0,0,0,0,0,0,0,0,0,0,0,0,0,0,0,0,0,0,0,0,0,0,1,0,0,0,0,0,0,0,0,0,0,0,0
2012,0,0,0.5714285714285714,0.5,0.8,0.6,0.6,0.5,147.2,168.2,6.4,5.0,1.2529991685473334,1.2702957464357252,6.514285714285714,5.388888888888889,0.5555555555555556,0.5,0.5555555555555556,1555.1640841095486,1522.6917916577413,32.472292451807334,0.0714285714285714,0.20000000000000007,0.09999999999999998,-0.017296577888391784,1.125396825396825,0.05555555555555558,-21.0,1.4000000000000004,0,0,0,0,0,0,0,0,0,1,0,0,0,0,0,0,0,0,0,0,0,0,0,0,0,0,0,0,0,1,0,0,0,0,0,0,0,0,0,0,0,0,0,0,0,0,0,0,0,0,0,0,0,0,0,0,0,0,0,0,0,0,0,0,0,0,0,0,0,0,1,0
2012,1,1,0.38028169014084506,0.5373134328358209,0.2,0.8,0.2,0.7,152.4,160.8,5.2,4.8,1.2666432666432665,1.29799092676604,5.943661971830986,6.492537313432836,0.06666666666666667,1.0,0.4,1423.6356098114334,1522.3789545190368,-98.74334470760346,-0.15703174269497583,-0.6000000000000001,-0.49999999999999994,-0.03134766012277357,-0.5488753416018497,-0.9333333333333333,-8.400000000000006,0.40000000000000036,0,0,1,0,0,0,0,0,0,0,0,0,0,0,0,0,0,0,1,0,0,0,0,0,0,0,0,0,0,0,0,0,0,0,0,0,0,0,0,0,0,0,0,0,0,0,0,0,0,0,0,0,0,0,0,0,0,0,0,1,0,0,0,0,0,0,0,0,0,0,0,0
2012,0,0,0.5373134328358209,0.5833333333333334,0.4,0.4,0.4,0.5,147.6,153.6,5.4,6.0,1.2656986371162908,1.3181765989206569,5.985074626865671,6.0,0.6818181818181818,0.5,0.4,1496.2230617091054,1549.896917070373,-53.67385536126767,-0.04601990049751248,0.0,-0.09999999999999998,-0.052477961804366036,-0.014925373134328623,0.18181818181818177,-6.0,-0.5999999999999996,0,0,0,0,0,0,0,0,0,0,0,0,1,0,0,0,1,0,0,0,0,0,0,0,0,0,0,0,0,0,0,0,0,0,0,0,0,0,0,0,0,0,0,0,0,0,0,0,0,0,0,0,0,0,0,0,0,0,0,0,0,0,1,0,0,0,0,0,0,0,0,0
2012,1,0,0.3076923076923077,0.5068493150684932,0.0,0.6,0.2,0.5,143.8,163.4,5.0,5.0,1.1904913848117422,1.2704117236566643,5.423076923076923,5.397260273972603,0.3333333333333333,0.5,0.0,1420.501702884299,1533.6237074253313,-113.12200454103231,-0.19915700737618547,-0.6,-0.3,-0.07992033884492211,0.025816649104320355,-0.16666666666666669,-19.599999999999994,0.0,0,0,0,0,0,0,0,0,0,0,1,0,0,0,0,0,0,0,0,0,0,0,0,0,0,0,0,0,0,1,0,0,0,0,0,0,0,0,0,0,0,0,0,0,0,0,0,0,0,0,0,0,0,0,0,0,0,0,0,0,0,0,0,0,0,0,0,1,0,0,0,0
2012,0,1,0.49230769230769234,0.5633802816901409,1.0,0.6,0.8,0.6,152.2,141.2,7.0,6.0,1.2179335696468425,1.2516098817468682,5.476923076923077,6.436619718309859,0.6153846153846154,0.6666666666666666,0.125,1537.36809581321,1544.2321683419586,-6.864072528748693,-0.07107258938244854,0.4,0.20000000000000007,-0.03367631210002564,-0.959696641386782,-0.05128205128205121,11.0,1.0,0,0,0,0,0,0,0,1,0,0,0,0,0,0,0,0,0,0,0,0,0,0,0,0,1,0,0,0,0,0,0,0,0,0,0,0,0,0,0,0,0,1,0,0,0,0,0,0,0,0,0,0,0,0,0,0,0,0,0,0,0,0,0,0,0,0,0,0,0,0,0,0
2012,1,0,0.589041095890411,0.5441176470588235,0.4,0.8,0.5,0.8,149.6,169.8,6.4,5.2,1.3150917743031951,1.305409898964062,6.0,6.455882352941177,0.6785714285714286,0.6666666666666666,0.5,1558.3642329131926,1529.611019311602,28.753213601590687,0.0449234488315875,-0.4,-0.30000000000000004,0.009681875339133228,-0.4558823529411766,0.011904761904761973,-20.200000000000017,1.2000000000000002,1,1,0,0,0,0,0,0,0,0,0,0,0,0,0,0,0,0,1,0,0,0,0,0,0,0,0,0,0,0,0,0,0,0,0,0,0,0,0,0,0,0,0,0,0,0,0,0,0,1,0,0,0,0,0,0,0,0,0,0,0,0,0,0,0,0,0,0,0,0,0,0
2012,1,1,0.5294117647058824,0.2962962962962963,0.4,0.0,0.4,0.1,144.2,139.6,6.0,4.8,1.261501817725962,1.1886328725038402,5.985294117647059,5.333333333333333,0.6521739130434783,0.0,1.0,1487.755745866286,1413.6472410869721,74.10850477931376,0.23311546840958608,0.4,0.30000000000000004,0.07286894522212184,0.6519607843137258,0.6521739130434783,4.599999999999994,1.2000000000000002,1,0,0,0,0,0,0,0,0,0,0,0,1,0,0,0,0,0,0,0,0,0,0,0,0,1,0,0,0,0,0,0,0,0,0,0,0,0,0,0,0,0,0,0,0,0,0,0,0,0,0,0,0,0,0,0,0,0,0,0,0,0,1,0,0,0,0,0,0,0,0,0
2012,0,1,0.4852941176470588,0.375,0.6,0.2,0.6,0.2,158.2,169.8,6.6,4.4,1.29006233956729,1.2705353022611905,5.764705882352941,5.875,0.5238095238095238,0.0,0.6666666666666666,1488.0483771329023,1416.4035450188683,71.64483211403399,0.11029411764705882,0.39999999999999997,0.39999999999999997,0.019527037306099615,-0.11029411764705888,0.5238095238095238,-11.600000000000023,2.1999999999999993,1,0,0,0,0,0,0,0,0,0,0,1,0,0,0,0,0,1,0,0,0,0,0,0,0,0,0,0,0,0,0,0,0,0,0,0,0,0,0,0,0,0,0,0,0,0,0,0,0,0,0,0,0,0,0,0,0,0,1,0,0,0,0,0,0,0,0,0,0,0,0,0
2012,0,0,0.5135135135135135,0.5694444444444444,0.6,0.8,0.6,0.6,160.2,143.6,5.4,5.8,1.2720394359738623,1.254847645429363,5.445945945945946,6.402777777777778,0.5,1.0,0.5,1540.4781692226582,1554.0346301534653,-13.556460930807134,-0.05593093093093093,-0.20000000000000007,0.0,0.017191790544499375,-0.9568318318318321,-0.5,16.599999999999994,-0.39999999999999947,0,0,0,0,0,0,0,0,0,0,0,0,0,0,1,0,0,0,0,0,0,0,0,0,1,0,0,0,0,0,0,0,0,0,0,0,0,0,0,0,0,0,0,0,0,0,0,0,1,0,0,0,0,0,0,0,0,0,0,0,0,0,0,0,0,0,0,0,0,0,0,0
2012,0,0,0.48484848484848486,0.5945945945945946,0.8,0.6,0.8,0.6,157.8,142.8,5.8,5.8,1.218762113968213,1.314272900549389,5.409090909090909,5.986486486486487,0.5925925925925926,0.6666666666666666,0.375,1527.5656340017033,1567.5385331000896,-39.97289909838628,-0.10974610974610977,0.20000000000000007,0.20000000000000007,-0.09551078658117595,-0.5773955773955777,-0.07407407407407407,15.0,0.0,0,0,0,0,0,0,0,1,0,0,0,0,0,0,0,0,1,0,0,0,0,0,0,0,0,0,0,0,0,0,0,0,0,0,0,0,0,0,0,0,0,1,0,0,0,0,0,0,0,0,0,0,0,0,0,0,0,0,0,0,0,0,0,0,0,0,0,0,0,0,0,0
2012,0,1,0.5362318840579711,0.4927536231884058,0.6,0.8,0.7,0.6,151.2,163.4,3.6,6.2,1.2992195367573012,1.2944718776345898,6.3768115942028984,5.739130434782608,0.48,0.6666666666666666,0.375,1520.436719124705,1496.0150131243452,24.42170600035979,0.043478260869565244,-0.20000000000000007,0.09999999999999998,0.004747659122711356,0.63768115942029,-0.18666666666666665,-12.200000000000017,-2.6,1,0,0,1,0,0,0,0,0,0,0,0,0,0,0,0,0,0,0,0,0,0,0,0,0,0,1,0,0,0,0,0,0,0,0,0,0,0,0,0,0,0,1,0,0,0,0,0,0,0,0,0,0,0,0,0,0,0,0,0,0,0,0,0,0,0,0,0,0,0,0,0
2012,1,0,0.5753424657534246,0.47761194029850745,0.8,0.6,0.6,0.7,158.0,151.4,5.0,5.6,1.2566844919786095,1.2201017811704835,6.397260273972603,5.402985074626866,0.5263157894736842,0.0,0.8888888888888888,1563.644641735804,1518.7110968917923,44.93354484401175,0.09773052545491717,0.20000000000000007,-0.09999999999999998,0.03658271080812603,0.9942751993457373,0.5263157894736842,6.599999999999994,-0.5999999999999996,0,0,0,0,0,0,0,0,0,1,0,0,0,0,0,0,0,0,0,0,0,0,1,0,0,0,0,0,0,0,0,0,0,0,0,0,0,0,0,0,0,0,0,0,0,0,0,0,0,0,0,0,0,0,0,0,0,0,0,0,0,0,0,0,0,0,0,0,0,0,1,0
2012,1,0,0.4857142857142857,0.6,0.6,0.8,0.5,0.6,159.4,147.0,5.6,6.0,1.292022792022792,1.3143805309734513,5.728571428571429,5.986666666666666,0.4,1.0,0.25,1486.7167709424923,1576.3930702100006,-89.67629926750828,-0.11428571428571427,-0.20000000000000007,-0.09999999999999998,-0.02235773895065929,-0.2580952380952377,-0.6,12.400000000000006,-0.40000000000000036,1,0,0,0,0,0,0,0,0,0,0,1,0,0,0,0,1,0,0,0,0,0,0,0,0,0,0,0,0,0,0,0,0,0,0,0,0,0,0,0,0,0,0,0,1,0,0,0,0,0,0,0,0,0,0,0,0,0,0,0,0,0,0,0,0,0,0,0,0,0,0,0
2012,1,0,0.5428571428571428,0.5066666666666667,0.6,0.6,0.7,0.6,148.8,165.8,4.6,5.6,1.2980518674773545,1.2725321888412018,6.4,5.44,0.5,0.3333333333333333,0.625,1529.7349613065578,1530.8681576403194,-1.133196333761589,0.036190476190476106,0.0,0.09999999999999998,0.025519678636152676,0.96,0.16666666666666669,-17.0,-1.0,0,0,0,1,0,0,0,0,0,0,0,0,0,0,0,0,0,0,0,0,0,0,0,0,0,0,0,0,0,1,0,0,0,0,0,0,0,0,0,0,0,0,1,0,0,0,0,0,0,0,0,0,0,0,0,0,0,0,0,0,0,0,0,0,0,0,0,0,0,0,0,0
2012,0,1,0.3698630136986301,0.5362318840579711,0.0,0.6,0.2,0.5,170.6,148.0,4.6,6.6,1.2743715163235128,1.263489319669095,5.876712328767123,6.028985507246377,0.0625,1.0,0.125,1408.4369090274254,1495.6545024999846,-87.2175934725592,-0.16636887035934095,-0.6,-0.3,0.010882196654417697,-0.1522731784792537,-0.9375,22.599999999999994,-2.0,1,0,1,0,0,0,0,0,0,0,0,0,0,0,0,0,0,0,0,0,0,0,0,0,0,0,0,1,0,0,0,0,0,0,0,0,0,0,0,0,0,0,0,0,0,0,0,0,0,0,0,0,0,0,0,0,0,0,0,1,0,0,0,0,0,0,0,0,0,0,0,0
2012,0,0,0.49295774647887325,0.5352112676056338,0.6,0.4,0.6,0.6,151.4,158.8,6.0,3.6,1.2911436950146629,1.302089698154711,5.746478873239437,6.323943661971831,0.5,0.0,0.5555555555555556,1499.242031904681,1519.767577203221,-20.52554529854001,-0.04225352112676051,0.19999999999999996,0.0,-0.010946003140048122,-0.577464788732394,0.5,-7.400000000000006,2.4,0,0,0,0,0,0,0,0,0,0,0,1,0,0,0,0,0,0,1,0,0,0,0,0,0,0,0,0,0,0,0,0,0,0,0,0,0,0,0,0,0,0,0,0,1,0,0,0,0,0,0,0,0,0,0,0,0,0,0,0,0,0,0,0,0,0,0,0,0,0,0,0
2012,0,1,0.2857142857142857,0.4852941176470588,0.0,0.6,0.1,0.7,130.0,151.4,4.8,6.6,1.1827065442700622,1.2180771156735102,5.285714285714286,5.470588235294118,0.2857142857142857,0.5,0.0,1405.7484844532735,1529.9972256487924,-124.24874119551896,-0.19957983193277312,-0.6,-0.6,-0.035370571403448015,-0.18487394957983216,-0.2142857142857143,-21.400000000000006,-1.7999999999999998,0,0,0,0,0,0,0,0,0,0,1,0,0,0,0,0,0,0,0,0,0,0,1,0,0,0,0,0,0,0,0,0,0,0,0,0,0,0,0,0,0,0,0,0,0,0,0,0,0,0,0,0,0,0,0,0,0,0,0,0,0,0,0,0,0,0,0,1,0,0,0,0
2012,0,0,0.3783783783783784,0.5131578947368421,0.2,0.8,0.3,0.7,166.2,177.2,5.0,6.2,1.2717171717171718,1.2789039875250612,5.905405405405405,5.4868421052631575,0.11764705882352941,0.5,0.5,1420.8957980322755,1540.8355417436562,-119.93974371138074,-0.13477951635846375,-0.6000000000000001,-0.39999999999999997,-0.00718681580788938,0.41856330014224774,-0.38235294117647056,-11.0,-1.2000000000000002,1,0,1,0,0,0,0,0,0,0,0,0,0,0,0,0,0,0,0,0,0,0,0,0,0,0,0,0,0,1,0,0,0,0,0,0,0,0,0,0,0,0,0,0,0,0,0,0,0,0,0,0,0,0,0,0,0,0,0,1,0,0,0,0,0,0,0,0,0,0,0,0
2012,1,1,0.5285714285714286,0.5675675675675675,0.6,0.6,0.4,0.6,145.0,155.6,6.8,5.2,1.2597592119664356,1.252301818998428,6.014285714285714,6.405405405405405,0.6666666666666666,0.3333333333333333,0.5,1483.1956134951345,1552.358512978804,-69.16289948366943,-0.03899613899613896,0.0,-0.19999999999999996,0.007457392968007515,-0.391119691119691,0.3333333333333333,-10.599999999999994,1.5999999999999996,0,0,0,0,0,0,0,0,0,0,0,0,1,0,0,0,0,0,0,0,0,0,0,0,1,0,0,0,0,0,0,0,0,0,0,0,0,0,0,0,0,0,0,0,0,0,0,0,0,0,0,0,0,0,0,0,0,0,0,0,0,0,1,0,0,0,0,0,0,0,0,0
2012,0,1,0.5416666666666666,0.4927536231884058,0.6,0.6,0.7,0.8,157.2,148.6,4.4,6.6,1.3018322082931533,1.2165228113440196,6.347222222222222,5.507246376811594,1.0,1.0,0.5,1529.1774908521088,1536.566095979373,-7.3886051272641,0.04891304347826081,0.0,-0.10000000000000009,0.08530939694913364,0.8399758454106285,0.0,8.599999999999994,-2.1999999999999993,0,0,0,1,0,0,0,0,0,0,0,0,0,0,0,0,0,0,0,0,0,0,1,0,0,0,0,0,0,0,0,0,0,0,0,0,0,0,0,0,0,0,0,0,0,0,0,0,0,0,0,0,0,0,0,0,0,0,0,0,0,0,0,0,0,0,0,1,0,0,0,0
2012,0,0,0.5921052631578947,0.5733333333333334,0.6,0.6,0.6,0.7,139.0,153.4,5.8,4.8,1.3101189826438162,1.2539893617021276,5.9605263157894735,6.4,0.3333333333333333,1.0,0.4,1563.867809247812,1560.3937296228326,3.4740796249793675,0.01877192982456133,0.0,-0.09999999999999998,0.05612962094168861,-0.4394736842105269,-0.6666666666666667,-14.400000000000006,1.0,1,1,0,0,0,0,0,0,0,0,0,0,0,0,0,0,0,0,0,0,0,0,0,0,1,0,0,0,0,0,0,0,0,0,0,0,0,0,0,0,0,0,0,0,0,0,0,0,1,0,0,0,0,0,0,0,0,0,0,0,0,0,0,0,0,0,0,0,0,0,0,0
2012,1,0,0.5342465753424658,0.5974025974025974,0.4,0.8,0.6,0.6,147.4,141.8,4.4,6.0,1.2997624703087887,1.312903920723826,6.315068493150685,6.0,0.5,0.6896551724137931,0.4444444444444444,1519.390119949706,1573.7678205307625,-54.37770058105639,-0.0631560220601316,-0.4,0.0,-0.013141450415037337,0.31506849315068486,-0.18965517241379315,5.599999999999994,-1.5999999999999996,0,0,0,1,0,0,0,0,0,0,0,0,0,0,0,0,1,0,0,0,0,0,0,0,0,0,0,0,0,0,0,0,0,0,0,0,0,0,0,0,0,0,0,0,0,0,0,0,0,1,0,0,0,0,0,0,0,0,0,0,0,0,0,0,0,0,0,0,0,0,0,0
2012,0,1,0.5,0.6025641025641025,0.6,0.8,0.8,0.6,150.2,160.8,6.4,6.8,1.218172983479106,1.3193366641862443,5.542857142857143,6.051282051282051,0.25,0.7,0.3333333333333333,1546.3534668817756,1582.2153601389653,-35.86189325718965,-0.10256410256410253,-0.20000000000000007,0.20000000000000007,-0.10116368070713833,-0.5084249084249084,-0.44999999999999996,-10.600000000000023,-0.39999999999999947,1,0,0,0,0,0,0,1,0,0,0,0,0,0,0,0,1,0,0,0,0,0,0,0,0,0,0,0,0,0,0,0,0,0,0,0,0,0,0,0,0,0,0,0,0,0,0,0,0,1,0,0,0,0,0,0,0,0,0,0,0,0,0,0,0,0,0,0,0,0,0,0
2013,1,0,0.5070422535211268,0.527027027027027,0.8,0.4,0.8,0.5,157.6,151.8,6.8,5.2,1.2230732407850646,1.2995543044804128,5.507042253521127,6.297297297297297,0.5714285714285714,0.3333333333333333,0.5555555555555556,1557.3820050088923,1510.9425803415033,46.43942466738895,-0.019984773505900222,0.4,0.30000000000000004,-0.07648106369534813,-0.7902550437761704,0.23809523809523808,5.799999999999983,1.5999999999999996,1,0,0,0,0,0,0,1,0,0,0,0,0,0,0,0,0,0,1,0,0,0,0,0,0,0,0,0,0,0,0,0,0,0,0,0,0,0,0,0,0,1,0,0,0,0,0,0,0,0,0,0,0,0,0,0,0,0,0,0,0,0,0,0,0,0,0,0,0,0,0,0
2013,0,0,0.5064935064935064,0.5657894736842105,0.6,0.6,0.6,0.6,164.8,155.0,7.2,5.6,1.2751346005933415,1.2530054644808744,5.5064935064935066,6.381578947368421,0.48148148148148145,0.8,0.45454545454545453,1527.5142961718582,1550.493718339882,-22.979422168023802,-0.05929596719070407,0.0,0.0,0.02212913611246714,-0.8750854408749147,-0.3185185185185186,9.800000000000011,1.6000000000000005,1,0,0,0,0,0,0,0,0,0,0,0,0,0,1,0,0,0,0,0,0,0,0,0,1,0,0,0,0,0,0,0,0,0,0,0,0,0,0,0,0,0,0,0,0,0,0,0,1,0,0,0,0,0,0,0,0,0,0,0,0,0,0,0,0,0,0,0,0,0,0,0
2013,0,0,0.5,0.27586206896551724,0.5,0.0,0.5,0.1,0.0,126.6,0.0,3.8,0.0,1.1699514424450157,0.0,5.241379310344827,0.5,1.0,0.5,1500.0,1399.179614122693,100.82038587730699,0.22413793103448276,0.5,0.4,-1.1699514424450157,-5.241379310344827,-0.5,-126.6,-3.8,1,0,0,0,0,0,0,0,0,0,0,0,0,0,0,1,0,0,0,0,0,0,0,0,0,1,0,0,0,0,0,0,0,0,0,0,0,0,0,0,0,0,0,0,0,0,0,0,0,0,0,0,0,0,0,0,0,0,0,1,0,0,0,0,0,0,0,0,0,0,0,0
2013,0,1,0.52,0.5211267605633803,0.2,0.4,0.4,0.3,149.4,142.0,4.4,5.2,1.2957225433526012,1.259245960502693,6.266666666666667,5.929577464788732,0.48148148148148145,0.0,0.6,1502.2713108456312,1475.1603968511058,27.11091399452539,-0.0011267605633802358,-0.2,0.10000000000000003,0.03647658284990807,0.33708920187793456,0.48148148148148145,7.400000000000006,-0.7999999999999998,0,0,0,1,0,0,0,0,0,0,0,0,0,0,0,0,0,0,0,0,0,0,0,0,0,0,0,1,0,0,0,0,0,0,0,0,0,0,0,0,0,0,1,0,0,0,0,0,0,0,0,0,0,0,0,0,0,0,0,0,0,0,0,0,0,0,0,0,0,0,0,0
2013,0,1,0.5949367088607594,0.5584415584415584,0.6,0.4,0.6,0.6,175.8,149.4,6.8,5.8,1.322106809358934,1.2531276962899052,6.037974683544304,6.363636363636363,0.6774193548387096,0.25,0.45454545454545453,1571.1868220118486,1539.8332801541121,31.353541857736445,0.03649515041920104,0.19999999999999996,0.0,0.06897911306902893,-0.3256616800920593,0.42741935483870963,26.400000000000006,1.0,0,1,0,0,0,0,0,0,0,0,0,0,0,0,0,0,0,0,0,0,0,0,0,0,1,0,0,0,0,0,0,0,0,0,0,0,0,0,0,0,0,0,0,0,0,0,0,0,0,1,0,0,0,0,0,0,0,0,0,0,0,0,0,0,0,0,0,0,0,0,0,0
2013,1,1,0.26666666666666666,0.4861111111111111,0.0,0.6,0.0,0.6,118.8,152.8,4.0,5.6,1.1615044247787611,1.2890841813135985,5.266666666666667,5.722222222222222,0.25,0.0,0.75,1392.0026593508662,1489.8321182557931,-97.82945890492692,-0.21944444444444444,-0.6,-0.6,-0.12757975653483733,-0.4555555555555557,0.25,-34.000000000000014,-1.5999999999999996,0,0,0,0,0,0,0,0,0,0,1,0,0,0,0,0,0,0,0,0,0,0,0,0,0,0,1,0,0,0,0,0,0,0,0,0,0,0,0,0,0,0,0,0,0,0,0,0,0,0,0,0,0,0,0,0,0,0,0,0,0,0,0,0,0,0,0,1,0,0,0,0
2013,0,0,0.5277777777777778,0.5138888888888888,0.4,1.0,0.4,0.8,149.8,151.8,5.2,7.8,1.2605874719830128,1.2216975563687875,5.930555555555555,5.569444444444445,0.64,0.3333333333333333,0.4444444444444444,1485.9391317730285,1566.0532745047644,-80.11414273173591,0.01388888888888895,-0.6,-0.4,0.03888991561422528,0.3611111111111107,0.3066666666666667,-2.0,-2.5999999999999996,1,0,0,0,0,0,0,0,0,0,0,0,1,0,0,0,0,0,0,0,0,0,1,0,0,0,0,0,0,0,0,0,0,0,0,0,0,0,0,0,0,0,0,0,0,0,0,0,0,0,0,0,0,0,0,0,0,0,0,0,0,0,1,0,0,0,0,0,0,0,0,0
2013,1,1,0.5641025641025641,0.5131578947368421,0.4,0.2,0.6,0.3,144.4,142.6,6.4,5.6,1.2520749095552246,1.2953509571558797,6.397435897435898,6.276315789473684,0.5,0.3333333333333333,0.5,1550.7332658683854,1491.4925759237085,59.24068994467689,0.05094466936572195,0.2,0.3,-0.043276047600655065,0.12112010796221373,0.16666666666666669,1.8000000000000114,0.8000000000000007,1,0,0,0,0,0,0,0,0,1,0,0,0,0,0,0,0,0,1,0,0,0,0,0,0,0,0,0,0,0,0,0,0,0,0,0,0,0,0,0,0,0,0,0,0,0,0,0,0,0,0,0,0,0,0,0,0,0,0,0,0,0,0,0,0,0,0,0,0,0,1,0
2013,0,1,0.5128205128205128,1.0,0.6,1.0,0.6,1.0,167.6,126.0,7.0,10.0,1.2747669629308476,1.0327868852459017,5.5,10.0,0.5,0.5,0.5,1538.174734357628,1507.1769547718268,30.997779585801254,-0.4871794871794872,-0.4,-0.4,0.2419800776849459,-4.5,0.0,41.599999999999994,-3.0,1,0,0,0,0,0,0,0,0,0,0,0,0,0,1,0,0,0,0,0,0,0,0,0,0,0,0,0,0,0,1,0,0,0,0,0,0,0,0,0,0,0,0,0,0,0,0,0,1,0,0,0,0,0,0,0,0,0,0,0,0,0,0,0,0,0,0,0,0,0,0,0
2013,0,0,0.4931506849315068,0.5875,0.6,0.4,0.6,0.6,138.8,171.6,5.8,6.8,1.2891690544412608,1.319250284767526,5.767123287671233,6.0375,0.5454545454545454,0.5,0.3333333333333333,1497.0884891841952,1560.2868362975753,-63.19834711338012,-0.0943493150684932,0.19999999999999996,0.0,-0.030081230326265196,-0.27037671232876637,0.045454545454545414,-32.79999999999998,-1.0,0,0,0,0,0,0,0,0,0,0,0,1,0,0,0,0,1,0,0,0,0,0,0,0,0,0,0,0,0,0,0,0,0,0,0,0,0,0,0,0,0,0,0,0,0,0,0,0,0,0,0,0,0,0,0,0,0,0,1,0,0,0,0,0,0,0,0,0,0,0,0,0
2013,1,0,0.5189873417721519,0.5068493150684932,0.6,0.8,0.6,0.7,165.4,148.8,6.4,7.0,1.2770994001713796,1.21918286578978,5.506329113924051,5.575342465753424,0.5172413793103449,0.5,0.5,1547.284906298565,1553.7874212477639,-6.50251494919894,0.01213802670365871,-0.20000000000000007,-0.09999999999999998,0.057916534381599494,-0.06901335182937363,0.017241379310344862,16.599999999999994,-0.5999999999999996,1,0,0,0,0,0,0,0,0,0,0,0,0,0,1,0,0,0,0,0,0,0,1,0,0,0,0,0,0,0,0,0,0,0,0,0,0,0,0,0,0,0,0,0,0,0,0,0,1,0,0,0,0,0,0,0,0,0,0,0,0,0,0,0,0,0,0,0,0,0,0,0
2013,0,1,0.25806451612903225,0.5342465753424658,0.0,0.6,0.0,0.5,113.6,153.4,3.8,6.0,1.1503880117741503,1.2594487731131527,5.161290322580645,5.986301369863014,0.2222222222222222,1.0,0.0,1384.7462884224642,1498.204985030029,-113.45869660756489,-0.27618205921343353,-0.6,-0.5,-0.10906076133900244,-0.8250110472823691,-0.7777777777777778,-39.80000000000001,-2.2,1,0,0,0,0,0,0,0,0,0,1,0,0,0,0,0,0,0,0,0,0,0,0,0,0,0,0,1,0,0,0,0,0,0,0,0,0,0,0,0,0,0,0,0,0,0,0,0,0,0,0,0,0,0,0,0,0,0,0,0,0,0,0,0,0,0,0,1,0,0,0,0
2013,1,1,0.5064935064935064,0.5,0.0,0.5,0.3,0.5,146.6,143.5,5.0,6.5,1.2958426966292136,1.1619433198380567,6.259740259740259,6.5,0.4642857142857143,0.5,0.5,1483.1813259328417,1498.06678283089,-14.885456898048233,0.00649350649350644,-0.5,-0.2,0.13389937679115693,-0.24025974025974062,-0.0357142857142857,3.0999999999999943,-1.5,0,0,0,1,0,0,0,0,0,0,0,0,0,0,0,0,0,0,0,0,0,0,0,0,0,0,0,0,0,0,1,0,0,0,0,0,0,0,0,0,0,0,1,0,0,0,0,0,0,0,0,0,0,0,0,0,0,0,0,0,0,0,0,0,0,0,0,0,0,0,0,0
2013,1,1,0.569620253164557,0.28125,0.6,0.2,0.6,0.1,164.6,115.6,6.8,4.2,1.2577189666036548,1.1541655852582404,6.430379746835443,5.15625,0.5238095238095238,0.5,0.75,1559.0445158592522,1397.900555892922,161.14395996633016,0.288370253164557,0.39999999999999997,0.5,0.10355338134541436,1.2741297468354427,0.023809523809523836,49.0,2.5999999999999996,1,0,0,0,0,0,0,0,0,1,0,0,0,0,0,0,0,0,0,0,0,0,0,0,0,1,0,0,0,0,0,0,0,0,0,0,0,0,0,0,0,0,0,0,0,0,0,0,0,0,0,0,0,0,0,0,0,0,0,0,0,0,0,0,0,0,0,0,0,0,1,0
2013,1,0,0.5925925925925926,0.525,0.6,0.8,0.6,0.7,175.4,162.8,8.0,7.0,1.3191641913346308,1.2784126984126984,6.08641975308642,5.5375,0.65625,0.3333333333333333,0.5833333333333334,1568.4876415816188,1557.4720418740492,11.015599707569663,0.06759259259259254,-0.20000000000000007,-0.09999999999999998,0.040751492921932364,0.5489197530864205,0.3229166666666667,12.599999999999994,1.0,1,1,0,0,0,0,0,0,0,0,0,0,0,0,0,0,0,0,0,0,0,0,0,0,0,0,0,0,0,1,0,0,0,0,0,0,0,0,0,0,0,0,0,0,0,0,0,0,0,1,0,0,0,0,0,0,0,0,0,0,0,0,0,0,0,0,0,0,0,0,0,0
2013,1,1,0.5,0.6666666666666666,0.6,0.6666666666666666,0.6,0.6666666666666666,152.4,134.0,5.8,7.0,1.2196465457883865,1.1013698630136985,5.527027027027027,7.0,0.5862068965517241,0.5,0.5,1543.6002856722796,1507.638606894579,35.96167877770063,-0.16666666666666663,-0.06666666666666665,-0.06666666666666665,0.11827668277468795,-1.4729729729729728,0.08620689655172409,18.400000000000006,-1.2000000000000002,1,0,0,0,0,0,0,1,0,0,0,0,0,0,0,0,0,0,0,0,0,0,0,0,0,0,0,0,0,0,1,0,0,0,0,0,0,0,0,0,0,1,0,0,0,0,0,0,0,0,0,0,0,0,0,0,0,0,0,0,0,0,0,0,0,0,0,0,0,0,0,0
2013,1,0,0.527027027027027,0.4864864864864865,0.4,0.4,0.5,0.6,148.4,127.6,4.8,5.0,1.2583123136895207,1.2871354284422338,5.945945945945946,5.6891891891891895,0.6538461538461539,0.0,0.6666666666666666,1485.0507175595712,1488.8876839001516,-3.836966340580375,0.04054054054054046,0.0,-0.09999999999999998,-0.028823114752713153,0.25675675675675613,0.6538461538461539,20.80000000000001,-0.20000000000000018,1,0,0,0,0,0,0,0,0,0,0,0,1,0,0,0,0,0,0,0,0,0,0,0,0,0,1,0,0,0,0,0,0,0,0,0,0,0,0,0,0,0,0,0,0,0,0,0,0,0,0,0,0,0,0,0,0,0,0,0,0,0,1,0,0,0,0,0,0,0,0,0
2013,0,1,0.5975609756097561,0.2727272727272727,0.6,0.2,0.7,0.1,171.2,119.0,7.4,4.0,1.3191424815451511,1.1538848378174504,6.085365853658536,5.090909090909091,0.6666666666666666,0.0,0.75,1578.1706933310538,1392.2323963585707,185.93829697248316,0.32483370288248337,0.39999999999999997,0.6,0.1652576437277007,0.9944567627494454,0.6666666666666666,52.19999999999999,3.4000000000000004,0,1,0,0,0,0,0,0,0,0,0,0,0,0,0,0,0,0,0,0,0,0,0,0,0,1,0,0,0,0,0,0,0,0,0,0,0,0,0,0,0,0,0,0,0,0,0,0,0,1,0,0,0,0,0,0,0,0,0,0,0,0,0,0,0,0,0,0,0,0,0,0
2013,0,0,0.48,0.5066666666666667,0.4,0.6,0.5,0.6,125.2,156.0,4.8,5.6,1.2843115376032135,1.2229011088481556,5.666666666666667,5.546666666666667,0.5217391304347826,0.6666666666666666,0.4444444444444444,1478.7772516209316,1552.5689059542674,-73.79165433333583,-0.026666666666666727,-0.19999999999999996,-0.09999999999999998,0.061410428755057866,0.1200000000000001,-0.14492753623188404,-30.799999999999997,-0.7999999999999998,1,0,0,0,0,0,0,0,0,0,0,1,0,0,0,0,0,0,0,0,0,0,1,0,0,0,0,0,0,0,0,0,0,0,0,0,0,0,0,0,0,0,0,0,0,0,0,0,0,0,0,0,0,0,0,0,0,0,1,0,0,0,0,0,0,0,0,0,0,0,0,0
2013,1,0,0.29411764705882354,0.5,0.4,0.5,0.2,0.5,130.4,133.5,4.8,6.25,1.1583313003171505,1.0942622950819672,5.176470588235294,6.25,0.5,0.5,0.0,1407.1256538916973,1498.6699866125912,-91.54433272089386,-0.20588235294117646,-0.09999999999999998,-0.3,0.06406900523518333,-1.0735294117647056,0.0,-3.0999999999999943,-1.4500000000000002,0,0,0,0,0,0,0,0,0,0,1,0,0,0,0,0,0,0,0,0,0,0,0,0,0,0,0,0,0,0,1,0,0,0,0,0,0,0,0,0,0,0,0,0,0,0,0,0,0,0,0,1,0,0,0,0,0,0,0,0,0,0,0,0,0,0,0,0,0,0,0,0
2013,1,1,0.5333333333333333,0.575,0.6,0.6,0.6,0.6,148.4,168.6,5.8,7.2,1.2556271914941748,1.2606531881804044,6.0,6.45,0.6666666666666666,0.5,0.4444444444444444,1495.1611498387913,1564.7126753936036,-69.55152555481232,-0.04166666666666663,0.0,0.0,-0.005025996686229606,-0.4500000000000002,0.16666666666666663,-20.19999999999999,-1.4000000000000004,1,0,0,0,0,0,0,0,0,0,0,0,1,0,0,0,0,0,0,0,0,0,0,0,1,0,0,0,0,0,0,0,0,0,0,0,0,0,0,0,0,0,0,0,0,0,0,0,0,0,0,0,0,0,0,0,0,0,0,0,0,0,1,0,0,0,0,0,0,0,0,0
2013,0,1,0.5,0.5903614457831325,0.0,0.4,0.2,0.6,140.6,153.8,5.6,6.4,1.2905263157894737,1.3165517930276696,6.269230769230769,6.072289156626506,0.4482758620689655,0.6666666666666666,0.4,1473.6095018691526,1563.2774357979272,-89.66793392877457,-0.09036144578313254,-0.4,-0.39999999999999997,-0.026025477238195815,0.19694161260426313,-0.2183908045977011,-13.200000000000017,-0.8000000000000007,0,0,0,1,0,0,0,0,0,0,0,0,0,0,0,0,1,0,0,0,0,0,0,0,0,0,0,0,0,0,0,0,0,0,0,0,0,0,0,0,0,0,1,0,0,0,0,0,0,0,0,0,0,0,0,0,0,0,0,0,0,0,0,0,0,0,0,0,0,0,0,0
2013,0,1,0.6,0.4868421052631579,0.6,0.4,0.6,0.5,130.6,132.0,7.0,5.2,1.065252854812398,1.2842047330764996,7.0,5.7105263157894735,1.0,1.0,0.5,1506.0944567100062,1490.8697762846573,15.224680425348879,0.11315789473684207,0.19999999999999996,0.09999999999999998,-0.21895187826410156,1.2894736842105265,0.0,-1.4000000000000057,1.7999999999999998,1,0,0,0,0,0,0,0,0,0,0,0,0,0,0,1,0,0,0,0,0,0,0,0,0,0,1,0,0,0,0,0,0,0,0,0,0,0,0,0,0,0,0,0,0,0,0,0,0,0,0,0,0,0,0,0,0,0,0,1,0,0,0,0,0,0,0,0,0,0,0,0
2013,1,1,0.5,0.5952380952380952,0.4,0.6,0.6,0.6,148.2,149.6,6.8,7.4,1.2229164342296106,1.316988950276243,5.592105263157895,6.119047619047619,0.6,0.75,0.4,1540.4763812905417,1570.7524002569044,-30.2760189663627,-0.09523809523809523,-0.19999999999999996,0.0,-0.09407251604663247,-0.5269423558897239,-0.15000000000000002,-1.4000000000000057,-0.6000000000000005,0,0,0,0,0,0,0,1,0,0,0,0,0,0,0,0,1,0,0,0,0,0,0,0,0,0,0,0,0,0,0,0,0,0,0,0,0,0,0,0,0,1,0,0,0,0,0,0,0,0,0,0,0,0,0,0,0,0,0,0,0,0,0,0,0,0,0,0,0,0,0,0
2013,1,0,0.5185185185185185,0.5394736842105263,0.6,0.8,0.7,0.6,152.8,151.8,6.4,7.8,1.278688524590164,1.2576652915598172,5.54320987654321,6.052631578947368,0.5333333333333333,0.6666666666666666,0.5555555555555556,1547.7889901246142,1507.1366845805908,40.65230554402342,-0.020955165692007838,-0.20000000000000007,0.09999999999999998,0.02102323303034681,-0.5094217024041585,-0.1333333333333333,1.0,-1.3999999999999995,1,0,0,0,0,0,0,0,0,0,0,0,0,0,1,0,0,0,0,0,0,0,0,0,0,0,0,1,0,0,0,0,0,0,0,0,0,0,0,0,0,0,0,0,0,0,0,0,1,0,0,0,0,0,0,0,0,0,0,0,0,0,0,0,0,0,0,0,0,0,0,0
2013,0,1,0.4936708860759494,0.5679012345679012,0.0,0.6,0.2,0.6,130.0,157.2,5.4,6.8,1.284212831180206,1.255482680877229,6.2405063291139244,6.407407407407407,0.43333333333333335,0.5,0.45454545454545453,1466.1345374101754,1552.737140651804,-86.60260324162869,-0.07423034849195181,-0.6,-0.39999999999999997,0.028730150302976876,-0.166901078293483,-0.06666666666666665,-27.19999999999999,-1.3999999999999995,1,0,0,1,0,0,0,0,0,0,0,0,0,0,0,0,0,0,0,0,0,0,0,0,1,0,0,0,0,0,0,0,0,0,0,0,0,0,0,0,0,0,1,0,0,0,0,0,0,0,0,0,0,0,0,0,0,0,0,0,0,0,0,0,0,0,0,0,0,0,0,0
2013,1,0,0.4805194805194805,0.2857142857142857,0.4,0.4,0.5,0.2,128.4,131.2,5.4,5.2,1.2805474095796676,1.1526228340849751,5.701298701298701,5.257142857142857,0.5416666666666666,0.5,0.4,1481.3076975482975,1399.7011837942823,81.60651375401517,0.19480519480519481,0.0,0.3,0.1279245754946925,0.4441558441558442,0.04166666666666663,-2.799999999999983,0.20000000000000018,1,0,0,0,0,0,0,0,0,0,0,1,0,0,0,0,0,0,0,0,0,0,0,0,0,1,0,0,0,0,0,0,0,0,0,0,0,0,0,0,0,0,0,0,0,0,0,0,0,0,0,0,0,0,0,0,0,0,1,0,0,0,0,0,0,0,0,0,0,0,0,0
2013,0,1,0.6,0.5324675324675324,0.8,0.6,0.6,0.5,146.6,142.2,8.0,7.2,1.3141825985173625,1.2542093100033014,6.152941176470589,6.012987012987013,0.6470588235294118,0.25,0.6363636363636364,1579.8831854323219,1498.3014414369604,81.58174399536142,0.06753246753246755,0.20000000000000007,0.09999999999999998,0.05997328851406114,0.13995416348357548,0.3970588235294118,4.400000000000006,0.7999999999999998,1,1,0,0,0,0,0,0,0,0,0,0,0,0,0,0,0,0,0,0,0,0,0,0,0,0,0,1,0,0,0,0,0,0,0,0,0,0,0,0,0,0,0,0,0,0,0,0,0,1,0,0,0,0,0,0,0,0,0,0,0,0,0,0,0,0,0,0,0,0,0,0
2013,0,0,0.524390243902439,0.2777777777777778,0.8,0.4,0.7,0.2,152.8,148.4,7.0,5.4,1.2763388711175316,1.1623241872261931,5.597560975609756,5.194444444444445,0.5483870967741935,0.0,1.0,1556.6242332682446,1392.0077457792754,164.61648748896914,0.24661246612466126,0.4,0.49999999999999994,0.11401468389133851,0.40311653116531154,0.5483870967741935,4.400000000000006,1.5999999999999996,1,0,0,0,0,0,0,0,0,0,0,0,0,0,1,0,0,0,0,0,0,0,0,0,0,1,0,0,0,0,0,0,0,0,0,0,0,0,0,0,0,0,0,0,0,0,0,0,1,0,0,0,0,0,0,0,0,0,0,0,0,0,0,0,0,0,0,0,0,0,0,0
2013,0,0,0.5,0.48717948717948717,0.2,0.4,0.2,0.5,137.4,145.6,5.4,4.4,1.2873376623376624,1.2840141524605984,6.2125,5.67948717948718,0.45161290322580644,0.5,0.5,1478.5767885659625,1489.0011355633044,-10.4243469973419,0.01282051282051283,-0.2,-0.3,0.0033235098770640903,0.5330128205128206,-0.04838709677419356,-8.199999999999989,1.0,0,0,0,1,0,0,0,0,0,0,0,0,0,0,0,0,0,0,0,0,0,0,0,0,0,0,1,0,0,0,0,0,0,0,0,0,0,0,0,0,0,0,1,0,0,0,0,0,0,0,0,0,0,0,0,0,0,0,0,0,0,0,0,0,0,0,0,0,0,0,0,0
2013,1,1,0.4935064935064935,0.5609756097560976,0.2,0.6,0.6,0.5,146.2,158.6,6.0,6.0,1.2197269925143108,1.2562753036437246,5.597402597402597,6.341463414634147,0.5806451612903226,0.75,0.2,1531.3455961151242,1540.294889496017,-8.949293380892868,-0.06746911624960411,-0.39999999999999997,0.09999999999999998,-0.03654831112941381,-0.7440608172315493,-0.16935483870967738,-12.400000000000006,0.0,0,0,0,0,0,0,0,1,0,0,0,0,0,0,0,0,0,0,0,0,0,0,0,0,1,0,0,0,0,0,0,0,0,0,0,0,0,0,0,0,0,1,0,0,0,0,0,0,0,0,0,0,0,0,0,0,0,0,0,0,0,0,0,0,0,0,0,0,0,0,0,0
2013,0,1,0.6046511627906976,0.6666666666666666,0.8,0.6,0.7,0.6666666666666666,156.0,130.8,6.8,6.8,1.3167839583534175,1.0729023383768914,6.127906976744186,7.333333333333333,0.6571428571428571,0.5,0.5,1587.5772984598364,1515.656535446366,71.92076301347038,-0.06201550387596899,0.20000000000000007,0.033333333333333326,0.24388161997652613,-1.2054263565891468,0.15714285714285714,25.19999999999999,0.0,1,1,0,0,0,0,0,0,0,0,0,0,0,0,0,0,0,0,0,0,0,0,0,0,0,0,0,0,0,0,1,0,0,0,0,0,0,0,0,0,0,0,0,0,0,0,0,0,0,1,0,0,0,0,0,0,0,0,0,0,0,0,0,0,0,0,0,0,0,0,0,0
2013,0,1,0.48717948717948717,0.4936708860759494,0.2,0.6,0.5,0.5,153.0,142.2,5.8,5.8,1.2208342385400826,1.2828207847295865,5.589743589743589,5.69620253164557,0.5625,0.5,0.5,1521.60312053255,1498.7011887390395,22.901931793510585,-0.006491398896462219,-0.39999999999999997,0.0,-0.061986546189503944,-0.10645894190198035,0.0625,10.800000000000011,0.0,1,0,0,0,0,0,0,1,0,0,0,0,0,0,0,0,0,0,0,0,0,0,0,0,0,0,1,0,0,0,0,0,0,0,0,0,0,0,0,0,0,1,0,0,0,0,0,0,0,0,0,0,0,0,0,0,0,0,0,0,0,0,0,0,0,0,0,0,0,0,0,0
2013,0,1,0.5256410256410257,0.5714285714285714,0.4,0.6,0.5,0.5714285714285714,150.4,130.4,6.2,7.2,1.2570002170609942,1.1047058823529412,6.0,7.0,0.6785714285714286,0.5,0.5,1490.607328409446,1507.6975117891377,-17.09018337969178,-0.045787545787545736,-0.19999999999999996,-0.0714285714285714,0.15229433470805298,-1.0,0.1785714285714286,20.0,-1.0,1,0,0,0,0,0,0,0,0,0,0,0,1,0,0,0,0,0,0,0,0,0,0,0,0,0,0,0,0,0,1,0,0,0,0,0,0,0,0,0,0,0,0,0,0,0,0,0,0,0,0,0,0,0,0,0,0,0,0,0,0,0,1,0,0,0,0,0,0,0,0,0
2013,1,1,0.5662650602409639,0.5301204819277109,0.6,0.8,0.5,0.7,161.4,174.2,5.4,7.8,1.2575257525752574,1.286485385477136,6.337349397590361,5.63855421686747,0.5454545454545454,0.6666666666666666,0.5,1550.0373650785912,1562.2115530855958,-12.174188007004659,0.03614457831325302,-0.20000000000000007,-0.19999999999999996,-0.02895963290187864,0.6987951807228914,-0.12121212121212122,-12.799999999999983,-2.3999999999999995,1,0,0,0,0,0,0,0,0,1,0,0,0,0,0,0,0,0,0,0,0,0,0,0,0,0,0,0,0,1,0,0,0,0,0,0,0,0,0,0,0,0,0,0,0,0,0,0,0,0,0,0,0,0,0,0,0,0,0,0,0,0,0,0,0,0,0,0,0,0,1,0
2013,0,0,0.6091954022988506,0.4936708860759494,0.8,0.4,0.7,0.5,154.8,152.2,6.8,6.6,1.3165967987804879,1.222126837643524,6.126436781609195,5.594936708860759,0.6666666666666666,0.4,0.6363636363636364,1595.5363221170646,1530.9449030033995,64.5914191136651,0.11552451622290122,0.4,0.19999999999999996,0.09446996113696393,0.531500072748436,0.2666666666666666,2.6000000000000227,0.20000000000000018,1,1,0,0,0,0,0,0,0,0,0,0,0,0,0,0,0,0,0,0,0,0,1,0,0,0,0,0,0,0,0,0,0,0,0,0,0,0,0,0,0,0,0,0,0,0,0,0,0,1,0,0,0,0,0,0,0,0,0,0,0,0,0,0,0,0,0,0,0,0,0,0
2013,0,0,0.49382716049382713,0.2702702702702703,0.2,0.2,0.2,0.2,129.4,145.4,5.0,5.4,1.2832425504645948,1.1600896860986547,6.197530864197531,5.1891891891891895,0.5,0.5,0.6666666666666666,1468.8767353902274,1386.4204259619241,82.45630942830326,0.22355689022355685,0.0,0.0,0.12315286436594008,1.0083416750083414,0.0,-16.0,-0.40000000000000036,1,0,0,1,0,0,0,0,0,0,0,0,0,0,0,0,0,0,0,0,0,0,0,0,0,1,0,0,0,0,0,0,0,0,0,0,0,0,0,0,0,0,0,0,0,0,0,0,0,0,0,0,0,0,0,0,0,0,0,0,0,0,0,1,0,0,0,0,0,0,0,0
2013,1,0,0.5316455696202531,0.5238095238095238,0.6,0.6,0.5,0.6,150.6,169.0,7.4,8.0,1.2580991203604377,1.284119481041939,6.037974683544304,5.654761904761905,0.6896551724137931,0.75,0.4,1501.098827080734,1551.8612951262166,-50.76246804548259,0.007836045810729275,0.0,-0.09999999999999998,-0.026020360681501264,0.3832127787823989,-0.06034482758620685,-18.400000000000006,-0.5999999999999996,1,0,0,0,0,0,0,0,0,0,0,0,1,0,0,0,0,0,0,0,0,0,0,0,0,0,0,0,0,1,0,0,0,0,0,0,0,0,0,0,0,0,0,0,0,0,0,0,0,0,0,0,0,0,0,0,0,0,0,0,0,0,1,0,0,0,0,0,0,0,0,0
2013,1,1,0.5714285714285714,0.4875,0.6,0.6,0.6,0.5,158.4,147.2,5.0,5.8,1.2614107883817427,1.2823036649214659,6.345238095238095,5.675,0.5652173913043478,0.5,0.4,1560.3876230379703,1489.35940626819,71.02821676978033,0.08392857142857141,0.0,0.09999999999999998,-0.02089287653972316,0.6702380952380951,0.06521739130434778,11.200000000000017,-0.7999999999999998,1,0,0,0,0,0,0,0,0,1,0,0,0,0,0,0,0,0,0,0,0,0,0,0,0,0,1,0,0,0,0,0,0,0,0,0,0,0,0,0,0,0,0,0,0,0,0,0,0,0,0,0,0,0,0,0,0,0,0,0,0,0,0,0,0,0,0,0,0,0,1,0
2013,0,1,0.2631578947368421,0.6136363636363636,0.2,1.0,0.2,0.7,146.8,167.8,5.8,6.6,1.1614662884573423,1.3203051422113392,5.184210526315789,6.1022727272727275,0.3,0.0,0.4,1378.7501326498323,1603.698357685097,-224.94822503526484,-0.35047846889952156,-0.8,-0.49999999999999994,-0.15883885375399687,-0.9180622009569381,0.3,-21.0,-0.7999999999999998,0,0,0,0,0,0,0,0,0,0,1,0,0,0,0,0,1,0,0,0,0,0,0,0,0,0,0,0,0,0,0,0,0,0,0,0,0,0,0,0,0,0,0,0,0,0,0,0,0,0,0,0,0,0,0,0,0,0,0,0,0,0,0,0,0,0,0,1,0,0,0,0
2013,0,1,0.5,0.5764705882352941,0.4,0.6,0.5,0.6,136.2,156.6,6.0,5.4,1.1062308478038816,1.2630038059919977,6.375,6.3882352941176475,1.0,1.0,0.5,1497.2060131178496,1568.3712789823699,-71.16526586452028,-0.07647058823529407,-0.19999999999999996,-0.09999999999999998,-0.1567729581881161,-0.013235294117647456,0.0,-20.400000000000006,0.5999999999999996,1,0,0,0,0,0,0,0,0,0,0,0,0,0,0,1,0,0,0,0,0,0,0,0,1,0,0,0,0,0,0,0,0,0,0,0,0,0,0,0,0,0,0,0,0,0,0,0,0,0,0,0,0,0,0,0,0,0,0,1,0,0,0,0,0,0,0,0,0,0,0,0
2013,0,1,0.5,0.4875,0.4,0.2,0.2,0.4,129.2,153.4,4.8,5.8,1.283215678010747,1.2253864069447384,6.170731707317073,5.5625,1.0,0.5,0.4,1476.5470287023193,1522.782867435367,-46.235838733047785,0.012500000000000011,0.2,-0.2,0.05782927106600866,0.6082317073170733,0.5,-24.200000000000017,-1.0,1,0,0,1,0,0,0,0,0,0,0,0,0,0,0,0,0,0,0,0,0,0,1,0,0,0,0,0,0,0,0,0,0,0,0,0,0,0,0,0,0,0,0,0,0,0,0,0,0,0,0,0,0,0,0,0,0,0,0,0,0,0,0,1,0,0,0,0,0,0,0,0
2013,1,1,0.6179775280898876,0.48148148148148145,1.0,0.4,0.8,0.4,166.8,149.8,6.4,4.6,1.3207002514200576,1.2831748656469615,6.134831460674158,5.6419753086419755,0.6756756756756757,0.5,0.7,1607.9988289759713,1481.3757503237905,126.62307865218077,0.13649604660840614,0.6,0.4,0.037525385773096165,0.49285615203218214,0.17567567567567566,17.0,1.8000000000000007,1,1,0,0,0,0,0,0,0,0,0,0,0,0,0,0,0,0,0,0,0,0,0,0,0,0,1,0,0,0,0,0,0,0,0,0,0,0,0,0,0,0,0,0,0,0,0,0,0,1,0,0,0,0,0,0,0,0,0,0,0,0,0,0,0,0,0,0,0,0,0,0
2013,0,1,0.2564102564102564,0.5176470588235295,0.0,0.4,0.2,0.6,140.4,171.6,4.8,7.6,1.1578500106224772,1.285160905840286,5.128205128205129,5.658823529411765,0.2727272727272727,1.0,0.0,1374.449661358958,1540.4105422614218,-165.9608809024637,-0.2612368024132731,-0.4,-0.39999999999999997,-0.1273108952178088,-0.5306184012066364,-0.7272727272727273,-31.19999999999999,-2.8,0,0,0,0,0,0,0,0,0,0,1,0,0,0,0,0,0,0,0,0,0,0,0,0,0,0,0,0,0,1,0,0,0,0,0,0,0,0,0,0,0,0,0,0,0,0,0,0,0,0,0,0,0,0,0,0,0,0,0,0,0,0,0,0,0,0,0,1,0,0,0,0
2013,0,1,0.48148148148148145,0.5375,0.2,0.6,0.3,0.6,150.0,160.0,4.6,6.6,1.2235921011388569,1.2602986339087154,5.530864197530864,6.0375,0.5757575757575758,0.25,0.5,1511.459893599011,1512.5495799455289,-1.089686346517965,-0.05601851851851852,-0.39999999999999997,-0.3,-0.03670653276985858,-0.5066358024691358,0.3257575757575758,-10.0,-2.0,1,0,0,0,0,0,0,1,0,0,0,0,0,0,0,0,0,0,0,0,0,0,0,0,0,0,0,1,0,0,0,0,0,0,0,0,0,0,0,0,0,1,0,0,0,0,0,0,0,0,0,0,0,0,0,0,0,0,0,0,0,0,0,0,0,0,0,0,0,0,0,0
2013,0,1,0.5555555555555556,0.5060240963855421,0.6,0.6,0.5555555555555556,0.3,135.8,133.8,6.0,4.8,1.1128440366972476,1.2830503177414314,6.111111111111111,6.180722891566265,1.0,1.0,1.0,1509.226141089364,1487.8700025386754,21.356138550688684,0.04953145917001345,0.0,0.2555555555555556,-0.17020628104418378,-0.06961178045515393,0.0,2.0,1.2000000000000002,1,0,0,0,0,0,0,0,0,0,0,0,0,0,0,1,0,0,1,0,0,0,0,0,0,0,0,0,0,0,0,0,0,0,0,0,0,0,0,0,0,0,0,0,0,0,0,0,0,0,0,0,0,0,0,0,0,0,0,1,0,0,0,0,0,0,0,0,0,0,0,0
2013,1,1,0.5697674418604651,0.6222222222222222,0.6,1.0,0.6,0.9,164.0,179.2,5.4,5.8,1.2602198225993058,1.3229905165270233,6.348837209302325,6.133333333333334,0.5833333333333334,0.4,0.5833333333333334,1556.3511510108553,1614.5075476639886,-58.15639665313324,-0.0524547803617571,-0.4,-0.30000000000000004,-0.0627706939277175,0.21550387596899157,0.18333333333333335,-15.199999999999989,-0.39999999999999947,1,0,0,0,0,0,0,0,0,1,0,0,0,0,0,0,1,0,0,0,0,0,0,0,0,0,0,0,0,0,0,0,0,0,0,0,0,0,0,0,0,0,0,0,0,0,0,0,0,0,0,0,0,0,0,0,0,0,0,0,0,0,0,0,0,0,0,0,0,0,1,0
2013,0,1,0.5308641975308642,0.25,0.4,0.0,0.6,0.2,150.6,152.8,5.0,3.8,1.2574981711777615,1.1633202235561995,5.987654320987654,5.075,0.7,0.0,0.75,1502.518216354149,1368.8934484807692,133.62476787337982,0.2808641975308642,0.4,0.39999999999999997,0.09417794762156206,0.9126543209876541,0.7,-2.200000000000017,1.2000000000000002,1,0,0,0,0,0,0,0,0,0,0,0,1,0,0,0,0,0,0,0,0,0,0,0,0,1,0,0,0,0,0,0,0,0,0,0,0,0,0,0,0,0,0,0,0,0,0,0,0,0,0,0,0,0,0,0,0,0,0,0,0,0,1,0,0,0,0,0,0,0,0,0
2013,1,0,0.47560975609756095,0.5232558139534884,0.4,0.6,0.4,0.6,159.4,176.0,4.4,8.2,1.2849122090649245,1.287999214993622,5.621951219512195,5.6976744186046515,0.56,0.6666666666666666,0.5,1474.8670316357732,1545.9667551396108,-71.0997235038376,-0.04764605785592746,-0.19999999999999996,-0.19999999999999996,-0.0030870059286973728,-0.07572319909245628,-0.10666666666666658,-16.599999999999994,-3.799999999999999,1,0,0,0,0,0,0,0,0,0,0,1,0,0,0,0,0,0,0,0,0,0,0,0,0,0,0,0,0,1,0,0,0,0,0,0,0,0,0,0,0,0,0,0,0,0,0,0,0,0,0,0,0,0,0,0,0,0,1,0,0,0,0,0,0,0,0,0,0,0,0,0
2013,0,1,0.5365853658536586,0.5,0.6,0.6,0.6,0.3,163.6,133.2,5.2,4.8,1.260447838200392,1.2758336764100453,5.963414634146342,6.154761904761905,0.7096774193548387,0.3333333333333333,0.45454545454545453,1508.8512341583464,1478.4839086371821,30.367325521164275,0.03658536585365857,0.0,0.3,-0.015385838209653224,-0.19134727061556323,0.37634408602150543,30.400000000000006,0.40000000000000036,1,0,0,0,0,0,0,0,0,0,0,0,1,0,0,0,0,0,1,0,0,0,0,0,0,0,0,0,0,0,0,0,0,0,0,0,0,0,0,0,0,0,0,0,0,0,0,0,0,0,0,0,0,0,0,0,0,0,0,0,0,0,1,0,0,0,0,0,0,0,0,0
2013,1,1,0.5747126436781609,0.4878048780487805,0.8,0.4,0.7,0.3,159.6,152.8,7.2,4.6,1.2585746951219512,1.2236801322450666,6.390804597701149,5.536585365853658,0.6,0.3333333333333333,0.8181818181818182,1568.009566688697,1521.4912571903908,46.51830949830628,0.0869077656293804,0.4,0.39999999999999997,0.03489456287688464,0.854219231847491,0.26666666666666666,6.799999999999983,2.6000000000000005,1,0,0,0,0,0,0,0,0,1,0,0,0,0,0,0,0,0,0,0,0,0,1,0,0,0,0,0,0,0,0,0,0,0,0,0,0,0,0,0,0,0,0,0,0,0,0,0,0,0,0,0,0,0,0,0,0,0,0,0,0,0,0,0,0,0,0,0,0,0,1,0
2013,1,0,0.6,0.6153846153846154,0.6,0.8,0.6,0.8,128.2,157.8,6.0,6.0,1.1003401360544218,1.3186091083325728,6.5,6.1208791208791204,1.0,1.0,0.0,1518.6122349908574,1602.8491319861469,-84.2368969952895,-0.015384615384615441,-0.20000000000000007,-0.20000000000000007,-0.218268972278151,0.37912087912087955,0.0,-29.600000000000023,0.0,0,0,0,0,0,0,0,0,0,0,0,0,0,0,0,1,1,0,0,0,0,0,0,0,0,0,0,0,0,0,0,0,0,0,0,0,0,0,0,0,0,0,0,0,0,0,0,0,0,0,0,0,0,0,0,0,0,0,0,1,0,0,0,0,0,0,0,0,0,0,0,0
2013,0,0,0.4819277108433735,0.5421686746987951,0.4,0.8,0.4,0.6,161.0,157.6,4.2,5.0,1.289837521445151,1.2618586147097828,5.590361445783133,5.9397590361445785,0.5769230769230769,0.5,0.3,1486.885350062465,1517.9794112350505,-31.094061172585498,-0.06024096385542166,-0.4,-0.19999999999999996,0.02797890673536818,-0.3493975903614457,0.07692307692307687,3.4000000000000057,-0.7999999999999998,0,0,0,0,0,0,0,0,0,0,0,1,0,0,0,0,0,0,0,0,0,0,0,0,0,0,0,1,0,0,0,0,0,0,0,0,0,0,0,0,0,0,0,0,0,0,0,0,0,0,0,0,0,0,0,0,0,0,1,0,0,0,0,0,0,0,0,0,0,0,0,0
2013,0,1,0.24390243902439024,0.4819277108433735,0.0,0.4,0.2,0.3,151.4,142.0,4.2,4.8,1.1694231544977813,1.2206558381857187,5.073170731707317,5.542168674698795,0.25,1.0,0.0,1362.5604306765717,1512.822218029114,-150.26178735254234,-0.23802527181898325,-0.4,-0.09999999999999998,-0.05123268368793732,-0.4689979429914777,-0.75,9.400000000000006,-0.5999999999999996,0,0,0,0,0,0,0,0,0,0,1,0,0,0,0,0,0,0,0,0,0,0,1,0,0,0,0,0,0,0,0,0,0,0,0,0,0,0,0,0,0,0,0,0,0,0,0,0,0,0,0,0,0,0,0,0,0,0,0,0,0,0,0,0,0,0,0,1,0,0,0,0
2013,1,0,0.49411764705882355,0.5172413793103449,0.4,0.4,0.3,0.6,131.0,189.4,4.2,7.0,1.2752769027537851,1.2908103916246607,6.094117647058823,5.67816091954023,0.4375,0.5,0.5555555555555556,1469.355731560478,1533.948436712919,-64.59270515244089,-0.02312373225152131,0.0,-0.3,-0.015533488870875578,0.41595672751859336,-0.0625,-58.400000000000006,-2.8,0,0,0,1,0,0,0,0,0,0,0,0,0,0,0,0,0,0,0,0,0,0,0,0,0,0,0,0,0,1,0,0,0,0,0,0,0,0,0,0,0,0,1,0,0,0,0,0,0,0,0,0,0,0,0,0,0,0,0,0,0,0,0,0,0,0,0,0,0,0,0,0
2013,1,1,0.23809523809523808,0.5795454545454546,0.0,0.8,0.1,0.7,146.0,161.2,4.4,8.0,1.1626624655376132,1.2596497834682734,5.095238095238095,6.431818181818182,0.23076923076923078,1.0,0.2,1356.6344169344059,1576.6786058499738,-220.04418891556793,-0.3414502164502165,-0.8,-0.6,-0.09698731793066018,-1.3365800865800868,-0.7692307692307692,-15.199999999999989,-3.5999999999999996,0,0,0,0,0,0,0,0,0,0,1,0,0,0,0,0,0,0,0,0,0,0,0,0,1,0,0,0,0,0,0,0,0,0,0,0,0,0,0,0,0,0,0,0,0,0,0,0,0,0,0,0,0,0,0,0,0,0,0,0,0,0,0,0,0,0,0,1,0,0,0,0
2013,1,0,0.47619047619047616,0.5454545454545454,0.2,0.4,0.4,0.5,165.8,132.0,3.2,4.8,1.2884768740031898,1.1076923076923078,5.5476190476190474,6.181818181818182,0.5555555555555556,0.5,0.0,1477.7779273182475,1510.9903513057232,-33.21242398747563,-0.06926406926406925,-0.2,-0.09999999999999998,0.18078456631088202,-0.6341991341991342,0.05555555555555558,33.80000000000001,-1.5999999999999996,0,0,0,0,0,0,0,0,0,0,0,1,0,0,0,0,0,0,0,0,0,0,0,0,0,0,0,0,0,0,1,0,0,0,0,0,0,0,0,0,0,0,0,0,0,0,0,0,0,0,0,0,0,0,0,0,0,0,1,0,0,0,0,0,0,0,0,0,0,0,0,0
2013,1,0,0.4880952380952381,0.5227272727272727,0.4,0.4,0.4,0.6,142.4,173.4,5.6,6.6,1.2207202663169576,1.2930076628352491,5.595238095238095,5.693181818181818,0.5,0.5,0.45454545454545453,1518.74823177128,1542.1104365162187,-23.36220474493871,-0.034632034632034625,0.0,-0.19999999999999996,-0.07228739651829152,-0.09794372294372344,0.0,-31.0,-1.0,1,0,0,0,0,0,0,1,0,0,0,0,0,0,0,0,0,0,0,0,0,0,0,0,0,0,0,0,0,1,0,0,0,0,0,0,0,0,0,0,0,0,0,0,0,0,1,0,0,0,0,0,0,0,0,0,0,0,0,0,0,0,0,0,0,0,0,0,0,0,0,0
2013,1,0,0.5476190476190477,0.6195652173913043,0.8,0.8,0.7,0.8,157.8,170.4,4.4,6.4,1.2617943548387096,1.3235002255299955,5.940476190476191,6.141304347826087,0.71875,0.6666666666666666,0.3333333333333333,1527.086833979268,1610.471015671281,-83.38418169201304,-0.07194616977225665,0.0,-0.10000000000000009,-0.06170587069128586,-0.20082815734989623,0.05208333333333337,-12.599999999999994,-2.0,1,0,0,0,0,0,0,0,0,0,0,0,1,0,0,0,1,0,0,0,0,0,0,0,0,0,0,0,0,0,0,0,0,0,0,0,0,0,0,0,0,0,0,0,0,0,0,0,0,0,0,0,0,0,0,0,0,0,0,0,0,0,1,0,0,0,0,0,0,0,0,0
2013,0,1,0.5842696629213483,0.5833333333333334,0.8,0.6,0.7,0.6,145.6,130.2,8.2,5.6,1.256844850065189,1.1189303307529908,6.449438202247191,6.416666666666667,0.6153846153846154,0.5,0.0,1581.0751411974406,1520.0373220704753,61.03781912696536,0.000936329588014928,0.20000000000000007,0.09999999999999998,0.13791451931219822,0.03277153558052426,0.11538461538461542,15.400000000000006,2.5999999999999996,1,0,0,0,0,0,0,0,0,1,0,0,0,0,0,0,0,0,0,0,0,0,0,0,0,0,0,0,0,0,1,0,0,0,0,0,0,0,0,0,0,0,0,0,0,0,0,0,0,0,0,0,0,0,0,0,0,0,0,0,0,0,0,0,0,0,0,0,0,0,1,0
2013,0,0,0.5168539325842697,0.47058823529411764,0.4,0.2,0.5,0.4,169.2,160.0,6.2,3.8,1.2890824732506392,1.284813866456569,5.685393258426966,5.564705882352941,0.5625,0.5,0.45454545454545453,1531.439029820196,1468.7309565534954,62.708073266700694,0.046265697290152064,0.2,0.09999999999999998,0.004268606794070262,0.12068737607402547,0.0625,9.199999999999989,2.4000000000000004,0,0,0,0,0,0,0,0,0,0,0,0,0,0,1,0,0,0,0,0,0,0,0,0,0,0,1,0,0,0,0,0,0,0,0,0,0,0,0,0,0,0,0,0,0,0,0,0,1,0,0,0,0,0,0,0,0,0,0,0,0,0,0,0,0,0,0,0,0,0,0,0
2013,1,1,0.6129032258064516,0.4883720930232558,0.6,0.4,0.8,0.3,158.6,142.8,6.6,4.0,1.3215560314061385,1.2772426249247442,6.129032258064516,6.069767441860465,0.6842105263157895,0.4,0.6363636363636364,1598.1160679311783,1461.1937317571783,136.92233617400007,0.12453113278319583,0.19999999999999996,0.5,0.04431340648139437,0.059264816204050774,0.28421052631578947,15.799999999999983,2.5999999999999996,1,1,0,0,0,0,0,0,0,0,0,0,0,0,0,0,0,0,1,0,0,0,0,0,0,0,0,0,0,0,0,0,0,0,0,0,0,0,0,0,0,0,0,0,0,0,0,0,0,1,0,0,0,0,0,0,0,0,0,0,0,0,0,0,0,0,0,0,0,0,0,0
2013,1,0,0.49411764705882355,0.23255813953488372,0.6,0.0,0.4,0.1,128.4,138.6,6.8,4.4,1.2176816505531745,1.1571456049240239,5.635294117647059,5.093023255813954,1.0,0.5,1.0,1529.4196384673025,1352.237881586939,177.18175688036354,0.26155950752393986,0.6,0.30000000000000004,0.0605360456291506,0.5422708618331056,0.5,-10.199999999999989,2.3999999999999995,0,0,0,0,0,0,0,1,0,0,0,0,0,0,0,0,0,0,0,0,0,0,0,0,0,1,0,0,0,0,0,0,0,0,0,0,0,0,0,0,0,0,0,0,0,0,1,0,0,0,0,0,0,0,0,0,0,0,0,0,0,0,0,0,0,0,0,0,0,0,0,0
2013,0,0,0.5888888888888889,0.5529411764705883,0.8,0.8,0.7,0.7,147.6,152.0,6.8,4.0,1.2596685082872927,1.263068635275339,6.411111111111111,5.91764705882353,0.6296296296296297,0.6666666666666666,0.5,1589.3361851044656,1539.4417817193707,49.89440338509485,0.03594771241830064,0.0,0.0,-0.0034001269880463703,0.4934640522875817,-0.03703703703703698,-4.400000000000006,2.8,1,0,0,0,0,0,0,0,0,1,0,0,0,0,0,0,0,0,0,0,0,0,0,0,0,0,0,1,0,0,0,0,0,0,0,0,0,0,0,0,0,0,0,0,0,0,0,0,0,0,0,0,0,0,0,0,0,0,0,0,0,0,0,0,0,0,0,0,0,0,1,0
2013,0,0,0.47674418604651164,0.4827586206896552,0.4,0.2,0.4,0.3,161.2,137.0,4.2,4.0,1.287815330671082,1.2749256689791872,5.558139534883721,6.045977011494253,0.42857142857142855,0.5,0.5454545454545454,1480.5164933896972,1454.9425756893872,25.57391770030995,-0.006014434643143551,0.2,0.10000000000000003,0.01288966169189476,-0.48783747661053223,-0.07142857142857145,24.19999999999999,0.20000000000000018,1,0,0,0,0,0,0,0,0,0,0,1,0,0,0,0,0,0,1,0,0,0,0,0,0,0,0,0,0,0,0,0,0,0,0,0,0,0,0,0,0,0,0,0,1,0,0,0,0,0,0,0,0,0,0,0,0,0,0,0,0,0,0,0,0,0,0,0,0,0,0,0
2013,1,1,0.5384615384615384,0.5465116279069767,0.6,0.8,0.5,0.6,137.0,156.0,6.0,5.2,1.1428571428571428,1.262613322822231,6.230769230769231,5.941860465116279,0.8,0.6666666666666666,0.0,1511.7762781634503,1530.8680667102492,-19.091788546798853,-0.00805008944543828,-0.20000000000000007,-0.09999999999999998,-0.11975617996508814,0.28890876565295187,0.13333333333333341,-19.0,0.7999999999999998,1,0,0,0,0,0,0,0,0,0,0,0,0,0,0,1,0,0,0,0,0,0,0,0,0,0,0,1,0,0,0,0,0,0,0,0,0,0,0,0,0,0,0,0,0,0,0,0,0,0,0,0,0,0,0,0,0,0,0,1,0,0,0,0,0,0,0,0,0,0,0,0
2013,0,0,0.4827586206896552,0.5934065934065934,0.6,1.0,0.5,0.8,161.2,155.0,4.8,7.6,1.2890279114533205,1.2605608157319739,5.574712643678161,6.417582417582418,0.5,0.5,0.5454545454545454,1489.7817433695127,1597.9099001135871,-108.12815674407443,-0.11064797271693821,-0.4,-0.30000000000000004,0.028467095721346647,-0.8428697739042565,0.0,6.199999999999989,-2.8,1,0,0,0,0,0,0,0,0,0,0,1,0,0,0,0,0,0,0,0,0,0,0,0,1,0,0,0,0,0,0,0,0,0,0,0,0,0,0,0,0,0,0,0,1,0,0,0,0,0,0,0,0,0,0,0,0,0,0,0,0,0,0,0,0,0,0,0,0,0,0,0
2013,0,0,0.5111111111111111,0.6170212765957447,0.4,0.6,0.4,0.8,169.8,159.4,5.6,6.6,1.2901656217834752,1.3219202259089304,5.655555555555556,6.159574468085107,0.5454545454545454,0.5,0.38461538461538464,1519.6534929839943,1604.3672239989694,-84.71373101497511,-0.10591016548463361,-0.19999999999999996,-0.4,-0.03175460412545528,-0.5040189125295509,0.045454545454545414,10.400000000000006,-1.0,1,0,0,0,0,0,0,0,0,0,0,0,0,0,1,0,1,0,0,0,0,0,0,0,0,0,0,0,0,0,0,0,0,0,0,0,0,0,0,0,0,0,0,0,0,0,0,0,1,0,0,0,0,0,0,0,0,0,0,0,0,0,0,0,0,0,0,0,0,0,0,0
2013,1,1,0.25,0.4772727272727273,0.2,0.0,0.1,0.3,147.2,142.4,5.2,3.4,1.162781954887218,1.275878954069141,5.136363636363637,6.0227272727272725,0.21428571428571427,0.5,0.25,1366.937100530172,1445.6773257095717,-78.74022517939966,-0.2272727272727273,0.2,-0.19999999999999998,-0.11309699918192306,-0.8863636363636358,-0.2857142857142857,4.799999999999983,1.8000000000000003,1,0,0,0,0,0,0,0,0,0,1,0,0,0,0,0,0,0,1,0,0,0,0,0,0,0,0,0,0,0,0,0,0,0,0,0,0,0,0,0,0,0,0,0,0,0,0,0,0,0,0,0,0,0,0,0,0,0,0,0,0,0,0,0,0,0,0,1,0,0,0,0
2013,0,1,0.5714285714285714,0.4883720930232558,0.6,0.6,0.6,0.4,138.2,133.8,7.0,7.0,1.1394374625972472,1.218983851910201,6.428571428571429,5.616279069767442,0.8333333333333334,1.0,0.0,1522.3252315871412,1514.7204195240695,7.604812063071677,0.0830564784053156,0.0,0.19999999999999996,-0.07954638931295377,0.8122923588039868,-0.16666666666666663,4.399999999999977,0.0,1,0,0,0,0,0,0,0,0,0,0,0,0,0,0,1,0,0,0,0,0,0,1,0,0,0,0,0,0,0,0,0,0,0,0,0,0,0,0,0,0,0,0,0,0,0,0,0,0,0,0,0,0,0,0,0,0,0,0,1,0,0,0,0,0,0,0,0,0,0,0,0
2013,1,1,0.6105263157894737,0.5869565217391305,0.4,0.8,0.7,0.8,138.6,153.8,5.8,7.2,1.3233175188894746,1.259142496847415,6.11578947368421,6.434782608695652,0.75,0.4,0.38461538461538464,1591.9761637046415,1584.8944539400507,7.081709764590869,0.023569794050343207,-0.4,-0.10000000000000009,0.0641750220420596,-0.3189931350114419,0.35,-15.200000000000017,-1.4000000000000004,1,1,0,0,0,0,0,0,0,0,0,0,0,0,0,0,0,0,0,0,0,0,0,0,1,0,0,0,0,0,0,0,0,0,0,0,0,0,0,0,0,0,1,0,0,0,0,0,0,0,0,0,0,0,0,0,0,0,0,0,0,0,0,0,0,0,0,0,0,0,0,0
2013,0,1,0.5402298850574713,0.6,0.6,0.6,0.6,0.6,142.2,148.4,6.2,6.4,1.2587398967767065,1.138702460850112,5.977011494252873,6.466666666666667,0.25,1.0,0.5,1520.3191132865584,1532.1063824502662,-11.787269163707833,-0.05977011494252871,0.0,0.0,0.12003743592659455,-0.4896551724137934,-0.75,-6.200000000000017,-0.20000000000000018,1,0,0,0,0,0,0,0,0,0,0,0,1,0,0,0,0,0,0,0,0,0,0,0,0,0,0,0,0,0,1,0,0,0,0,0,0,0,0,0,0,0,1,0,0,0,0,0,0,0,0,0,0,0,0,0,0,0,0,0,0,0,0,0,0,0,0,0,0,0,0,0
2013,0,1,0.5806451612903226,0.5454545454545454,0.6,0.6,0.7,0.7,148.6,138.2,5.4,6.8,1.2591833095577747,1.2574371810917493,6.376344086021505,5.988636363636363,0.8,0.2,0.5454545454545454,1575.098253709094,1530.6582480593836,44.44000564971043,0.035190615835777206,0.0,0.0,0.0017461284660253984,0.38770772238514173,0.6000000000000001,10.400000000000006,-1.3999999999999995,1,0,0,0,0,0,0,0,0,1,0,0,0,0,0,0,0,0,0,0,0,0,0,0,0,0,0,1,0,0,0,0,0,0,0,0,0,0,0,0,0,1,0,0,0,0,0,0,0,0,0,0,0,0,0,0,0,0,0,0,0,0,0,0,0,0,0,0,0,0,0,0
2013,0,1,0.6145833333333334,0.5851063829787234,0.6,0.6,0.7,0.7,161.2,159.2,6.8,5.0,1.3262041384107113,1.2604286092247994,6.15625,6.372340425531915,0.8,0.8333333333333334,0.42857142857142855,1601.7723639355982,1583.8260977233037,17.946266212294404,0.029476950354609954,0.0,0.0,0.0657755291859119,-0.21609042553191493,-0.033333333333333326,2.0,1.7999999999999998,0,1,0,0,0,0,0,0,0,0,0,0,0,0,0,0,0,0,0,0,0,0,0,0,1,0,0,0,0,0,0,0,0,0,0,0,0,0,0,0,0,1,0,0,0,0,0,0,0,0,0,0,0,0,0,0,0,0,0,0,0,0,0,0,0,0,0,0,0,0,0,0
2014,0,1,0.5894736842105263,0.4827586206896552,0.6,0.4,0.7,0.4,152.0,133.2,6.2,6.8,1.2598150410050601,1.2170444595777798,6.4,5.609195402298851,0.5,0.5,0.8333333333333334,1594.3421738898037,1504.9392686609444,89.40290522885925,0.10671506352087107,0.19999999999999996,0.29999999999999993,0.042770581427280296,0.7908045977011495,0.0,18.80000000000001,-0.5999999999999996,0,0,0,0,0,0,0,0,0,1,0,0,0,0,0,0,0,0,0,0,0,0,1,0,0,0,0,0,0,0,0,0,0,0,0,0,0,0,0,0,0,0,0,0,0,0,0,0,0,0,0,0,0,0,0,0,0,0,0,0,0,0,0,0,0,1,0,0,0,0,0,0
2014,0,0,0.47191011235955055,0.5164835164835165,0.0,0.4,0.3,0.5,153.2,153.6,3.6,5.0,1.2731669568581931,1.2940299897550527,6.01123595505618,5.65934065934066,0.5,0.5,0.5,1433.4490201743936,1532.0445532783222,-98.59553310392857,-0.04457340412396599,-0.4,-0.2,-0.020863032896859535,0.35189529571552036,0.0,-0.4000000000000057,-1.4,0,0,0,1,0,0,0,0,0,0,0,0,0,0,0,0,0,0,0,0,0,0,0,0,0,0,0,0,0,1,0,0,0,0,0,0,0,0,0,0,0,0,0,0,0,0,0,0,0,0,0,0,0,0,0,0,0,0,0,0,0,0,0,0,1,0,0,0,0,0,0,0
2014,1,1,0.6082474226804123,0.48863636363636365,0.4,0.6,0.6,0.5,141.6,159.0,7.0,6.0,1.3224696878493423,1.2912307399657599,6.185567010309279,5.613636363636363,0.5,0.5,0.7272727272727273,1591.2562877690982,1502.7971895430492,88.45909822604904,0.11961105904404867,-0.19999999999999996,0.09999999999999998,0.03123894788358239,0.5719306466729153,0.0,-17.400000000000006,1.0,0,1,0,0,0,0,0,0,0,0,0,0,0,0,0,0,0,0,0,0,0,0,0,0,0,0,1,0,0,0,0,0,0,0,0,0,0,0,0,0,0,0,0,0,0,0,0,0,0,0,0,0,0,0,0,0,0,0,0,0,0,0,0,0,0,1,0,0,0,0,0,0
2014,0,0,0.5625,0.5393258426966292,0.6,0.4,0.5,0.6,145.6,141.8,7.0,6.8,1.1338912133891212,1.2581811263318112,6.4375,5.98876404494382,0.5,0.5,0.3333333333333333,1521.767247677441,1521.9304040451739,-0.16315636773288134,0.0231741573033708,0.19999999999999996,-0.09999999999999998,-0.12428991294268998,0.44873595505618,0.0,3.799999999999983,0.20000000000000018,0,0,0,0,0,0,0,0,0,0,0,0,0,0,0,1,0,0,0,0,0,0,0,0,0,0,0,1,0,0,0,0,0,0,0,0,0,0,0,0,0,0,0,0,0,0,0,0,0,0,0,0,0,0,0,0,0,0,0,0,0,0,0,0,0,1,0,0,0,0,0,0
2014,1,0,0.5217391304347826,0.5833333333333334,0.6,0.4,0.5,0.7,144.8,143.2,5.0,5.8,1.2950834793838206,1.257187257187257,5.641304347826087,6.385416666666667,0.5,0.5,0.46153846153846156,1539.2805469469354,1581.8242815071935,-42.543734560258144,-0.061594202898550776,0.19999999999999996,-0.19999999999999996,0.03789622219656352,-0.74411231884058,0.0,1.6000000000000227,-0.7999999999999998,1,0,0,0,0,0,0,0,0,0,0,0,0,0,1,0,0,0,0,0,0,0,0,0,1,0,0,0,0,0,0,0,0,0,0,0,0,0,0,0,1,0,0,0,0,0,0,0,0,0,0,0,0,0,0,0,0,0,0,0,0,0,0,0,0,0,0,0,0,0,0,0
2014,1,1,0.48863636363636365,0.4666666666666667,0.6,0.0,0.5,0.2,144.8,151.4,7.0,3.8,1.2182062866480823,1.2716934250764527,5.625,5.966666666666667,0.5,0.5,0.5454545454545454,1517.4571610435546,1426.2130265057804,91.24413453777424,0.021969696969696972,0.6,0.3,-0.053487138428370384,-0.3416666666666668,0.0,-6.599999999999994,3.2,0,0,0,0,0,0,0,1,0,0,0,0,0,0,0,0,0,0,1,0,0,0,0,0,0,0,0,0,0,0,0,0,0,0,0,0,0,0,0,0,1,0,0,0,0,0,0,0,0,0,0,0,0,0,0,0,0,0,0,0,0,0,0,0,0,0,0,0,0,0,0,0
2014,0,0,0.5444444444444444,0.4943820224719101,0.4,0.8,0.6,0.5,140.0,171.2,7.2,6.4,1.2567961621672468,1.2962753950338601,5.988888888888889,5.595505617977528,0.5,0.5,0.7272727272727273,1531.9257080277669,1515.2896218233593,16.636086204407547,0.0500624219725343,-0.4,0.09999999999999998,-0.03947923286661337,0.39338327091136094,0.0,-31.19999999999999,0.7999999999999998,0,0,0,0,0,0,0,0,0,0,0,0,1,0,0,0,0,0,0,0,0,0,0,0,0,0,1,0,0,0,0,0,0,0,0,0,0,0,0,0,0,0,0,0,0,0,0,0,0,0,0,0,0,0,0,0,0,0,0,0,0,0,0,0,1,0,0,0,0,0,0,0
2014,1,1,0.6020408163265306,0.4725274725274725,0.4,0.2,0.5,0.3,154.4,149.0,6.8,4.0,1.3255082078761589,1.2730536659108087,6.163265306122449,5.956043956043956,0.0,0.5,0.6666666666666666,1578.763855488788,1438.780487364681,139.98336812410707,0.1295133437990581,0.2,0.2,0.052454541965350154,0.20722135007849296,-0.5,5.400000000000006,2.8,1,1,0,0,0,0,0,0,0,0,0,0,0,0,0,0,0,0,1,0,0,0,0,0,0,0,0,0,0,0,0,0,0,0,0,0,0,0,0,0,0,0,0,0,0,0,0,0,0,0,0,0,0,0,0,0,0,0,0,0,0,0,0,0,0,1,0,0,0,0,0,0
2014,0,0,0.5,0.5294117647058824,1.0,0.4,0.6,0.5,185.8,142.2,6.0,6.4,1.3002419054707852,1.12960235640648,5.588888888888889,6.411764705882353,1.0,0.5,0.0,1525.7680812703604,1511.771943694848,13.99613757551242,-0.02941176470588236,0.6,0.09999999999999998,0.17063954906430512,-0.8228758169934647,0.5,43.60000000000002,-0.40000000000000036,1,0,0,0,0,0,0,0,0,0,0,1,0,0,0,0,0,0,0,0,0,0,0,0,0,0,0,0,0,0,1,0,0,0,0,0,0,0,0,0,0,0,0,0,0,0,0,0,0,0,0,0,0,0,0,0,0,0,0,0,0,0,0,0,1,0,0,0,0,0,0,0
2014,1,0,0.5384615384615384,0.6060606060606061,0.4,0.4,0.6,0.5,147.8,156.2,6.2,6.8,1.2601822577645527,1.3266835016835017,5.956043956043956,6.191919191919192,0.5,0.5,0.38461538461538464,1521.4472485807657,1584.9395411246178,-63.492292543852045,-0.06759906759906764,0.0,0.09999999999999998,-0.06650124391894896,-0.23587523587523584,0.0,-8.399999999999977,-0.5999999999999996,0,0,0,0,0,0,0,0,0,0,0,0,1,0,0,0,1,0,0,0,0,0,0,0,0,0,0,0,0,0,0,0,0,0,0,0,0,0,0,0,1,0,0,0,0,0,0,0,0,0,0,0,0,0,0,0,0,0,0,0,0,0,0,0,0,0,0,0,0,0,0,0
2014,1,0,0.5268817204301075,0.48314606741573035,0.6,0.4,0.5,0.4,131.4,147.6,5.4,6.2,1.2931396729697635,1.219046714774022,5.67741935483871,5.629213483146067,1.0,0.5,0.5,1550.4989703860201,1504.889700184654,45.609270201366144,0.04373565301437715,0.19999999999999996,0.09999999999999998,0.07409295819574147,0.04820587169264279,0.5,-16.19999999999999,-0.7999999999999998,0,0,0,0,0,0,0,0,0,0,0,0,0,0,1,0,0,0,0,0,0,0,1,0,0,0,0,0,0,0,0,0,0,0,0,0,0,0,0,0,0,0,0,0,0,0,0,0,0,0,0,0,0,0,0,0,0,0,0,0,0,0,0,0,1,0,0,0,0,0,0,0
2014,1,1,0.5,0.4673913043478261,0.4,0.2,0.5,0.2,130.8,138.8,6.8,4.6,1.1223354958294718,1.2694756554307116,6.388888888888889,5.967391304347826,0.5,1.0,1.0,1502.174567146313,1432.6048017288513,69.56976541746167,0.03260869565217389,0.2,0.3,-0.14714015960123983,0.4214975845410631,-0.5,-8.0,2.2,1,0,0,0,0,0,0,0,0,0,0,0,0,0,0,1,0,0,1,0,0,0,0,0,0,0,0,0,0,0,0,0,0,0,0,0,0,0,0,0,1,0,0,0,0,0,0,0,0,0,0,0,0,0,0,0,0,0,0,0,0,0,0,0,0,0,0,0,0,0,0,0
2014,0,1,0.61,0.5773195876288659,0.6,0.4,0.5,0.6,167.8,139.6,8.4,4.8,1.324310818689098,1.2536943708892117,6.23,6.350515463917525,1.0,0.0,0.4,1593.132161099703,1570.6058580681088,22.526303031594125,0.03268041237113406,0.19999999999999996,-0.09999999999999998,0.0706164477998863,-0.12051546391752499,1.0,28.200000000000017,3.6000000000000005,1,1,0,0,0,0,0,0,0,0,0,0,0,0,0,0,0,0,0,0,0,0,0,0,1,0,0,0,0,0,0,0,0,0,0,0,0,0,0,0,1,0,0,0,0,0,0,0,0,0,0,0,0,0,0,0,0,0,0,0,0,0,0,0,0,0,0,0,0,0,0,0
2014,1,0,0.532608695652174,0.5212765957446809,0.4,0.6,0.5,0.5,151.8,138.0,5.6,5.8,1.2583908045977013,1.292140921409214,5.956521739130435,5.691489361702128,1.0,0.5,0.45454545454545453,1513.2546286056806,1539.193719207387,-25.93909060170631,0.011332099907493065,-0.19999999999999996,0.0,-0.033750116811512854,0.265032377428307,0.5,13.800000000000011,-0.20000000000000018,1,0,0,0,0,0,0,0,0,0,0,0,1,0,0,0,0,0,0,0,0,0,0,0,0,0,0,0,0,1,0,0,0,0,0,0,0,0,0,0,0,0,0,0,0,0,0,0,0,0,0,0,0,0,0,0,0,0,0,0,0,0,0,0,0,1,0,0,0,0,0,0
2014,1,0,0.4888888888888889,0.5054945054945055,0.4,1.0,0.5,0.7,154.4,189.2,5.4,7.0,1.2189376876876876,1.3031640912435614,5.622222222222222,5.637362637362638,1.0,1.0,0.5454545454545454,1516.1949513632871,1535.3654578188955,-19.170506455608347,-0.016605616605616602,-0.6,-0.19999999999999996,-0.08422640355587374,-0.015140415140415975,0.0,-34.79999999999998,-1.5999999999999996,0,0,0,0,0,0,0,1,0,0,0,0,0,0,0,0,0,0,0,0,0,0,0,0,0,0,1,0,0,0,0,0,0,0,0,0,0,0,0,0,0,0,0,0,0,0,0,0,0,0,0,0,0,0,0,0,0,0,0,0,0,0,0,0,0,1,0,0,0,0,0,0
2014,0,1,0.46236559139784944,0.5714285714285714,0.2,0.4,0.1,0.5,142.0,139.0,4.0,5.2,1.2716837915393873,1.2528959161241229,5.913978494623656,6.316326530612245,0.0,0.5,0.5,1424.580840962062,1561.2533102112163,-136.67246924915435,-0.10906298003072196,-0.2,-0.4,0.018787875415264388,-0.4023480359885889,-0.5,3.0,-1.2000000000000002,1,0,0,1,0,0,0,0,0,0,0,0,0,0,0,0,0,0,0,0,0,0,0,0,1,0,0,0,0,0,0,0,0,0,0,0,0,0,0,0,0,0,0,0,0,0,0,0,0,0,0,0,0,0,0,0,0,0,0,0,0,0,0,0,1,0,0,0,0,0,0,0
2014,1,1,0.5263157894736842,0.6138613861386139,0.4,0.6,0.5,0.6,140.4,157.8,5.8,7.8,1.1429824561403508,1.3232431540745628,6.2631578947368425,6.237623762376238,0.0,0.5,0.0,1510.1985279131022,1602.4847089565953,-92.28618104349312,-0.08754559666492967,-0.19999999999999996,-0.09999999999999998,-0.18026069793421207,0.025534132360604644,-0.5,-17.400000000000006,-2.0,0,0,0,0,0,0,0,0,0,0,0,0,0,0,0,1,1,0,0,0,0,0,0,0,0,0,0,0,0,0,0,0,0,0,0,0,0,0,0,0,0,0,0,0,0,0,0,0,0,0,0,0,0,0,0,0,0,0,0,0,0,0,0,0,1,0,0,0,0,0,0,0
2014,1,0,0.5108695652173914,0.5157894736842106,1.0,0.6,0.8,0.5,181.4,117.2,7.6,6.0,1.3007094778970347,1.2878774303377833,5.684782608695652,5.673684210526316,0.5,1.0,0.5833333333333334,1544.8142455674297,1528.4485162191495,16.365729348280183,-0.004919908466819223,0.4,0.30000000000000004,0.01283204755925138,0.011098398169336221,-0.5,64.2,1.5999999999999996,1,0,0,0,0,0,0,0,0,0,0,1,0,0,0,0,0,0,0,0,0,0,0,0,0,0,0,0,0,1,0,0,0,0,0,0,0,0,0,0,1,0,0,0,0,0,0,0,0,0,0,0,0,0,0,0,0,0,0,0,0,0,0,0,0,0,0,0,0,0,0,0
2014,1,0,0.5656565656565656,0.5,0.2,0.2,0.4,0.4,130.2,143.0,4.8,5.4,1.2503556187766713,1.1448189762796503,6.292929292929293,6.2,0.0,1.0,0.5,1547.5106489769212,1502.7939825781175,44.71666639880368,0.06565656565656564,0.0,0.0,0.105536642497021,0.09292929292929308,-1.0,-12.800000000000011,-0.6000000000000005,0,0,0,0,0,0,0,0,0,1,0,0,0,0,0,0,0,0,0,0,0,0,0,0,0,0,0,0,0,0,1,0,0,0,0,0,0,0,0,0,1,0,0,0,0,0,0,0,0,0,0,0,0,0,0,0,0,0,0,0,0,0,0,0,0,0,0,0,0,0,0,0
2014,1,1,0.6176470588235294,0.4835164835164835,0.8,0.4,0.6,0.5,162.0,143.6,7.0,6.4,1.3225226697165264,1.216043078637081,6.2254901960784315,5.65934065934066,0.5,0.5,0.6666666666666666,1609.88925429158,1506.746163614753,103.14309067682711,0.13413057530704592,0.4,0.09999999999999998,0.10647959107944538,0.5661495367377718,0.0,18.400000000000006,0.5999999999999996,1,1,0,0,0,0,0,0,0,0,0,0,0,0,0,0,0,0,0,0,0,0,1,0,0,0,0,0,0,0,0,0,0,0,0,0,0,0,0,0,0,0,0,0,0,0,1,0,0,0,0,0,0,0,0,0,0,0,0,0,0,0,0,0,0,0,0,0,0,0,0,0
2014,0,1,0.56,0.5161290322580645,0.0,1.0,0.3,0.8,132.0,170.2,4.0,7.4,1.250310507576385,1.298209304418249,6.28,5.709677419354839,0.6428571428571429,0.4,0.4166666666666667,1536.230659720485,1554.34355009009,-18.11289036960511,0.04387096774193555,-1.0,-0.5,-0.047898796841864044,0.5703225806451613,0.24285714285714288,-38.19999999999999,-3.4000000000000004,1,0,0,0,0,0,0,0,0,1,0,0,0,0,0,0,0,0,0,0,0,0,0,0,0,0,1,0,0,0,0,0,0,0,0,0,0,0,0,0,0,0,0,0,0,0,0,0,0,0,0,0,0,0,0,0,0,0,0,0,0,0,0,0,0,0,0,0,0,0,1,0
2014,0,0,0.46808510638297873,0.5376344086021505,0.4,0.4,0.2,0.5,140.4,139.0,4.4,6.2,1.2699459558486763,1.2556823368324965,5.925531914893617,6.0,0.42424242424242425,0.4,0.5,1438.3235021963571,1523.999831593918,-85.67632939756095,-0.06954930221917177,0.0,-0.3,0.014263619016179785,-0.07446808510638281,0.024242424242424232,1.4000000000000057,-1.7999999999999998,0,0,0,1,0,0,0,0,0,0,0,0,0,0,0,0,0,0,0,0,0,0,0,0,0,0,0,1,0,0,0,0,0,0,0,0,0,0,0,0,0,0,1,0,0,0,0,0,0,0,0,0,0,0,0,0,0,0,0,0,0,0,0,0,0,0,0,0,0,0,0,0
2014,1,0,0.5104166666666666,0.5238095238095238,0.4,0.4,0.4,0.5,120.8,151.0,5.8,5.6,1.2850558411629143,1.15625,5.666666666666667,6.238095238095238,0.5588235294117647,0.0,1.0,1518.9192116964891,1514.0739718345537,4.845239861935397,-0.013392857142857206,0.0,-0.09999999999999998,0.12880584116291427,-0.5714285714285712,0.5588235294117647,-30.200000000000003,0.20000000000000018,1,0,0,0,0,0,0,0,0,0,0,0,0,0,1,0,0,0,0,0,0,0,0,0,0,0,0,0,0,0,1,0,0,0,0,0,0,0,0,0,0,0,0,0,0,0,0,0,1,0,0,0,0,0,0,0,0,0,0,0,0,0,0,0,0,0,0,0,0,0,0,0
2014,0,0,0.5425531914893617,0.4782608695652174,0.6,0.4,0.5,0.4,137.2,140.4,6.0,6.0,1.256843436624808,1.2150082766231378,5.98936170212766,5.630434782608695,0.75,0.0,0.45454545454545453,1531.5826668390248,1499.6306169598063,31.95204987921852,0.06429232192414425,0.19999999999999996,0.09999999999999998,0.0418351600016702,0.3589269195189644,0.75,-3.200000000000017,0.0,1,0,0,0,0,0,0,0,0,0,0,0,1,0,0,0,0,0,0,0,0,0,1,0,0,0,0,0,0,0,0,0,0,0,0,0,0,0,0,0,0,0,0,0,0,0,0,0,0,0,0,0,0,0,0,0,0,0,0,0,1,0,0,0,0,0,0,0,0,0,0,0
2014,0,0,0.4631578947368421,0.6213592233009708,0.4,1.0,0.2,0.7,141.8,150.6,4.6,8.0,1.2697952527631817,1.3234769928710304,5.894736842105263,6.252427184466019,0.4117647058823529,0.8,0.3076923076923077,1430.7406669512504,1617.0048009465268,-186.26413399527632,-0.15820132856412872,-0.6,-0.49999999999999994,-0.05368174010784865,-0.3576903423607565,-0.3882352941176471,-8.799999999999983,-3.4000000000000004,0,0,0,1,0,0,0,0,0,0,0,0,0,0,0,0,1,0,0,0,0,0,0,0,0,0,0,0,0,0,0,0,0,0,0,0,0,0,0,0,0,0,1,0,0,0,0,0,0,0,0,0,0,0,0,0,0,0,0,0,0,0,0,0,0,0,0,0,0,0,0,0
2014,0,0,0.5643564356435643,0.5154639175257731,0.2,0.4,0.3,0.5,141.6,123.2,4.0,6.2,1.2521525215252152,1.2850504164839982,6.267326732673268,5.670103092783505,0.6551724137931034,0.5,0.5,1546.7515188240475,1528.7797635230024,17.97175530104505,0.04889251811779116,-0.2,-0.2,-0.032897894958783036,0.5972236398897621,0.15517241379310343,18.39999999999999,-2.2,1,0,0,0,0,0,0,0,0,1,0,0,0,0,0,0,0,0,0,0,0,0,0,0,0,0,0,0,0,1,0,0,0,0,0,0,0,0,0,0,0,0,0,0,0,0,0,0,0,0,0,0,0,0,0,0,0,0,0,0,0,0,0,0,0,0,0,0,0,0,1,0
2014,1,1,0.4583333333333333,0.4731182795698925,0.2,0.2,0.2,0.4,144.0,139.8,4.0,5.8,1.271635907543451,1.2157468860805527,5.854166666666667,5.634408602150538,0.4,0.6666666666666666,0.5,1425.6410540062343,1490.5476869243382,-64.90663291810392,-0.014784946236559182,0.0,-0.2,0.0558890214628982,0.219758064516129,-0.2666666666666666,4.199999999999989,-1.7999999999999998,0,0,0,1,0,0,0,0,0,0,0,0,0,0,0,0,0,0,0,0,0,0,1,0,0,0,0,0,0,0,0,0,0,0,0,0,0,0,0,0,0,0,1,0,0,0,0,0,0,0,0,0,0,0,0,0,0,0,0,0,0,0,0,0,0,0,0,0,0,0,0,0
2014,0,0,0.5106382978723404,0.625,0.8,1.0,0.8,0.7,162.6,151.4,7.6,7.2,1.298718633208756,1.3252567394094994,5.702127659574468,6.240384615384615,0.0,0.5,0.3333333333333333,1543.8226909865275,1622.104413891543,-78.28172290501539,-0.11436170212765961,-0.19999999999999996,0.10000000000000009,-0.026538106200743483,-0.5382569558101471,-0.5,11.199999999999989,0.39999999999999947,1,0,0,0,0,0,0,0,0,0,0,1,0,0,0,0,1,0,0,0,0,0,0,0,0,0,0,0,0,0,0,0,1,0,0,0,0,0,0,0,0,0,0,0,0,0,0,0,0,0,0,0,0,0,0,0,0,0,0,0,0,0,0,0,0,0,0,0,0,0,0,0
2014,1,0,0.5473684210526316,0.5,0.6,0.4,0.5,0.4,144.2,155.4,6.0,5.6,1.258107745912624,1.159322033898305,5.989473684210527,6.2272727272727275,0.8,0.5,0.75,1540.6655968744928,1504.2134200080404,36.45217686645242,0.047368421052631615,0.19999999999999996,0.09999999999999998,0.09878571201431896,-0.2377990430622008,0.30000000000000004,-11.200000000000017,0.40000000000000036,0,0,0,0,0,0,0,0,0,0,0,0,1,0,0,0,0,0,0,0,0,0,0,0,0,0,0,0,0,0,1,0,0,0,0,0,0,0,0,0,0,0,0,0,0,0,0,0,0,0,0,0,0,0,0,0,0,0,0,0,1,0,0,0,0,0,0,0,0,0,0,0
2014,1,0,0.5102040816326531,0.5157894736842106,0.2,0.8,0.4,0.9,133.6,170.2,5.4,7.8,1.2858010235059416,1.3047610666197307,5.663265306122449,5.705263157894737,0.5714285714285714,0.6,0.38461538461538464,1519.2965713677545,1556.0384513481793,-36.741879980424756,-0.005585392051557503,-0.6000000000000001,-0.5,-0.01896004311378907,-0.04199785177228765,-0.02857142857142858,-36.599999999999994,-2.3999999999999995,0,0,0,0,0,0,0,0,0,0,0,0,0,0,1,0,0,0,0,0,0,0,0,0,0,0,1,0,0,0,0,0,0,0,0,0,0,0,0,0,0,0,0,0,0,0,0,0,1,0,0,0,0,0,0,0,0,0,0,0,0,0,0,0,0,0,0,0,0,0,0,0
2014,0,0,0.4536082474226804,0.5217391304347826,0.2,0.6,0.2,0.5,159.2,158.0,3.0,6.4,1.272066643034385,1.1566438602808786,5.814432989690721,6.391304347826087,0.3888888888888889,0.5,0.0,1417.4877830747616,1515.2587651772683,-97.77098210250665,-0.06813088301210218,-0.39999999999999997,-0.3,0.11542278275350637,-0.5768713581353655,-0.1111111111111111,1.1999999999999886,-3.4000000000000004,0,0,0,1,0,0,0,0,0,0,0,0,0,0,0,0,0,0,0,0,0,0,0,0,0,0,0,0,0,0,1,0,0,0,0,0,0,0,0,0,0,0,1,0,0,0,0,0,0,0,0,0,0,0,0,0,0,0,0,0,0,0,0,0,0,0,0,0,0,0,0,0
2014,0,0,0.5686274509803921,0.6190476190476191,0.4,0.8,0.4,0.7,156.0,160.8,5.0,6.0,1.2543211880223972,1.32716294589656,6.284313725490196,6.219047619047619,0.6666666666666666,0.3333333333333333,0.5625,1556.2347109792954,1609.8886535298911,-53.65394255059573,-0.050420168067226934,-0.4,-0.29999999999999993,-0.0728417578741627,0.0652661064425768,0.3333333333333333,-4.800000000000011,-1.0,0,0,0,0,0,0,0,0,0,1,0,0,0,0,0,0,1,0,0,0,0,0,0,0,0,0,0,0,0,0,0,0,0,0,0,0,0,0,0,0,0,0,0,0,0,0,0,0,0,0,0,0,0,0,0,0,0,0,0,0,0,0,0,0,0,0,0,0,0,0,1,0
2014,0,0,0.5208333333333334,0.4787234042553192,0.8,0.4,0.9,0.4,171.2,138.8,7.6,5.6,1.3071167565686446,1.218091809180918,5.739583333333333,5.627659574468085,0.5,1.0,0.5,1564.9848596905329,1498.7009578558109,66.28390183472197,0.0421099290780142,0.4,0.5,0.08902494738772648,0.11192375886524797,-0.5,32.39999999999998,2.0,0,0,0,0,0,0,0,0,0,0,0,1,0,0,0,0,0,0,0,0,0,0,1,0,0,0,0,0,0,0,0,0,1,0,0,0,0,0,0,0,0,0,0,0,0,0,0,0,0,0,0,0,0,0,0,0,0,0,0,0,0,0,0,0,0,0,0,0,0,0,0,0
2014,1,1,0.5050505050505051,0.5416666666666666,0.2,0.6,0.4,0.5,137.2,126.4,5.6,7.2,1.286364026430962,1.2533356896704073,5.686868686868687,6.020833333333333,0.5555555555555556,0.5,0.5,1510.350163025401,1529.620251705265,-19.270088679864102,-0.03661616161616155,-0.39999999999999997,-0.09999999999999998,0.03302833676055461,-0.3339646464646462,0.05555555555555558,10.799999999999983,-1.6000000000000005,0,0,0,0,0,0,0,0,0,0,0,0,0,0,1,0,0,0,0,0,0,0,0,0,0,0,0,1,0,0,0,0,0,0,0,0,0,0,0,0,0,0,0,0,0,0,0,0,1,0,0,0,0,0,0,0,0,0,0,0,0,0,0,0,0,0,0,0,0,0,0,0
2014,1,1,0.5416666666666666,0.5631067961165048,0.6,0.4,0.5,0.4,130.0,159.2,7.0,5.6,1.1599572497328108,1.2544388205993413,6.416666666666667,6.281553398058253,0.8571428571428571,0.6666666666666666,0.6666666666666666,1522.5166925800145,1547.766835458472,-25.25014287845761,-0.021440129449838197,0.19999999999999996,0.09999999999999998,-0.09448157086653053,0.13511326860841422,0.19047619047619047,-29.19999999999999,1.4000000000000004,0,0,0,0,0,0,0,0,0,0,0,0,0,0,0,1,0,0,0,0,0,0,0,0,1,0,0,0,0,0,0,0,0,0,0,0,0,0,0,0,0,0,0,0,0,0,0,0,0,0,0,0,0,0,0,0,0,0,0,1,0,0,0,0,0,0,0,0,0,0,0,0
2014,0,1,0.6226415094339622,0.5463917525773195,0.8,0.8,0.7,0.6,164.4,138.0,5.8,7.0,1.3270123534503109,1.2571053782247485,6.216981132075472,6.010309278350515,1.0,0.5,0.6428571428571429,1618.3565290507145,1539.0661820007463,79.2903470499682,0.0762497568566427,0.0,0.09999999999999998,0.06990697522556233,0.20667185372495656,0.5,26.400000000000006,-1.2000000000000002,1,1,0,0,0,0,0,0,0,0,0,0,0,0,0,0,0,0,0,0,0,0,0,0,0,0,0,1,0,0,0,0,0,0,0,0,0,0,0,0,0,0,0,0,0,0,1,0,0,0,0,0,0,0,0,0,0,0,0,0,0,0,0,0,0,0,0,0,0,0,0,0
2014,0,0,0.5,0.4489795918367347,0.2,0.2,0.4,0.2,161.2,151.8,5.8,3.2,1.2888436067244013,1.2711091626479614,5.68,5.775510204081633,0.5405405405405406,0.6666666666666666,0.5454545454545454,1500.9042327299196,1410.2298556720154,90.67437705790417,0.05102040816326531,0.0,0.2,0.01773444407643998,-0.09551020408163335,-0.12612612612612606,9.399999999999977,2.5999999999999996,1,0,0,0,0,0,0,0,0,0,0,0,0,0,1,0,0,0,1,0,0,0,0,0,0,0,0,0,0,0,0,0,0,0,0,0,0,0,0,0,0,0,0,0,0,0,0,0,1,0,0,0,0,0,0,0,0,0,0,0,0,0,0,0,0,0,0,0,0,0,0,0
2014,0,0,0.52,0.5154639175257731,0.6,0.6,0.4,0.8,132.4,174.6,6.6,5.8,1.1644489935175708,1.306215564738292,6.28,5.690721649484536,0.75,0.75,0.6666666666666666,1513.242173288989,1553.099869765222,-39.85769647623283,0.004536082474226877,0.0,-0.4,-0.14176657122072123,0.589278350515464,0.0,-42.19999999999999,0.7999999999999998,0,0,0,0,0,0,0,0,0,0,0,0,0,0,0,1,0,0,0,0,0,0,0,0,0,0,1,0,0,0,0,0,0,0,0,0,0,0,0,0,0,0,0,0,0,0,0,0,0,0,0,0,0,0,0,0,0,0,0,1,0,0,0,0,0,0,0,0,0,0,0,0
2014,1,0,0.4842105263157895,0.5673076923076923,0.4,0.6,0.4,0.4,138.8,166.2,6.2,5.4,1.2194100347562606,1.25569176882662,5.652631578947369,6.25,1.0,0.5,0.23076923076923078,1510.5859477811218,1557.0413547494975,-46.455406968375655,-0.08309716599190281,-0.19999999999999996,0.0,-0.036281734070359395,-0.5973684210526313,0.5,-27.399999999999977,0.7999999999999998,1,0,0,0,0,0,0,1,0,0,0,0,0,0,0,0,0,0,0,0,0,0,0,0,1,0,0,0,0,0,0,0,1,0,0,0,0,0,0,0,0,0,0,0,0,0,0,0,0,0,0,0,0,0,0,0,0,0,0,0,0,0,0,0,0,0,0,0,0,0,0,0
2014,0,0,0.5408163265306123,0.4444444444444444,0.6,0.0,0.5,0.2,153.4,160.6,6.0,2.6,1.2565322720193806,1.272183190215977,6.0,5.757575757575758,0.6666666666666666,1.0,0.5384615384615384,1531.3095297943967,1402.7819921483244,128.52753764607223,0.09637188208616787,0.6,0.3,-0.015650918196596475,0.2424242424242422,-0.33333333333333337,-7.199999999999989,3.4,1,0,0,0,0,0,0,0,0,0,0,0,1,0,0,0,0,0,1,0,0,0,0,0,0,0,0,0,0,0,0,0,0,0,0,0,0,0,0,0,0,0,0,0,0,0,0,0,0,0,0,0,0,0,0,0,0,0,0,0,1,0,0,0,0,0,0,0,0,0,0,0
2014,1,1,0.6261682242990654,0.504950495049505,0.8,0.4,0.8,0.4,165.0,173.6,6.4,6.2,1.3259039900249376,1.2909350583886414,6.233644859813084,5.693069306930693,1.0,0.0,0.5714285714285714,1626.113181257064,1508.3520962536106,117.76108500345345,0.12121772924956042,0.4,0.4,0.03496893163629622,0.540575552882391,1.0,-8.599999999999994,0.20000000000000018,0,1,0,0,0,0,0,0,0,0,0,0,0,0,0,0,0,0,0,0,0,0,0,0,0,0,0,0,0,1,0,0,0,0,0,0,0,0,0,0,0,0,0,0,0,0,1,0,0,0,0,0,0,0,0,0,0,0,0,0,0,0,0,0,0,0,0,0,0,0,0,0
2014,1,1,0.5,0.4895833333333333,0.4,0.6,0.4,0.5,139.0,145.4,6.0,5.4,1.1823529411764706,1.2194584105142454,6.1923076923076925,5.645833333333333,0.6666666666666666,0.6666666666666666,0.5,1504.3843637629982,1521.9151301685395,-17.53076640554127,0.010416666666666685,-0.19999999999999996,-0.09999999999999998,-0.03710546933777481,0.5464743589743595,0.0,-6.400000000000006,0.5999999999999996,0,0,0,0,0,0,0,0,0,0,0,0,0,0,0,1,0,0,0,0,0,0,1,0,0,0,0,0,0,0,0,0,0,0,0,0,0,0,0,0,0,0,0,0,0,0,0,0,0,0,0,0,0,0,0,0,0,0,0,1,0,0,0,0,0,0,0,0,0,0,0,0
2014,0,1,0.5454545454545454,0.5619047619047619,0.6,0.6,0.6,0.3,162.4,163.0,6.8,5.2,1.2602927330308995,1.2544336722629463,6.03030303030303,6.228571428571429,0.7142857142857143,0.5,0.4166666666666667,1537.770207558087,1545.7121723620799,-7.94196480399296,-0.016450216450216493,0.0,0.3,0.0058590607679531725,-0.19826839826839837,0.2142857142857143,-0.5999999999999943,1.5999999999999996,0,0,0,0,0,0,0,0,0,0,0,0,1,0,0,0,0,0,0,0,0,0,0,0,1,0,0,0,0,0,0,0,0,0,0,0,0,0,0,0,0,0,0,0,0,0,0,0,0,0,0,0,0,0,0,0,0,0,0,0,1,0,0,0,0,0,0,0,0,0,0,0
2014,0,0,0.44,0.5204081632653061,0.0,0.6,0.2,0.8,158.0,191.4,3.2,5.2,1.2703560703560703,1.3116207690340183,5.76,5.683673469387755,0.3783783783783784,0.6,0.4166666666666667,1396.3213143846342,1561.9576792912128,-165.6363649065786,-0.08040816326530614,-0.6,-0.6000000000000001,-0.04126469867794791,0.0763265306122447,-0.22162162162162158,-33.400000000000006,-2.0,0,0,0,1,0,0,0,0,0,0,0,0,0,0,0,0,0,0,0,0,0,0,0,0,0,0,1,0,0,0,0,0,0,0,0,0,0,0,0,0,0,0,1,0,0,0,0,0,0,0,0,0,0,0,0,0,0,0,0,0,0,0,0,0,0,0,0,0,0,0,0,0
2014,0,1,0.48148148148148145,0.5098039215686274,0.4,0.4,0.4,0.4,136.4,170.4,5.4,5.8,1.1801632140615193,1.2896465696465695,6.074074074074074,5.676470588235294,0.6,0.3333333333333333,0.0,1494.8885120043326,1521.6174362740317,-26.728924269699064,-0.02832244008714596,0.0,0.0,-0.10948335558505029,0.39760348583878,0.26666666666666666,-34.0,-0.39999999999999947,1,0,0,0,0,0,0,0,0,0,0,0,0,0,0,1,0,0,0,0,0,0,0,0,0,0,0,0,0,1,0,0,0,0,0,0,0,0,0,0,0,0,0,0,0,0,0,0,0,0,0,0,0,0,0,0,0,0,0,1,0,0,0,0,0,0,0,0,0,0,0,0
2014,1,0,0.4948453608247423,0.6203703703703703,0.8,0.6,0.6,0.8,151.8,163.0,6.4,5.6,1.2196420776953296,1.3239675800849093,5.670103092783505,6.222222222222222,0.5882352941176471,0.6666666666666666,0.3076923076923077,1531.410981927205,1612.847841236643,-81.43685930943798,-0.12552500954562806,0.20000000000000007,-0.20000000000000007,-0.10432550238957972,-0.5521191294387169,-0.07843137254901955,-11.199999999999989,0.8000000000000007,1,0,0,0,0,0,0,1,0,0,0,0,0,0,0,0,1,0,0,0,0,0,0,0,0,0,0,0,0,0,0,0,0,0,0,0,0,0,0,0,0,1,0,0,0,0,0,0,0,0,0,0,0,0,0,0,0,0,0,0,0,0,0,0,0,0,0,0,0,0,0,0
2014,0,0,0.5252525252525253,0.5660377358490566,0.8,0.6,0.8,0.4,190.8,164.6,5.6,5.8,1.3112666554224996,1.2562841530054645,5.696969696969697,6.245283018867925,0.5357142857142857,0.25,0.5384615384615384,1567.521391144945,1555.4836240460343,12.037767098910763,-0.040785210596531285,0.20000000000000007,0.4,0.05498250241703517,-0.5483133218982275,0.2857142857142857,26.200000000000017,-0.20000000000000018,0,0,0,0,0,0,0,0,0,0,0,1,0,0,0,0,0,0,0,0,0,0,0,0,1,0,0,0,0,0,0,0,0,0,0,0,0,0,0,0,0,0,0,0,0,0,0,0,0,0,0,0,0,0,0,0,0,0,1,0,0,0,0,0,0,0,0,0,0,0,0,0
2014,0,0,0.5,0.5048543689320388,1.0,0.4,0.6,0.3,151.0,168.8,6.0,5.4,1.2216361120719474,1.2897596312150148,5.653061224489796,5.650485436893204,0.6,0.25,0.5384615384615384,1543.7129201336154,1510.8496301574612,32.86328997615419,-0.004854368932038833,0.6,0.3,-0.06812351914306736,0.0025757875965917165,0.35,-17.80000000000001,0.5999999999999996,1,0,0,0,0,0,0,1,0,0,0,0,0,0,0,0,0,0,0,0,0,0,0,0,0,0,0,0,0,1,0,0,0,0,0,0,0,0,0,0,0,1,0,0,0,0,0,0,0,0,0,0,0,0,0,0,0,0,0,0,0,0,0,0,0,0,0,0,0,0,0,0
2014,0,0,0.6146788990825688,0.5,0.4,0.4,0.7,0.5,157.6,141.8,5.0,4.6,1.323291023092216,1.1856667674629573,6.18348623853211,6.071428571428571,0.6666666666666666,0.5,1.0,1600.5459030302327,1505.656318120903,94.88958490932964,0.11467889908256879,0.0,0.19999999999999996,0.13762425562925862,0.1120576671035387,0.16666666666666663,15.799999999999983,0.40000000000000036,0,1,0,0,0,0,0,0,0,0,0,0,0,0,0,0,0,0,0,0,0,0,0,0,0,0,0,0,0,0,1,0,0,0,0,0,0,0,0,0,0,0,0,0,0,0,1,0,0,0,0,0,0,0,0,0,0,0,0,0,0,0,0,0,0,0,0,0,0,0,0,0
2014,0,0,0.5700934579439252,0.43564356435643564,0.6,0.0,0.5,0.1,159.0,155.2,5.8,4.0,1.2569218870843,1.2709058493929875,6.261682242990654,5.762376237623762,0.6451612903225806,0.25,0.46153846153846156,1565.8299602593795,1390.757602530902,175.07235772847753,0.13444989358748954,0.6,0.4,-0.013983962308687481,0.4993060053668916,0.3951612903225806,3.8000000000000114,1.7999999999999998,1,0,0,0,0,0,0,0,0,1,0,0,0,0,0,0,0,0,1,0,0,0,0,0,0,0,0,0,0,0,0,0,0,0,0,0,0,0,0,0,0,0,0,0,0,0,0,0,0,0,0,0,0,0,0,0,0,0,0,0,0,0,0,0,0,0,0,0,0,0,1,0
2014,0,0,0.52,0.54,0.6,0.4,0.7,0.5,175.8,159.0,5.0,6.2,1.310825473666639,1.2596951735817103,5.67,6.0,0.5172413793103449,0.6,0.3333333333333333,1557.1750549315998,1527.9987558741325,29.176299057467304,-0.020000000000000018,0.19999999999999996,0.19999999999999996,0.05113030008492858,-0.33000000000000007,-0.08275862068965512,16.80000000000001,-1.2000000000000002,1,0,0,0,0,0,0,0,0,0,0,1,0,0,0,0,0,0,0,0,0,0,0,0,0,0,0,1,0,0,0,0,0,0,0,0,0,0,0,0,0,0,0,0,0,0,0,0,0,0,0,0,0,0,0,0,0,0,1,0,0,0,0,0,0,0,0,0,0,0,0,0
2014,0,0,0.5,0.6090909090909091,0.4,0.4,0.3,0.6,168.6,157.2,4.6,5.0,1.2903830480847596,1.3251761497083112,5.634615384615385,6.163636363636364,0.5526315789473685,0.4,0.4666666666666667,1501.7927008281915,1587.8807010373944,-86.08800020920285,-0.10909090909090913,0.0,-0.3,-0.03479310162355165,-0.529020979020979,0.15263157894736845,11.400000000000006,-0.40000000000000036,0,0,0,0,0,0,0,0,0,0,0,0,0,0,1,0,1,0,0,0,0,0,0,0,0,0,0,0,0,0,0,0,0,0,0,0,0,0,0,0,0,0,0,0,0,0,0,0,1,0,0,0,0,0,0,0,0,0,0,0,0,0,0,0,0,0,0,0,0,0,0,0
2014,1,0,0.5050505050505051,0.5172413793103449,1.0,0.4,0.7,0.5,157.8,170.8,6.0,3.8,1.2252545127898025,1.1989498249708286,5.646464646464646,5.9655172413793105,0.6111111111111112,0.0,0.6666666666666666,1552.769849462885,1518.3215201137414,34.448329349143705,-0.012190874259839779,0.6,0.19999999999999996,0.026304687818973882,-0.3190525949146643,0.6111111111111112,-13.0,2.2,1,0,0,0,0,0,0,1,0,0,0,0,0,0,0,0,0,0,0,0,0,0,0,0,0,0,0,0,0,0,1,0,0,0,0,0,0,0,0,0,0,1,0,0,0,0,0,0,0,0,0,0,0,0,0,0,0,0,0,0,0,0,0,0,0,0,0,0,0,0,0,0
2014,1,0,0.5247524752475248,0.43137254901960786,0.6,0.0,0.7,0.1,172.0,154.8,4.8,5.6,1.3121850475010326,1.2710468828768273,5.693069306930693,5.803921568627451,0.5333333333333333,0.5,0.6153846153846154,1566.3372619850766,1385.4093804474044,180.9278815376722,0.09337992622791691,0.6,0.6,0.041138164624205276,-0.11085226169675799,0.033333333333333326,17.19999999999999,-0.7999999999999998,1,0,0,0,0,0,0,0,0,0,0,1,0,0,0,0,0,0,1,0,0,0,0,0,0,0,0,0,0,0,0,0,0,0,0,0,0,0,0,0,0,0,0,0,0,0,0,0,0,0,0,0,0,0,0,0,0,0,1,0,0,0,0,0,0,0,0,0,0,0,0,0
2014,1,0,0.5740740740740741,0.5346534653465347,0.8,0.4,0.6,0.5,162.2,171.2,5.4,5.2,1.2586206896551724,1.2603704014078605,6.2407407407407405,5.98019801980198,0.65625,0.5,0.6153846153846154,1571.178182342877,1518.8365488206557,52.3416335222214,0.039420608727539386,0.4,0.09999999999999998,-0.0017497117526881212,0.2605427209387603,0.15625,-9.0,0.20000000000000018,1,0,0,0,0,0,0,0,0,1,0,0,0,0,0,0,0,0,0,0,0,0,0,0,0,0,0,1,0,0,0,0,0,0,0,0,0,0,0,0,0,0,0,0,0,0,0,0,0,0,0,0,0,0,0,0,0,0,0,0,0,0,0,0,0,0,0,0,0,0,1,0
2014,1,0,0.5294117647058824,0.51,0.8,1.0,0.7,0.7,166.0,160.0,6.6,5.8,1.312366737739872,1.2295610832838102,5.735294117647059,5.66,0.4,0.6216216216216216,0.46153846153846156,1571.5544576503569,1561.7815831962087,9.772874454148223,0.01941176470588235,-0.19999999999999996,0.0,0.0828056544560618,0.07529411764705873,-0.22162162162162158,6.0,0.7999999999999998,0,0,0,0,0,0,0,0,0,0,0,1,0,0,0,0,0,0,0,0,0,0,1,0,0,0,0,0,0,0,0,0,0,0,0,0,0,0,0,0,0,1,0,0,0,0,0,0,0,0,0,0,0,0,0,0,0,0,0,0,0,0,0,0,0,0,0,0,0,0,0,0
2014,1,0,0.6126126126126126,0.5779816513761468,0.4,0.8,0.6,0.7,157.2,169.2,5.0,5.6,1.3265444160529085,1.2646476944148533,6.162162162162162,6.220183486238532,0.0,0.8571428571428571,0.47058823529411764,1595.4523829340387,1579.6829636904783,15.769419243560378,0.03463096123646581,-0.4,-0.09999999999999998,0.06189672163805526,-0.058021324076369396,-0.8571428571428571,-12.0,-0.5999999999999996,1,1,0,0,0,0,0,0,0,0,0,0,0,0,0,0,0,0,0,0,0,0,0,0,1,0,0,0,0,0,0,0,0,0,0,1,0,0,0,0,0,0,0,0,0,0,0,0,0,0,0,0,0,0,0,0,0,0,0,0,0,0,0,0,0,0,0,0,0,0,0,0
2014,1,0,0.6160714285714286,0.5242718446601942,0.4,0.6,0.6,0.6,162.6,150.8,5.0,7.2,1.3279946364719906,1.310328028580708,6.178571428571429,5.757281553398058,0.42857142857142855,0.3333333333333333,0.6153846153846154,1604.998813982184,1561.2732458751086,43.72556810707533,0.09179958391123444,-0.19999999999999996,0.0,0.017666607891282604,0.4212898751733709,0.09523809523809523,11.799999999999983,-2.2,0,1,0,0,0,0,0,0,0,0,0,0,0,0,0,0,0,0,0,0,0,0,0,0,0,0,1,0,0,0,0,0,0,0,0,0,0,0,0,0,0,0,0,0,0,0,0,0,0,0,0,0,0,0,0,0,0,0,0,0,0,0,0,0,0,0,0,0,0,0,1,0
2014,1,0,0.5148514851485149,0.5288461538461539,1.0,0.6,0.8,0.7,164.2,163.0,6.4,7.2,1.2305494874810956,1.3149055845721174,5.683168316831683,5.769230769230769,0.4,0.6666666666666666,0.5714285714285714,1572.062794971457,1572.5251662207552,-0.4623712492982577,-0.01399466869763899,0.4,0.10000000000000009,-0.08435609709102176,-0.08606245239908628,-0.2666666666666666,1.1999999999999886,-0.7999999999999998,1,0,0,0,0,0,0,1,0,0,0,0,0,0,0,0,0,0,0,0,0,0,0,0,0,0,1,0,0,0,0,0,0,0,0,0,0,0,0,0,0,0,0,0,0,0,0,0,1,0,0,0,0,0,0,0,0,0,0,0,0,0,0,0,0,0,0,0,0,0,0,0
2015,1,0,0.5196078431372549,0.5727272727272728,1.0,0.8,0.9,0.7,175.0,175.6,5.6,5.4,1.2345945945945946,1.2662494344744382,5.666666666666667,6.1909090909090905,0.631578947368421,0.8571428571428571,0.2857142857142857,1582.0761030779263,1570.1365326423331,11.939570435593168,-0.05311942959001781,0.19999999999999996,0.20000000000000007,-0.03165483987984352,-0.5242424242424235,-0.22556390977443608,-0.5999999999999943,0.1999999999999993,1,0,0,0,0,0,0,1,0,0,0,0,0,0,0,0,0,0,0,0,0,0,0,0,1,0,0,0,0,0,0,0,0,0,0,0,0,0,0,0,0,1,0,0,0,0,0,0,0,0,0,0,0,0,0,0,0,0,0,0,0,0,0,0,0,0,0,0,0,0,0,0
2015,0,0,0.6106194690265486,0.42718446601941745,0.4,0.0,0.5,0.1,175.4,149.2,5.2,5.8,1.3303571428571428,1.2688753849995837,6.176991150442478,5.776699029126213,0.6923076923076923,0.3333333333333333,0.7142857142857143,1593.7468936365374,1380.192184782124,213.55470885441332,0.18343500300713117,0.4,0.4,0.06148175785755905,0.4002921213162649,0.358974358974359,26.200000000000017,-0.5999999999999996,1,1,0,0,0,0,0,0,0,0,0,0,0,0,0,0,0,0,1,0,0,0,0,0,0,0,0,0,0,0,0,0,0,0,0,0,0,0,0,0,0,0,0,0,0,0,0,0,0,1,0,0,0,0,0,0,0,0,0,0,0,0,0,0,0,0,0,0,0,0,0,0
2015,1,0,0.5238095238095238,0.5294117647058824,0.6,0.2,0.6,0.5,171.6,170.8,8.0,5.2,1.317975650513249,1.2631884538818845,5.780952380952381,5.970588235294118,0.5,0.5,0.38461538461538464,1562.5118581142858,1510.3317674730545,52.180090641231345,-0.0056022408963585235,0.39999999999999997,0.09999999999999998,0.05478719663136444,-0.1896358543417369,0.0,0.799999999999983,2.8,0,0,0,0,0,0,0,0,0,0,0,1,0,0,0,0,0,0,0,0,0,0,0,0,0,0,0,1,0,0,0,0,0,0,0,0,0,0,0,0,0,0,0,0,0,0,0,0,0,0,0,1,0,0,0,0,0,0,0,0,0,0,0,0,0,0,0,0,0,0,0,0
2015,1,1,0.6140350877192983,0.5,0.6,0.4,0.5,0.5,174.6,171.4,6.6,4.4,1.3293601462522853,1.2021396396396395,6.201754385964913,5.966666666666667,0.7,0.0,0.75,1598.2729038828843,1509.3097863804178,88.9631175024665,0.11403508771929827,0.19999999999999996,0.0,0.12722050661264572,0.2350877192982459,0.7,3.1999999999999886,2.1999999999999993,1,1,0,0,0,0,0,0,0,0,0,0,0,0,0,0,0,0,0,0,0,0,0,0,0,0,0,0,0,0,1,0,0,0,0,0,0,0,0,0,0,0,0,0,0,0,0,0,0,1,0,0,0,0,0,0,0,0,0,0,0,0,0,0,0,0,0,0,0,0,0,0
2015,0,0,0.5242718446601942,0.49523809523809526,1.0,0.4,1.0,0.3,177.8,161.4,5.4,4.0,1.237106607348822,1.289898337905438,5.640776699029126,5.6,0.6410256410256411,0.2,0.5714285714285714,1591.7325898291583,1494.2210189315472,97.51157089761114,0.02903374942209891,0.6,0.7,-0.05279173055661612,0.040776699029126284,0.44102564102564107,16.400000000000006,1.4000000000000004,0,0,0,0,0,0,0,1,0,0,0,0,0,0,0,0,0,0,0,0,0,0,0,0,0,0,0,0,0,1,0,0,0,0,0,0,0,0,0,0,0,1,0,0,0,0,0,0,0,0,0,0,0,0,0,0,0,0,0,0,0,0,0,0,0,0,0,0,0,0,0,0
2015,0,0,0.4230769230769231,0.5339805825242718,0.0,0.4,0.0,0.5,145.0,173.6,6.4,5.8,1.2680837040698631,1.2632140512147079,5.788461538461538,5.990291262135922,0.3684210526315789,0.5,0.42857142857142855,1375.6661745357771,1521.8224401814978,-146.15626564572062,-0.11090365944734876,-0.4,-0.5,0.004869652855155282,-0.20182972367438357,-0.13157894736842107,-28.599999999999994,0.6000000000000005,0,0,0,1,0,0,0,0,0,0,0,0,0,0,0,0,0,0,0,0,0,0,0,0,0,0,0,1,0,0,0,0,0,0,0,0,0,0,0,0,0,0,1,0,0,0,0,0,0,0,0,0,0,0,0,0,0,0,0,0,0,0,0,0,0,0,0,0,0,0,0,0
2015,1,0,0.5675675675675675,0.5188679245283019,0.6,0.4,0.6,0.5,173.6,163.0,4.4,7.8,1.2672594142259415,1.315503387427131,6.162162162162162,5.7924528301886795,0.6666666666666666,0.42857142857142855,0.5,1560.480045891101,1551.0211854058425,9.458860485258583,0.04869964303926566,0.19999999999999996,0.09999999999999998,-0.04824397320118945,0.36970933197348277,0.23809523809523808,10.599999999999994,-3.3999999999999995,0,0,0,0,0,0,0,0,0,1,0,0,0,0,0,0,0,0,0,0,0,0,0,0,0,0,1,0,0,0,0,0,0,0,0,0,0,0,0,0,0,0,0,0,0,0,0,0,0,0,0,0,0,0,0,0,0,0,0,0,0,0,0,0,0,0,0,0,0,0,1,0
2015,0,0,0.5,0.4838709677419355,0.4,0.4,0.4,0.4,160.0,163.2,3.8,4.4,1.292349508353985,1.20620239390642,5.60377358490566,5.903225806451613,0.5384615384615384,0.0,0.6666666666666666,1506.9561850613163,1501.815819377759,5.14036568355732,0.016129032258064502,0.0,0.0,0.08614711444756518,-0.29945222154595275,0.5384615384615384,-3.1999999999999886,-0.6000000000000005,0,0,0,0,0,0,0,0,0,0,0,0,0,0,1,0,0,0,0,0,0,0,0,0,0,0,0,0,0,0,1,0,0,0,0,0,0,0,0,0,0,0,0,0,0,0,0,0,1,0,0,0,0,0,0,0,0,0,0,0,0,0,0,0,0,0,0,0,0,0,0,0
2015,0,1,0.5384615384615384,0.5625,0.4,0.4,0.5,0.5,170.6,173.6,4.6,3.8,1.2654967909659598,1.2673032792952845,5.961538461538462,6.151785714285714,0.625,1.0,0.35714285714285715,1527.8474799378046,1550.207865244182,-22.36038530637734,-0.024038461538461564,0.0,0.0,-0.0018064883293247291,-0.19024725274725274,-0.375,-3.0,0.7999999999999998,1,0,0,0,0,0,0,0,0,0,0,0,1,0,0,0,0,0,0,0,0,0,0,0,1,0,0,0,0,0,0,0,0,0,0,0,0,0,0,0,0,0,0,0,0,0,0,0,0,0,0,0,0,0,0,0,0,0,0,0,1,0,0,0,0,0,0,0,0,0,0,0
2015,1,1,0.5233644859813084,0.41904761904761906,0.4,0.0,0.6,0.0,174.6,154.0,7.2,6.6,1.3166887727237262,1.2699551569506726,5.803738317757009,5.8,0.0,0.5,0.6428571428571429,1561.2933660527617,1369.6411347794703,191.65223127329136,0.1043168669336893,0.4,0.6,0.04673361577305357,0.0037383177570093906,-0.5,20.599999999999994,0.6000000000000005,0,0,0,0,0,0,0,0,0,0,0,1,0,0,0,0,0,0,1,0,0,0,0,0,0,0,0,0,0,0,0,0,0,0,0,0,0,0,0,0,0,0,0,0,0,0,0,0,0,0,0,1,0,0,0,0,0,0,0,0,0,0,0,0,0,0,0,0,0,0,0,0
2015,0,0,0.5,0.5428571428571428,0.6,0.6,0.5,0.5,169.2,173.0,5.8,5.2,1.2162661737523106,1.2666559382040554,6.03125,5.961904761904762,0.5,0.5,0.4,1511.9637602007688,1538.490176456831,-26.526416256062248,-0.042857142857142816,0.0,0.0,-0.05038976445174481,0.06934523809523796,0.0,-3.8000000000000114,0.5999999999999996,0,0,0,0,0,0,0,0,0,0,0,0,0,0,0,1,0,0,0,0,0,0,0,0,0,0,0,1,0,0,0,0,0,0,0,0,0,0,0,1,0,0,0,0,0,0,0,0,0,0,0,0,0,0,0,0,0,0,0,0,0,0,0,0,0,0,0,0,0,0,0,0
2015,1,1,0.5575221238938053,0.6173913043478261,0.2,0.8,0.5,0.6,171.8,179.4,3.6,7.0,1.2680851063829788,1.3321741650365861,6.123893805309734,6.2,0.6470588235294118,0.375,0.5,1539.5651687251554,1605.766870885543,-66.20170216038764,-0.05986918045402079,-0.6000000000000001,-0.09999999999999998,-0.06408905865360737,-0.07610619469026592,0.2720588235294118,-7.599999999999994,-3.4,0,0,0,0,0,0,0,0,0,1,0,0,0,0,0,0,1,0,0,0,0,0,0,0,0,0,0,0,0,0,0,0,0,0,0,0,0,0,0,0,0,0,0,0,0,0,0,0,0,0,0,0,0,0,0,0,0,0,0,0,0,0,0,0,0,0,0,0,0,0,1,0
2015,0,1,0.48484848484848486,0.42452830188679247,0.4,0.2,0.4,0.1,162.4,155.0,5.4,6.8,1.2098670756646217,1.270577792123951,5.96969696969697,5.811320754716981,0.0,0.5,1.0,1502.725771770922,1384.658464597311,118.06730717361097,0.06032018296169239,0.2,0.30000000000000004,-0.06071071645932924,0.158376214979989,-0.5,7.400000000000006,-1.3999999999999995,0,0,0,0,0,0,0,0,0,0,0,0,0,0,0,1,0,0,1,0,0,0,0,0,0,0,0,0,0,0,0,0,0,0,0,0,0,0,0,1,0,0,0,0,0,0,0,0,0,0,0,0,0,0,0,0,0,0,0,0,0,0,0,0,0,0,0,0,0,0,0,0
2015,0,0,0.5185185185185185,0.5192307692307693,0.4,0.8,0.5,0.9,180.6,174.2,6.6,5.8,1.3166190218651008,1.239132207813392,5.796296296296297,5.653846153846154,0.0,0.5,0.4,1546.276036234921,1578.9974236993892,-32.72138746446808,-0.0007122507122507837,-0.4,-0.4,0.07748681405170887,0.14245014245014254,-0.5,6.400000000000006,0.7999999999999998,0,0,0,0,0,0,0,0,0,0,0,1,0,0,0,0,0,0,0,0,0,0,1,0,0,0,0,0,0,0,0,0,0,0,0,0,0,0,0,0,0,0,0,0,0,0,0,0,0,0,0,1,0,0,0,0,0,0,0,0,0,0,0,0,0,0,0,0,0,0,0,0
2015,0,1,0.5471698113207547,0.6206896551724138,0.8,0.8,0.6,0.6,166.6,185.2,5.4,7.2,1.2645793499043978,1.3351300848066696,5.952830188679245,6.206896551724138,0.6666666666666666,0.0,0.3333333333333333,1547.7281648866779,1613.8841628940281,-66.15599800735026,-0.0735198438516591,0.0,0.0,-0.07055073490227182,-0.2540663630448927,0.6666666666666666,-18.599999999999994,-1.7999999999999998,1,0,0,0,0,0,0,0,0,0,0,0,1,0,0,0,1,0,0,0,0,0,0,0,0,0,0,0,0,0,0,0,0,0,0,0,0,0,0,0,0,0,0,0,0,0,0,0,0,0,0,0,0,0,0,0,0,0,0,0,1,0,0,0,0,0,0,0,0,0,0,0
2015,1,0,0.4953271028037383,0.5526315789473685,0.2,0.0,0.3,0.4,164.8,169.4,3.4,3.6,1.2925999208547685,1.2699578304493238,5.570093457943925,6.105263157894737,0.525,0.6666666666666666,0.4666666666666667,1496.8082442383065,1531.4478767166704,-34.639632478363865,-0.057304476143630156,0.2,-0.10000000000000003,0.022642090405444737,-0.5351696999508118,-0.1416666666666666,-4.599999999999994,-0.20000000000000018,0,0,0,0,0,0,0,0,0,0,0,0,0,0,1,0,0,0,0,0,0,0,0,0,1,0,0,0,0,0,0,0,0,0,0,0,0,0,0,0,0,0,0,0,0,0,0,0,1,0,0,0,0,0,0,0,0,0,0,0,0,0,0,0,0,0,0,0,0,0,0,0
2015,0,0,0.42990654205607476,0.5238095238095238,0.4,0.8,0.2,0.9,156.8,173.8,6.4,6.2,1.2711295734142833,1.241167434715822,5.831775700934579,5.685714285714286,0.358974358974359,0.75,0.46153846153846156,1397.9316763679994,1588.0584011420724,-190.12672477407295,-0.09390298175344908,-0.4,-0.7,0.029962138698461427,0.14606141522029326,-0.391025641025641,-17.0,0.20000000000000018,0,0,0,1,0,0,0,0,0,0,0,0,0,0,0,0,0,0,0,0,0,0,1,0,0,0,0,0,0,0,0,0,0,0,0,0,0,0,0,0,0,0,1,0,0,0,0,0,0,0,0,0,0,0,0,0,0,0,0,0,0,0,0,0,0,0,0,0,0,0,0,0
2015,0,0,0.47058823529411764,0.5283018867924528,0.2,0.8,0.3,0.9,157.2,170.6,5.6,6.2,1.2139846268286636,1.2418075474721577,5.911764705882353,5.7075471698113205,0.0,0.5,0.25,1489.4525600002335,1593.0739981320148,-103.62143813178136,-0.05771365149833518,-0.6000000000000001,-0.6000000000000001,-0.02782292064349412,0.20421753607103277,-0.5,-13.400000000000006,-0.6000000000000005,1,0,0,0,0,0,0,0,0,0,0,0,0,0,0,1,0,0,0,0,0,0,1,0,0,0,0,0,0,0,0,0,0,0,0,0,0,0,0,1,0,0,0,0,0,0,0,0,0,0,0,0,0,0,0,0,0,0,0,0,0,0,0,0,0,0,0,0,0,0,0,0
2015,1,0,0.49074074074074076,0.6153846153846154,0.2,0.6,0.3,0.5,171.0,181.2,4.2,6.0,1.293993264938523,1.3345444183230035,5.583333333333333,6.170940170940171,0.5121951219512195,0.5,0.4375,1487.8019625775305,1602.0027237771449,-114.20076119961436,-0.12464387464387466,-0.39999999999999997,-0.2,-0.040551153384480454,-0.5876068376068382,0.012195121951219523,-10.199999999999989,-1.7999999999999998,0,0,0,0,0,0,0,0,0,0,0,0,0,0,1,0,1,0,0,0,0,0,0,0,0,0,0,0,0,0,0,0,0,0,0,0,0,0,0,0,0,0,0,0,0,0,0,0,1,0,0,0,0,0,0,0,0,0,0,0,0,0,0,0,0,0,0,0,0,0,0,0
2015,0,0,0.42592592592592593,0.5565217391304348,0.4,0.2,0.2,0.5,163.0,176.6,6.6,4.4,1.2700094906675103,1.2733035585650483,5.814814814814815,6.113043478260869,0.35,0.3333333333333333,0.5,1392.916079378057,1540.4541583774464,-147.53807899938943,-0.13059581320450886,0.2,-0.3,-0.0032940678975379445,-0.2982286634460545,0.016666666666666663,-13.599999999999994,2.1999999999999993,1,0,0,1,0,0,0,0,0,0,0,0,0,0,0,0,0,0,0,0,0,0,0,0,1,0,0,0,0,0,0,0,0,0,0,0,0,0,0,0,0,0,1,0,0,0,0,0,0,0,0,0,0,0,0,0,0,0,0,0,0,0,0,0,0,0,0,0,0,0,0,0
2015,0,0,0.5514018691588785,0.48623853211009177,1.0,0.2,0.6,0.3,160.2,168.8,5.2,5.0,1.2658927584300719,1.2937936384794415,5.934579439252336,5.605504587155964,0.7,0.5,0.5384615384615384,1559.6096040035611,1480.9754503789234,78.63415362463775,0.06516333704878668,0.8,0.3,-0.027900880049369636,0.32907485209637244,0.19999999999999996,-8.600000000000023,0.20000000000000018,0,0,0,0,0,0,0,0,0,0,0,0,1,0,0,0,0,0,0,0,0,0,0,0,0,0,0,0,0,1,0,0,0,0,0,0,0,0,0,0,0,0,0,0,0,0,0,0,0,0,0,0,0,0,0,0,0,0,0,0,1,0,0,0,0,0,0,0,0,0,0,0
2015,1,1,0.5517241379310345,0.4857142857142857,0.2,0.4,0.4,0.4,173.6,160.4,4.6,5.2,1.272591006423983,1.2206979542719616,6.094827586206897,5.857142857142857,0.6285714285714286,0.0,0.5,1526.4457634469525,1502.3496307701078,24.096132676844718,0.06600985221674877,-0.2,0.0,0.051893052152021335,0.23768472906404003,0.6285714285714286,13.199999999999989,-0.6000000000000005,1,0,0,0,0,0,0,0,0,1,0,0,0,0,0,0,0,0,0,0,0,0,0,0,0,0,0,0,0,0,1,0,0,0,0,0,0,0,0,0,0,0,0,0,0,0,0,0,0,0,0,0,0,0,0,0,0,0,0,0,0,0,0,0,0,0,0,0,0,0,1,0
2015,1,1,0.6186440677966102,0.5137614678899083,0.8,0.2,0.6,0.4,177.0,166.4,6.4,6.4,1.3357344632768362,1.3160875554875249,6.186440677966102,5.798165137614679,0.7073170731707317,0.3333333333333333,0.5714285714285714,1608.829235975752,1537.2150587922379,71.61417718351413,0.1048825999067019,0.6000000000000001,0.19999999999999996,0.01964690778931133,0.3882755403514233,0.37398373983739835,10.599999999999994,0.0,1,1,0,0,0,0,0,0,0,0,0,0,0,0,0,0,0,0,0,0,0,0,0,0,0,0,1,0,0,0,0,0,0,0,0,0,0,0,0,0,0,0,0,0,0,0,0,0,0,1,0,0,0,0,0,0,0,0,0,0,0,0,0,0,0,0,0,0,0,0,0,0
2015,0,0,0.43119266055045874,0.4909090909090909,0.6,0.4,0.3,0.4,171.2,164.8,7.0,6.4,1.2722574583039699,1.2944482944482945,5.844036697247707,5.636363636363637,0.36585365853658536,0.6,0.4166666666666667,1406.924474308551,1493.2008543232803,-86.27638001472928,-0.05971643035863217,0.19999999999999996,-0.10000000000000003,-0.0221908361443246,0.20767306088407,-0.23414634146341462,6.399999999999977,0.5999999999999996,0,0,0,1,0,0,0,0,0,0,0,0,0,0,0,0,0,0,0,0,0,0,0,0,0,0,0,0,0,1,0,0,0,0,0,0,0,0,0,0,0,0,1,0,0,0,0,0,0,0,0,0,0,0,0,0,0,0,0,0,0,0,0,0,0,0,0,0,0,0,0,0
2015,1,0,0.509090909090909,0.4722222222222222,0.2,0.4,0.4,0.4,145.6,155.0,5.6,6.0,1.3111161662117077,1.2176250584385226,5.7727272727272725,5.916666666666667,0.5483870967741935,1.0,0.5,1529.24757694592,1493.0420633718315,36.2055135740884,0.03686868686868683,-0.2,0.0,0.09349110777318503,-0.14393939393939448,-0.4516129032258065,-9.400000000000006,-0.40000000000000036,0,0,0,0,0,0,0,0,0,0,0,1,0,0,0,0,0,0,0,0,0,0,0,0,0,0,0,0,0,0,1,0,0,0,0,0,0,0,0,0,0,0,0,0,0,0,0,0,0,0,0,0,0,0,0,0,0,0,1,0,0,0,0,0,0,0,0,0,0,0,0,0
2015,0,0,0.6218487394957983,0.5233644859813084,0.8,0.6,0.7,0.8,185.4,150.8,6.4,6.2,1.3373932521349574,1.2425328554360813,6.2100840336134455,5.691588785046729,0.7142857142857143,0.3333333333333333,0.6428571428571429,1616.79671782207,1580.1769273621405,36.61979045992939,0.09848425351448997,0.20000000000000007,-0.10000000000000009,0.09486039669887614,0.5184952485667162,0.380952380952381,34.599999999999994,0.20000000000000018,1,1,0,0,0,0,0,0,0,0,0,0,0,0,0,0,0,0,0,0,0,0,1,0,0,0,0,0,0,0,0,0,0,0,0,0,0,0,0,0,0,0,0,0,0,0,0,0,0,1,0,0,0,0,0,0,0,0,0,0,0,0,0,0,0,0,0,0,0,0,0,0
2015,1,0,0.5185185185185185,0.625,0.4,0.8,0.7,0.8,143.2,170.4,6.8,7.0,1.240889730241363,1.3349059876500382,5.694444444444445,6.233333333333333,0.625,0.5714285714285714,0.3333333333333333,1571.2270438799503,1625.7466013042601,-54.51955742430982,-0.10648148148148151,-0.4,-0.10000000000000009,-0.09401625740867514,-0.5388888888888888,0.0535714285714286,-27.200000000000017,-0.20000000000000018,1,0,0,0,0,0,0,1,0,0,0,0,0,0,0,0,1,0,0,0,0,0,0,0,0,0,0,0,0,0,0,0,0,0,0,0,0,0,0,0,0,1,0,0,0,0,0,0,0,0,0,0,0,0,0,0,0,0,0,0,0,0,0,0,0,0,0,0,0,0,0,0
2015,1,0,0.42727272727272725,0.5045045045045045,0.6,0.2,0.3,0.3,153.4,144.4,5.6,5.4,1.2681772328703345,1.3085705701194321,5.790909090909091,5.774774774774775,0.35714285714285715,0.6666666666666666,0.4,1399.3578940253321,1518.2092542569542,-118.85136023162204,-0.07723177723177721,0.39999999999999997,0.0,-0.04039333724909766,0.01613431613431615,-0.3095238095238095,9.0,0.1999999999999993,1,0,0,1,0,0,0,0,0,0,0,0,0,0,0,0,0,0,0,0,0,0,0,0,0,0,1,0,0,0,0,0,0,0,0,0,0,0,0,0,0,0,1,0,0,0,0,0,0,0,0,0,0,0,0,0,0,0,0,0,0,0,0,0,0,0,0,0,0,0,0,0
2015,0,0,0.5555555555555556,0.5462962962962963,0.4,0.8,0.4,0.6,173.2,153.8,5.2,3.8,1.2720843058207794,1.263882371343657,6.111111111111111,5.888888888888889,0.6388888888888888,0.4,0.6,1535.7533308452287,1547.3842000592042,-11.63086921397553,0.0092592592592593,-0.4,-0.19999999999999996,0.008201934477122252,0.22222222222222143,0.23888888888888882,19.399999999999977,1.4000000000000004,1,0,0,0,0,0,0,0,0,1,0,0,0,0,0,0,0,0,0,0,0,0,0,0,0,0,0,1,0,0,0,0,0,0,0,0,0,0,0,0,0,0,0,0,0,0,0,0,0,0,0,0,0,0,0,0,0,0,0,0,0,0,0,0,0,0,0,0,0,0,1,0
2015,1,0,0.4954954954954955,0.5229357798165137,0.4,0.6,0.4,0.7,148.8,141.6,7.2,7.2,1.2955868832362856,1.2420715513201062,5.675675675675675,5.724770642201835,0.5,0.5,0.4666666666666667,1500.7674346064991,1582.7834885821585,-82.01605397565936,-0.02744028432101825,-0.19999999999999996,-0.29999999999999993,0.05351533191617941,-0.049094966526159745,0.0,7.200000000000017,0.0,1,0,0,0,0,0,0,0,0,0,0,0,0,0,1,0,0,0,0,0,0,0,1,0,0,0,0,0,0,0,0,0,0,0,0,0,0,0,0,0,0,0,0,0,0,0,0,0,1,0,0,0,0,0,0,0,0,0,0,0,0,0,0,0,0,0,0,0,0,0,0,0
2015,0,0,0.4864864864864865,0.6198347107438017,0.4,0.6,0.5,0.7,150.6,165.6,5.8,6.2,1.2185084129149613,1.3350533195734433,6.0,6.206611570247934,0.6363636363636364,1.0,0.2,1504.0803860607973,1614.190156602052,-110.10977054125465,-0.13334822425731518,-0.19999999999999996,-0.19999999999999996,-0.11654490665848205,-0.20661157024793386,-0.36363636363636365,-15.0,-0.40000000000000036,1,0,0,0,0,0,0,0,0,0,0,0,0,0,0,1,1,0,0,0,0,0,0,0,0,0,0,0,0,0,0,0,0,0,0,0,0,0,0,0,0,0,0,0,0,0,0,0,0,0,0,0,0,0,0,0,0,0,0,1,0,0,0,0,0,0,0,0,0,0,0,0
2015,0,1,0.5,0.559322033898305,0.0,0.6,0.2,0.4,132.6,177.8,4.2,6.0,1.3053736231021138,1.2740465507571508,5.732142857142857,6.11864406779661,0.53125,0.4,0.5333333333333333,1504.9159083260997,1546.0879691746466,-41.172060848546835,-0.05932203389830504,-0.6,-0.2,0.031327072344963014,-0.3865012106537531,0.13124999999999998,-45.20000000000002,-1.7999999999999998,0,0,0,0,0,0,0,0,0,0,0,1,0,0,0,0,0,0,0,0,0,0,0,0,1,0,0,0,0,0,0,0,0,0,0,0,0,0,0,0,0,0,0,0,0,0,0,0,0,0,0,0,0,0,0,0,0,0,1,0,0,0,0,0,0,0,0,0,0,0,0,0
2015,0,0,0.5412844036697247,0.43243243243243246,0.6,0.6,0.5,0.4,152.4,143.4,4.2,5.8,1.2652160446027567,1.2686498150431567,5.8807339449541285,5.8108108108108105,0.0,0.0,0.6,1537.0495617297863,1412.6512399561866,124.39832177359972,0.10885197123729229,0.0,0.09999999999999998,-0.0034337704403999414,0.06992313414331797,0.0,9.0,-1.5999999999999996,1,0,0,0,0,0,0,0,0,0,0,0,1,0,0,0,0,0,1,0,0,0,0,0,0,0,0,0,0,0,0,0,0,0,0,1,0,0,0,0,0,0,0,0,0,0,0,0,0,0,0,0,0,0,0,0,0,0,0,0,0,0,0,0,0,0,0,0,0,0,0,0
2015,1,1,0.6147540983606558,0.5,0.6,0.6,0.6,0.4,168.4,138.6,7.2,7.6,1.335357118493758,1.2982308982766508,6.213114754098361,5.660714285714286,0.7209302325581395,0.2857142857142857,0.5882352941176471,1601.122950763449,1513.0851539452071,88.03779681824176,0.11475409836065575,0.0,0.19999999999999996,0.03712622021710721,0.5524004683840751,0.4352159468438538,29.80000000000001,-0.39999999999999947,1,1,0,0,0,0,0,0,0,0,0,0,0,0,0,0,0,0,0,0,0,0,0,0,0,0,0,0,0,1,0,0,0,0,0,0,0,0,0,0,0,0,0,0,0,0,0,0,0,1,0,0,0,0,0,0,0,0,0,0,0,0,0,0,0,0,0,0,0,0,0,0
2015,0,0,0.5181818181818182,0.5,0.4,0.6,0.6,0.5,132.0,163.6,6.0,6.2,1.2444237195927568,1.2275541795665634,5.7,6.0,0.6341463414634146,0.0,0.6,1570.4657692434505,1517.1475918994004,53.31817734405013,0.018181818181818188,-0.19999999999999996,0.09999999999999998,0.01686954002619334,-0.2999999999999998,0.6341463414634146,-31.599999999999994,-0.20000000000000018,1,0,0,0,0,0,0,1,0,0,0,0,0,0,0,0,0,0,0,0,0,0,0,0,0,0,0,0,0,0,1,0,0,0,0,0,0,0,0,0,0,1,0,0,0,0,0,0,0,0,0,0,0,0,0,0,0,0,0,0,0,0,0,0,0,0,0,0,0,0,0,0
2015,0,1,0.5630252100840336,0.42857142857142855,0.8,0.4,0.4,0.4,175.6,145.0,6.6,4.6,1.2751981092729041,1.2693217364766918,6.126050420168068,5.776785714285714,0.6486486486486487,0.2,0.4666666666666667,1554.9084580927918,1406.0861674944622,148.82229059832957,0.13445378151260506,0.4,0.0,0.005876372796212337,0.34926470588235325,0.4486486486486487,30.599999999999994,2.0,1,0,0,0,0,0,0,0,0,1,0,0,0,0,0,0,0,0,1,0,0,0,0,0,0,0,0,0,0,0,0,0,0,0,0,0,0,0,0,0,0,0,0,0,0,0,0,0,0,0,0,0,0,0,0,0,0,0,0,0,0,0,0,0,0,0,0,0,0,0,1,0
2015,0,0,0.49557522123893805,0.49557522123893805,0.6,0.0,0.4,0.2,125.2,129.4,8.0,3.8,1.2959268495428096,1.3045209823733315,5.6902654867256635,5.707964601769912,0.5116279069767442,0.5714285714285714,0.35714285714285715,1505.5662100590278,1496.0954194079545,9.47079065107323,0.0,0.6,0.2,-0.008594132830521906,-0.01769911504424826,-0.05980066445182719,-4.200000000000003,4.2,1,0,0,0,0,0,0,0,0,0,0,0,0,0,1,0,0,0,0,0,0,0,0,0,0,0,1,0,0,0,0,0,0,0,0,0,0,0,0,0,0,0,0,0,0,0,0,0,1,0,0,0,0,0,0,0,0,0,0,0,0,0,0,0,0,0,0,0,0,0,0,0
2015,1,1,0.5225225225225225,0.4247787610619469,0.4,0.4,0.6,0.4,136.0,146.2,6.2,4.8,1.2456883276870958,1.2692016933776837,5.72972972972973,5.769911504424779,0.6428571428571429,0.25,0.5714285714285714,1578.9430834027737,1400.125540105325,178.81754329744876,0.09774376146057562,0.0,0.19999999999999996,-0.02351336569058793,-0.04018177469504902,0.3928571428571429,-10.199999999999989,1.4000000000000004,1,0,0,0,0,0,0,1,0,0,0,0,0,0,0,0,0,0,1,0,0,0,0,0,0,0,0,0,0,0,0,0,0,0,0,0,0,0,0,0,0,1,0,0,0,0,0,0,0,0,0,0,0,0,0,0,0,0,0,0,0,0,0,0,0,0,0,0,0,0,0,0
2015,1,0,0.5454545454545454,0.48717948717948717,0.6,0.6,0.6,0.4,157.2,157.4,4.4,6.8,1.2676790918852585,1.2232027550581146,5.890909090909091,6.0256410256410255,0.5,0.5,0.6666666666666666,1543.6146341915107,1508.6702777400772,34.94435645143358,0.058275058275058245,0.0,0.19999999999999996,0.044476336827143914,-0.1347319347319349,0.0,-0.20000000000001705,-2.3999999999999995,0,0,0,0,0,0,0,0,0,0,0,0,1,0,0,0,0,0,0,0,0,0,0,0,0,0,0,0,0,0,1,0,0,0,0,1,0,0,0,0,0,0,0,0,0,0,0,0,0,0,0,0,0,0,0,0,0,0,0,0,0,0,0,0,0,0,0,0,0,0,0,0
2015,1,1,0.6178861788617886,0.5666666666666667,0.6,0.8,0.7,0.5,161.8,164.4,7.6,6.4,1.334077380952381,1.2749328003308291,6.2439024390243905,6.125,0.7272727272727273,0.4,0.5263157894736842,1608.6418946496283,1560.869085481929,47.77280916769928,0.051219512195122,-0.20000000000000007,0.19999999999999996,0.05914458062155181,0.11890243902439046,0.32727272727272727,-2.5999999999999943,1.1999999999999993,0,1,0,0,0,0,0,0,0,0,0,0,0,0,0,0,0,0,0,0,0,0,0,0,1,0,0,0,0,0,0,0,0,0,0,0,0,0,0,0,0,0,0,0,0,0,0,0,0,1,0,0,0,0,0,0,0,0,0,0,0,0,0,0,0,0,0,0,0,0,0,0
2015,0,1,0.5267857142857143,0.49122807017543857,0.6,0.0,0.6,0.1,150.0,116.0,6.6,3.2,1.246854266758179,1.302939236238364,5.732142857142857,5.684210526315789,0.6511627906976745,0.3333333333333333,0.625,1584.2072608916947,1486.3679431779453,97.83931771374932,0.03555764411027573,0.6,0.5,-0.05608496948018504,0.04793233082706738,0.31782945736434115,34.0,3.3999999999999995,1,0,0,0,0,0,0,1,0,0,0,0,0,0,0,0,0,0,0,0,0,0,0,0,0,0,1,0,0,0,0,0,0,0,0,0,0,0,0,0,0,1,0,0,0,0,0,0,0,0,0,0,0,0,0,0,0,0,0,0,0,0,0,0,0,0,0,0,0,0,0,0
2015,0,1,0.42105263157894735,0.5,0.2,0.6,0.4,0.5,139.8,162.4,4.4,7.4,1.2691529993259942,1.2330259849119867,5.780701754385965,6.05,1.0,0.5,0.2,1394.861362616404,1519.6726793730656,-124.81131675666165,-0.07894736842105265,-0.39999999999999997,-0.09999999999999998,0.03612701441400756,-0.2692982456140349,0.5,-22.599999999999994,-3.0,0,0,0,1,0,0,0,0,0,0,0,0,0,0,0,0,0,0,0,0,0,0,0,0,0,0,0,0,0,0,1,0,0,0,0,0,0,0,0,0,0,0,0,0,0,0,0,0,0,0,0,0,0,0,0,0,0,0,0,0,0,0,0,1,0,0,0,0,0,0,0,0
2015,0,1,0.5702479338842975,0.5,1.0,0.8,0.6,0.5,165.6,139.6,6.6,8.4,1.2756050868316697,1.3004266147743433,6.115702479338843,5.728070175438597,0.6578947368421053,0.4,0.5625,1572.235496905857,1515.293686289037,56.94181061682002,0.07024793388429751,0.19999999999999996,0.09999999999999998,-0.02482152794267356,0.3876323039002463,0.2578947368421053,26.0,-1.8000000000000007,0,0,0,0,0,0,0,0,0,1,0,0,0,0,0,0,0,0,0,0,0,0,0,0,0,0,0,0,0,1,0,0,0,0,0,0,0,0,0,0,0,0,0,0,0,0,0,0,0,0,0,0,0,0,0,0,0,0,0,0,0,0,0,0,0,0,0,0,0,0,1,0
2015,1,1,0.6129032258064516,0.5405405405405406,0.4,0.4,0.6,0.6,155.0,169.8,6.6,4.2,1.333758218167181,1.2707652557185196,6.225806451612903,5.873873873873874,0.7111111111111111,0.2,0.625,1597.2754832257003,1532.6122325585222,64.66325066717809,0.07236268526591105,0.0,0.0,0.06299296244866137,0.35193257773902875,0.5111111111111111,-14.800000000000011,2.3999999999999995,1,1,0,0,0,0,0,0,0,0,0,0,0,0,0,0,0,0,0,0,0,0,0,0,0,0,0,1,0,0,0,0,0,0,0,0,0,0,0,0,0,0,0,0,0,0,0,0,0,1,0,0,0,0,0,0,0,0,0,0,0,0,0,0,0,0,0,0,0,0,0,0
2015,1,1,0.5121951219512195,0.48695652173913045,0.8,0.0,0.6,0.1,167.6,133.6,6.6,4.4,1.2353421859039837,1.3045910213569665,6.0,5.71304347826087,0.6666666666666666,0.8,0.6,1526.2272716766538,1479.1118346468434,47.11543702981044,0.02523860021208907,0.8,0.5,-0.06924883545298277,0.2869565217391301,-0.13333333333333341,34.0,2.1999999999999993,1,0,0,0,0,0,0,0,0,0,0,0,0,0,0,1,0,0,0,0,0,0,0,0,0,0,1,0,0,0,0,0,0,0,0,0,0,0,0,0,0,0,0,0,0,0,0,0,0,0,0,0,0,0,0,0,0,0,0,1,0,0,0,0,0,0,0,0,0,0,0,0
2015,0,1,0.41739130434782606,0.616,0.2,0.4,0.4,0.6,152.2,159.6,5.2,6.6,1.2694077482559003,1.333288974649012,5.765217391304348,6.248,0.6666666666666666,0.5,0.26666666666666666,1388.3067703128158,1605.4355212331222,-217.1287509203064,-0.19860869565217393,-0.2,-0.19999999999999996,-0.06388122639311167,-0.48278260869565237,0.16666666666666663,-7.400000000000006,-1.3999999999999995,1,0,0,1,0,0,0,0,0,0,0,0,0,0,0,0,1,0,0,0,0,0,0,0,0,0,0,0,0,0,0,0,0,0,0,0,0,0,0,0,0,0,0,0,0,0,0,0,0,0,0,0,0,0,0,0,0,0,0,0,0,0,0,1,0,0,0,0,0,0,0,0
2015,0,0,0.4827586206896552,0.5043478260869565,0.0,0.8,0.1,0.6,143.6,159.8,4.2,8.0,1.3059035277177826,1.3057986059617381,5.706896551724138,5.739130434782608,0.5151515151515151,0.5,0.6,1470.459673864785,1526.9180852688546,-56.45841140406969,-0.021589205397301303,-0.8,-0.5,0.00010492175604448484,-0.032233883058470525,0.015151515151515138,-16.200000000000017,-3.8,1,0,0,0,0,0,0,0,0,0,0,1,0,0,0,0,0,0,0,0,0,0,0,0,0,0,0,0,0,1,0,0,0,0,0,0,0,0,0,0,0,0,0,0,0,0,0,0,0,0,0,0,0,0,0,0,0,0,1,0,0,0,0,0,0,0,0,0,0,0,0,0
2015,0,0,0.5655737704918032,0.5309734513274337,0.8,0.8,0.6,0.6,173.4,160.4,5.2,6.4,1.2782561529595227,1.249168933212451,6.073770491803279,5.725663716814159,0.6410256410256411,0.25,0.6666666666666666,1560.6110979260393,1591.4633694227966,-30.85227149675734,0.034600319164369564,0.0,0.0,0.029087219747071735,0.34810677498911957,0.3910256410256411,13.0,-1.2000000000000002,1,0,0,0,0,0,0,0,0,1,0,0,0,0,0,0,0,0,0,0,0,0,1,0,0,0,0,0,0,0,0,0,0,0,0,0,0,0,0,0,0,0,0,0,0,0,0,0,0,0,0,0,0,0,0,0,0,0,0,0,0,0,0,0,0,0,0,0,0,0,1,0
2015,1,1,0.5238095238095238,0.5,0.8,0.6,0.6,0.5,174.6,156.8,6.2,7.2,1.2416816098824468,1.3059266366521514,6.023809523809524,5.741379310344827,0.6923076923076923,0.25,0.5,1534.8794324587122,1515.3072355626894,19.572196896022888,0.023809523809523836,0.20000000000000007,0.09999999999999998,-0.06424502676970456,0.2824302134646963,0.4423076923076923,17.799999999999983,-1.0,0,0,0,0,0,0,0,0,0,0,0,0,0,0,0,1,0,0,0,0,0,0,0,0,0,0,0,0,0,1,0,0,0,0,0,0,0,0,0,0,0,0,0,0,0,0,0,0,0,0,0,0,0,0,0,0,0,0,0,1,0,0,0,0,0,0,0,0,0,0,0,0
2015,1,1,0.48717948717948717,0.6111111111111112,0.2,0.4,0.1,0.5,141.2,150.4,5.2,6.8,1.307604099476815,1.3305828767575418,5.7094017094017095,6.23015873015873,0.5294117647058824,0.6666666666666666,0.4,1482.0705235709502,1589.8898925161989,-107.8193689452487,-0.12393162393162399,-0.2,-0.4,-0.022978777280726836,-0.5207570207570207,-0.13725490196078427,-9.200000000000017,-1.5999999999999996,0,0,0,0,0,0,0,0,0,0,0,1,0,0,0,0,1,0,0,0,0,0,0,0,0,0,0,0,0,0,0,0,0,0,0,0,0,0,0,0,0,0,0,0,0,0,0,0,0,0,0,0,0,0,0,0,0,0,1,0,0,0,0,0,0,0,0,0,0,0,0,0
2015,1,1,0.5357142857142857,0.5263157894736842,0.2,0.6,0.6,0.6,167.4,159.8,4.4,5.4,1.269818565083189,1.2497193743919779,5.866071428571429,5.7105263157894735,0.3333333333333333,0.0,0.5,1524.4521945511003,1580.5776964169918,-56.125501865891465,0.009398496240601517,-0.39999999999999997,0.0,0.020099190691211133,0.15554511278195537,0.3333333333333333,7.599999999999994,-1.0,1,0,0,0,0,0,0,0,0,0,0,0,1,0,0,0,0,0,0,0,0,0,1,0,0,0,0,0,0,0,0,0,0,0,0,1,0,0,0,0,0,0,0,0,0,0,0,0,0,0,0,0,0,0,0,0,0,0,0,0,0,0,0,0,0,0,0,0,0,0,0,0
2015,1,1,0.5116279069767442,0.5691056910569106,0.6,0.8,0.6,0.7,163.2,170.2,5.8,5.2,1.2511298879937118,1.2786664874311062,5.976744186046512,6.08130081300813,0.6428571428571429,0.75,0.4,1524.3166944947723,1571.4967709318441,-47.180076437071875,-0.05747778408016635,-0.20000000000000007,-0.09999999999999998,-0.027536599437394393,-0.10455662696161827,-0.1071428571428571,-7.0,0.5999999999999996,0,0,0,0,0,0,0,0,0,0,0,0,0,0,0,1,0,0,0,0,0,0,0,0,1,0,0,0,0,0,0,0,0,0,0,0,0,0,0,0,0,0,0,0,0,0,0,0,0,0,0,0,0,0,0,0,0,0,0,1,0,0,0,0,0,0,0,0,0,0,0,0
2015,0,1,0.6141732283464567,0.5725806451612904,0.6,0.8,0.6,0.8,143.2,158.6,6.8,5.8,1.3301212717141921,1.2787652011225443,6.2362204724409445,6.112903225806452,0.4444444444444444,0.65,0.5,1596.8825279892599,1580.147105086675,16.735422902584787,0.04159258318516634,-0.20000000000000007,-0.20000000000000007,0.05135607059164782,0.1233172466344925,-0.2055555555555556,-15.400000000000006,1.0,0,1,0,0,0,0,0,0,0,0,0,0,0,0,0,0,0,0,0,0,0,0,0,0,1,0,0,0,0,0,0,0,0,0,0,0,0,0,0,0,0,0,0,0,0,0,0,0,0,0,0,0,0,0,0,0,0,0,0,0,0,0,0,0,0,0,0,0,0,0,1,0
2015,1,1,0.5042735042735043,0.5398230088495575,0.6,0.4,0.6,0.6,150.4,181.2,7.0,6.0,1.3085756348914244,1.2728221957040573,5.717948717948718,5.893805309734513,0.5,1.0,0.5,1525.8699735266293,1536.0537095473999,-10.183736020770539,-0.035549504576053215,0.19999999999999996,0.0,0.035753439187367064,-0.17585659178579505,-0.5,-30.799999999999983,1.0,1,0,0,0,0,0,0,0,0,0,0,0,0,0,1,0,0,0,0,0,0,0,0,0,0,0,0,1,0,0,0,0,0,0,0,0,0,0,0,0,0,0,0,0,0,0,0,0,0,0,0,1,0,0,0,0,0,0,0,0,0,0,0,0,0,0,0,0,0,0,0,0
2015,1,0,0.609375,0.5084745762711864,0.4,0.8,0.5,0.7,146.0,161.6,6.0,7.2,1.3303629504358008,1.3097738876732312,6.234375,5.754237288135593,0.5,0.5,0.6111111111111112,1586.4012159865956,1536.1630010982703,50.238214888325274,0.10090042372881358,-0.4,-0.19999999999999996,0.020589062762569554,0.48013771186440657,0.0,-15.599999999999994,-1.2000000000000002,1,1,0,0,0,0,0,0,0,0,0,0,0,0,0,0,0,0,0,0,0,0,0,0,0,0,0,0,0,1,0,0,0,0,0,0,0,0,0,0,0,0,0,0,0,0,1,0,0,0,0,0,0,0,0,0,0,0,0,0,0,0,0,0,0,0,0,0,0,0,0,0
2015,0,0,0.576,0.6124031007751938,0.8,0.6,0.8,0.5,165.4,142.4,6.6,6.8,1.2802252401457437,1.3289235931853383,6.144,6.248062015503876,0.75,0.5,0.5238095238095238,1590.6284170893393,1594.965237983365,-4.33682089402555,-0.03640310077519382,0.20000000000000007,0.30000000000000004,-0.04869835303959458,-0.10406201550387628,0.25,23.0,-0.20000000000000018,1,0,0,0,0,0,0,0,0,1,0,0,0,0,0,0,1,0,0,0,0,0,0,0,0,0,0,0,0,0,0,0,0,0,0,0,0,0,0,0,0,1,0,0,0,0,0,0,0,0,0,0,0,0,0,0,0,0,0,0,0,0,0,0,0,0,0,0,0,0,0,0
2016,1,1,0.5793650793650794,0.5,0.8,0.5,0.9,0.5,174.0,0.0,7.2,0.0,1.283320189274448,0.0,6.158730158730159,0.0,0.6585365853658537,0.5,0.5,1600.7532343460982,1500.0,100.75323434609822,0.07936507936507942,0.30000000000000004,0.4,1.283320189274448,6.158730158730159,0.1585365853658537,174.0,7.2,0,0,0,0,0,0,0,0,0,1,0,0,0,0,0,0,0,0,0,0,0,0,0,0,0,0,0,0,1,0,0,0,0,0,0,0,0,0,0,0,0,0,0,0,0,0,0,0,0,0,0,0,0,0,0,0,0,0,0,0,0,0,0,0,0,0,0,0,0,0,1,0
2016,1,0,0.5217391304347826,0.4224137931034483,0.6,0.2,0.5,0.4,175.6,152.4,6.0,4.8,1.2513891975994667,1.268896419625755,5.71304347826087,5.767241379310345,0.6590909090909091,0.2,0.6,1568.9761814206922,1403.8523990297392,165.123782390953,0.0993253373313343,0.39999999999999997,0.09999999999999998,-0.017507222026288405,-0.054197901049475306,0.45909090909090905,23.19999999999999,1.2000000000000002,1,0,0,0,0,0,0,1,0,0,0,0,0,0,0,0,0,0,1,0,0,0,0,0,0,0,0,0,0,0,0,0,0,0,0,0,0,0,0,0,0,1,0,0,0,0,0,0,0,0,0,0,0,0,0,0,0,0,0,0,0,0,0,0,0,0,0,0,0,0,0,0
2016,0,0,0.4830508474576271,0.5,0.2,0.5,0.1,0.5,137.4,0.0,5.2,0.0,1.3054134697357205,0.0,5.686440677966102,0.0,0.5,0.5,0.5,1475.0778880978892,1500.0,-24.922111902110828,-0.01694915254237289,-0.3,-0.4,1.3054134697357205,5.686440677966102,0.0,137.4,5.2,0,0,0,0,0,0,0,0,0,0,0,1,0,0,0,0,0,0,0,1,0,0,0,0,0,0,0,0,0,0,0,0,0,0,0,0,0,0,0,0,0,0,0,0,0,0,0,0,0,0,0,0,0,0,0,0,0,1,0,0,0,0,0,0,0,0,0,0,0,0,0,0
2016,0,0,0.5042016806722689,0.5,0.6,0.6,0.7,0.6,144.2,159.4,6.6,4.6,1.307986989519335,1.2430462305774026,5.764705882352941,5.863636363636363,0.5227272727272727,0.3333333333333333,0.6,1527.598979101501,1515.6663603399413,11.932618761559752,0.004201680672268893,0.0,0.09999999999999998,0.06494075894193241,-0.09893048128342219,0.1893939393939394,-15.200000000000017,2.0,1,0,0,0,0,0,0,0,0,0,0,0,0,0,1,0,0,0,0,0,0,0,0,0,0,0,0,0,0,0,1,0,0,0,0,0,0,0,0,0,0,0,0,0,0,0,0,0,1,0,0,0,0,0,0,0,0,0,0,0,0,0,0,0,0,0,0,0,0,0,0,0
2016,0,0,0.5258620689655172,0.5748031496062992,0.6,0.8,0.5,0.8,162.0,159.0,6.2,7.2,1.250386398763524,1.280667448833268,5.75,6.118110236220472,0.6666666666666666,0.7777777777777778,0.3125,1574.5517507894783,1587.9319679571477,-13.380217167669343,-0.04894108064078195,-0.20000000000000007,-0.30000000000000004,-0.03028105006974413,-0.36811023622047223,-0.11111111111111116,3.0,-1.0,0,0,0,0,0,0,0,1,0,0,0,0,0,0,0,0,0,0,0,0,0,0,0,0,1,0,0,0,0,0,0,0,0,0,0,0,0,0,0,0,0,1,0,0,0,0,0,0,0,0,0,0,0,0,0,0,0,0,0,0,0,0,0,0,0,0,0,0,0,0,0,0
2016,0,1,1.0,1.0,1.0,1.0,1.0,1.0,162.0,126.0,6.0,8.0,1.4862385321100917,1.3695652173913044,6.0,8.0,0.5,0.5,0.5,1509.2839117293672,1512.8212663889506,-3.537354659583343,0.0,0.0,0.0,0.11667331471878728,-2.0,0.0,36.0,-2.0,1,0,0,0,1,0,0,0,0,0,0,0,0,0,0,0,0,0,0,0,0,0,0,0,0,0,0,0,1,0,0,0,0,0,0,0,0,0,0,0,0,0,0,0,0,0,0,0,0,0,0,0,0,0,0,0,0,0,0,0,0,1,0,0,0,0,0,0,0,0,0,0
2016,1,0,0.4188034188034188,0.4789915966386555,0.2,0.2,0.3,0.1,137.0,152.0,4.6,5.6,1.2658579362759428,1.3053521126760563,5.726495726495727,5.680672268907563,0.37209302325581395,0.5714285714285714,0.4375,1398.2768296609531,1465.793976368522,-67.51714670756883,-0.06018817783523667,0.0,0.19999999999999998,-0.039494176400113545,0.04582345758816331,-0.19933554817275745,-15.0,-1.0,1,0,0,1,0,0,0,0,0,0,0,0,0,0,0,0,0,0,0,0,0,0,0,0,0,0,1,0,0,0,0,0,0,0,0,0,0,0,0,0,0,0,1,0,0,0,0,0,0,0,0,0,0,0,0,0,0,0,0,0,0,0,0,0,0,0,0,0,0,0,0,0
2016,1,1,0.4888888888888889,0.5213675213675214,0.4,0.4,0.5,0.5,155.6,165.2,4.0,5.8,1.2480329711502436,1.2524427592241505,5.822222222222222,5.735042735042735,0.6,0.75,0.3333333333333333,1506.0096737394128,1564.9366741192234,-58.92700037981058,-0.03247863247863253,0.0,0.0,-0.004409788073906906,0.08717948717948687,-0.15000000000000002,-9.599999999999994,-1.7999999999999998,0,0,0,0,0,0,0,0,0,0,0,0,0,0,0,1,0,0,0,0,0,0,1,0,0,0,0,0,0,0,0,0,0,0,0,0,0,0,0,0,0,0,0,0,0,0,0,0,0,0,0,0,0,0,0,0,0,0,0,1,0,0,0,0,0,0,0,0,0,0,0,0
2016,0,0,0.578125,1.0,0.8,1.0,0.8,1.0,162.4,163.0,6.8,5.5,1.2829700536834616,1.4684684684684686,6.109375,5.5,0.6428571428571429,0.5,0.5,1597.5470446274026,1519.3857214628943,78.1613231645083,-0.421875,-0.19999999999999996,-0.19999999999999996,-0.18549841478500695,0.609375,0.1428571428571429,-0.5999999999999943,1.2999999999999998,0,0,0,0,0,0,0,0,0,1,0,0,0,0,0,0,0,0,0,1,0,0,0,0,0,0,0,0,0,0,0,0,0,0,0,0,0,0,0,0,0,0,0,0,0,0,0,0,0,0,0,0,0,0,0,0,0,0,0,0,0,0,0,0,0,0,0,0,0,0,1,0
2016,0,1,0.475,0.5,0.2,0.5,0.1,0.5,137.6,144.5,4.2,5.5,1.3018920617189136,1.3632075471698113,5.65,5.5,0.0,0.5,0.5,1453.874775063105,1502.7194566554235,-48.844681592318466,-0.025000000000000022,-0.3,-0.4,-0.06131548545089771,0.15000000000000036,-0.5,-6.900000000000006,-1.2999999999999998,1,0,0,0,0,0,0,0,0,0,0,1,0,0,0,0,0,0,0,0,0,0,0,0,0,0,0,0,1,0,0,0,0,0,0,0,0,0,0,0,0,0,0,0,0,0,0,0,0,0,0,0,0,0,0,0,0,1,0,0,0,0,0,0,0,0,0,0,0,0,0,0
2016,0,0,0.5083333333333333,0.423728813559322,0.6,0.4,0.7,0.4,142.6,129.2,6.4,5.4,1.3125358166189112,1.2663422428820452,5.766666666666667,5.754237288135593,0.5333333333333333,0.5,0.6153846153846154,1537.2556657020295,1410.19603096637,127.05963473565953,0.08460451977401129,0.19999999999999996,0.29999999999999993,0.046193573736865945,0.012429378531073176,0.033333333333333326,13.400000000000006,1.0,0,0,0,0,0,0,0,0,0,0,0,0,0,0,1,0,0,0,1,0,0,0,0,0,0,0,0,0,0,0,0,0,0,0,0,0,0,0,0,0,0,0,0,0,0,0,0,0,1,0,0,0,0,0,0,0,0,0,0,0,0,0,0,0,0,0,0,0,0,0,0,0
2016,1,0,0.4782608695652174,0.5736434108527132,0.2,0.6,0.5,0.7,151.4,168.2,3.6,6.2,1.2454695222405272,1.2816910443931229,5.739130434782608,6.116279069767442,0.5625,0.8,0.3333333333333333,1497.6896511896168,1585.3345797655188,-87.64492857590199,-0.09538254128749579,-0.39999999999999997,-0.19999999999999996,-0.036221522152595664,-0.37714863498483364,-0.23750000000000004,-16.799999999999983,-2.6,1,0,0,0,0,0,0,0,0,0,0,0,0,0,0,1,0,0,0,0,0,0,0,0,1,0,0,0,0,0,0,0,0,0,0,0,0,0,0,0,0,0,0,0,0,0,0,0,0,0,0,0,0,0,0,0,0,0,0,1,0,0,0,0,0,0,0,0,0,0,0,0
2016,0,0,0.4793388429752066,0.5254237288135594,0.4,0.4,0.2,0.6,132.2,157.6,4.6,6.2,1.302209600332479,1.2525851471545304,5.661157024793388,5.745762711864407,0.5,0.5,0.35294117647058826,1465.2714485900153,1573.2566966690194,-107.98524807900412,-0.04608488583835274,0.0,-0.39999999999999997,0.04962445317794861,-0.08460568707101856,0.0,-25.400000000000006,-1.6000000000000005,0,0,0,0,0,0,0,0,0,0,0,1,0,0,0,0,0,0,0,0,0,0,1,0,0,0,0,0,0,0,0,0,0,0,0,0,0,0,0,0,0,0,0,0,0,0,0,0,0,0,0,0,0,0,0,0,0,1,0,0,0,0,0,0,0,0,0,0,0,0,0,0
2016,1,0,0.5692307692307692,0.5041322314049587,0.4,0.6,0.6,0.6,159.2,164.0,4.8,5.8,1.28045055364643,1.3148213905262411,6.092307692307692,5.743801652892562,0.627906976744186,0.5,0.5294117647058824,1572.8641382234712,1523.7533557048218,49.11078251864933,0.06509853782581054,-0.19999999999999996,0.0,-0.03437083687981124,0.34850603941513025,0.12790697674418605,-4.800000000000011,-1.0,1,0,0,0,0,0,0,0,0,1,0,0,0,0,0,0,0,0,0,0,0,0,0,0,0,0,0,0,0,1,0,0,0,0,0,0,0,0,0,0,0,0,0,0,0,0,0,0,0,0,0,0,0,0,0,0,0,0,0,0,0,0,0,0,0,0,0,0,0,0,1,0
2016,0,0,1.0,0.48936170212765956,1.0,0.2,1.0,0.5,157.66666666666666,143.4,6.333333333333333,3.4,1.3670520231213872,1.2473523604379824,6.333333333333333,5.74468085106383,1.0,0.5,0.5,1531.598186324778,1510.1600927316645,21.438093593113535,0.5106382978723405,0.8,0.5,0.11969966268340482,0.5886524822695032,0.5,14.266666666666652,2.933333333333333,0,0,0,0,1,0,0,0,0,0,0,0,0,0,0,0,0,0,0,0,0,0,0,0,0,0,0,0,0,0,1,0,0,0,0,0,0,0,0,0,0,0,0,0,0,0,0,0,0,0,0,0,0,0,0,0,0,0,0,0,0,1,0,0,0,0,0,0,0,0,0,0
2016,1,0,0.3333333333333333,0.5,0.3333333333333333,0.4,0.3333333333333333,0.5,147.0,181.4,5.0,6.0,1.3164179104477611,1.3151263461673823,5.0,5.729508196721311,0.5,1.0,0.5,1491.3227831285133,1515.1575380234817,-23.834754894968455,-0.16666666666666669,-0.06666666666666671,-0.16666666666666669,0.0012915642803787986,-0.7295081967213113,-0.5,-34.400000000000006,-1.0,0,0,0,0,0,0,0,0,0,0,0,0,0,1,0,0,0,0,0,0,0,0,0,0,0,0,0,0,0,1,0,0,0,0,0,0,0,0,0,0,0,0,0,0,0,0,0,0,0,0,0,1,0,0,0,0,0,0,0,0,0,0,0,0,0,0,0,0,0,0,0,0
2016,0,0,0.42857142857142855,0.5725190839694656,0.6,0.4,0.4,0.6,136.0,153.0,5.0,4.6,1.2690424766018717,1.2822748815165876,5.7478991596638656,6.099236641221374,0.38636363636363635,0.2857142857142857,0.5,1423.6983409635777,1581.4599559048113,-157.76161494123357,-0.14394765539803706,0.19999999999999996,-0.19999999999999996,-0.01323240491471589,-0.35133748155750855,0.10064935064935066,-17.0,0.40000000000000036,1,0,0,1,0,0,0,0,0,0,0,0,0,0,0,0,0,0,0,0,0,0,0,0,1,0,0,0,0,0,0,0,0,0,0,0,0,0,0,0,0,0,1,0,0,0,0,0,0,0,0,0,0,0,0,0,0,0,0,0,0,0,0,0,0,0,0,0,0,0,0,0
2016,1,0,0.5,0.47540983606557374,0.4,0.2,0.5,0.2,143.8,138.6,4.2,4.2,1.250838481906443,1.3005081719544018,5.791666666666667,5.647540983606557,0.5882352941176471,0.6666666666666666,0.6666666666666666,1520.776348761763,1458.2831550715225,62.49319369024056,0.024590163934426257,0.2,0.3,-0.04966969004795874,0.14412568306010964,-0.07843137254901955,5.200000000000017,0.0,1,0,0,0,0,0,0,0,0,0,0,0,0,0,0,1,0,0,0,0,0,0,0,0,0,0,1,0,0,0,0,0,0,0,0,0,0,0,0,0,0,0,0,0,0,0,0,0,0,0,0,0,0,0,0,0,0,0,0,1,0,0,0,0,0,0,0,0,0,0,0,0
2016,0,1,0.75,0.5040650406504065,0.75,0.4,0.75,0.6,152.0,182.4,4.75,5.8,1.2963752665245203,1.3162888036274851,4.75,5.7560975609756095,0.5,0.5,0.5,1520.9819302946794,1524.4725927974116,-3.4906625027322207,0.24593495934959353,0.35,0.15000000000000002,-0.01991353710296484,-1.0060975609756095,0.0,-30.400000000000006,-1.0499999999999998,1,0,0,0,1,0,0,0,0,0,0,0,0,0,0,0,0,0,0,0,0,0,0,0,0,0,0,0,0,1,0,0,0,0,0,0,0,0,0,0,0,0,0,0,0,0,0,0,0,0,0,0,0,0,0,0,0,0,0,0,0,1,0,0,0,0,0,0,0,0,0,0
2016,0,0,0.25,0.5294117647058824,0.25,0.6,0.25,0.6,153.25,152.6,4.5,7.0,1.3297180043383947,1.2531754574811624,4.5,5.764705882352941,0.0,1.0,0.5,1482.0077283545834,1580.2449901875123,-98.23726183292888,-0.27941176470588236,-0.35,-0.35,0.07654254685723227,-1.2647058823529411,-1.0,0.6500000000000057,-2.5,0,0,0,0,0,0,0,0,0,0,0,0,0,1,0,0,0,0,0,0,0,0,1,0,0,0,0,0,0,0,0,0,0,0,0,0,0,0,0,0,0,0,0,0,0,0,0,0,0,0,0,1,0,0,0,0,0,0,0,0,0,0,0,0,0,0,0,0,0,0,0,0
2016,1,0,0.4715447154471545,0.5681818181818182,0.2,0.4,0.2,0.6,141.2,159.6,4.6,5.2,1.2993530813755534,1.2821220292217972,5.642276422764228,6.083333333333333,0.3333333333333333,0.5,0.5,1450.0627036938417,1567.207531658149,-117.1448279643073,-0.09663710273466375,-0.2,-0.39999999999999997,0.0172310521537562,-0.4410569105691051,-0.16666666666666669,-18.400000000000006,-0.6000000000000005,0,0,0,0,0,0,0,0,0,0,0,1,0,0,0,0,0,0,0,0,0,0,0,0,1,0,0,0,0,0,0,0,0,0,0,0,0,0,0,0,0,0,0,0,0,0,0,0,0,0,0,0,0,0,0,0,0,1,0,0,0,0,0,0,0,0,0,0,0,0,0,0
2016,0,0,0.5102040816326531,0.2,0.6,0.2,0.6,0.2,150.4,154.6,5.2,5.2,1.2518608274190757,1.3304647160068848,5.795918367346939,5.2,0.6111111111111112,0.5,0.5,1528.9968001394438,1474.7622078975098,54.234592241934024,0.31020408163265306,0.39999999999999997,0.39999999999999997,-0.07860388858780909,0.5959183673469388,0.11111111111111116,-4.199999999999989,0.0,0,0,0,0,0,0,0,0,0,0,0,0,0,0,0,1,0,0,0,0,0,0,0,0,0,0,0,0,1,0,0,0,0,0,0,0,0,0,0,0,0,0,0,0,0,0,0,0,0,0,0,0,0,0,0,0,0,0,0,1,0,0,0,0,0,0,0,0,0,0,0,0
2016,1,0,0.43333333333333335,0.8,0.8,0.8,0.5,0.8,137.4,158.0,5.6,4.2,1.2690634139382266,1.3322091062394603,5.758333333333334,4.2,0.4,0.5,0.5,1437.95076521024,1531.0823962573709,-93.1316310471309,-0.3666666666666667,0.0,-0.30000000000000004,-0.06314569230123368,1.5583333333333336,-0.09999999999999998,-20.599999999999994,1.3999999999999995,0,0,0,1,0,0,0,0,0,0,0,0,0,0,0,0,0,0,0,1,0,0,0,0,0,0,0,0,0,0,0,0,0,0,0,0,0,0,0,0,0,0,1,0,0,0,0,0,0,0,0,0,0,0,0,0,0,0,0,0,0,0,0,0,0,0,0,0,0,0,0,0
2016,1,0,0.5714285714285714,0.5333333333333333,0.4,0.8,0.6,0.7,159.8,147.0,5.6,6.8,1.2839897952834298,1.2536453517319865,6.090225563909774,5.758333333333334,0.6363636363636364,0.2,0.7058823529411765,1573.9580468772886,1587.4905106445858,-13.532463767297259,0.03809523809523807,-0.4,-0.09999999999999998,0.03034444355144328,0.33189223057644046,0.43636363636363634,12.800000000000011,-1.2000000000000002,1,0,0,0,0,0,0,0,0,1,0,0,0,0,0,0,0,0,0,0,0,0,1,0,0,0,0,0,0,0,0,0,0,0,0,0,0,0,0,0,0,0,0,0,0,0,0,0,0,0,0,0,0,0,0,0,0,0,0,0,0,0,0,0,0,0,0,0,0,0,1,0
2016,0,0,0.3333333333333333,0.8333333333333334,0.2,0.8,0.3333333333333333,0.8333333333333334,148.2,160.0,5.2,4.0,1.3256880733944953,1.3473389355742298,5.666666666666667,4.333333333333333,0.0,0.5,0.0,1486.3106483164968,1538.4642611867703,-52.15361287027349,-0.5,-0.6000000000000001,-0.5,-0.021650862179734442,1.333333333333334,-0.5,-11.800000000000011,1.2000000000000002,0,0,0,0,0,0,0,0,0,0,0,0,0,1,0,0,0,0,0,1,0,0,0,0,0,0,0,0,0,0,0,0,0,0,0,0,0,0,0,0,0,0,0,0,0,0,0,0,0,0,0,1,0,0,0,0,0,0,0,0,0,0,0,0,0,0,0,0,0,0,0,0
2016,0,0,0.4297520661157025,0.5289256198347108,0.6,0.6,0.4,0.6,147.6,162.0,5.6,5.6,1.2702970297029703,1.2553071443684323,5.760330578512397,5.743801652892562,0.391304347826087,0.8,0.375,1430.5689002808406,1577.1012118721853,-146.53231159134475,-0.09917355371900827,0.0,-0.19999999999999996,0.014989885334538045,0.0165289256198351,-0.40869565217391307,-14.400000000000006,0.0,1,0,0,1,0,0,0,0,0,0,0,0,0,0,0,0,0,0,0,0,0,0,1,0,0,0,0,0,0,0,0,0,0,0,0,0,0,0,0,0,0,0,1,0,0,0,0,0,0,0,0,0,0,0,0,0,0,0,0,0,0,0,0,0,0,0,0,0,0,0,0,0
2016,0,0,0.5,0.5,0.6,0.4,0.5,0.5,137.6,190.6,5.0,5.2,1.2457627118644068,1.3176315971501695,5.74,5.741935483870968,0.5789473684210527,0.4,0.3333333333333333,1517.448359720457,1514.3721268347201,3.076232885736772,0.0,0.19999999999999996,0.0,-0.07186888528576274,-0.001935483870967758,0.17894736842105263,-53.0,-0.20000000000000018,1,0,0,0,0,0,0,0,0,0,0,0,0,0,0,1,0,0,0,0,0,0,0,0,0,0,0,0,0,1,0,0,0,0,0,0,0,0,0,0,0,0,0,0,0,0,0,0,0,0,0,0,0,0,0,0,0,0,0,1,0,0,0,0,0,0,0,0,0,0,0,0
2016,1,0,0.8571428571428571,0.46774193548387094,0.8,0.2,0.8571428571428571,0.2,166.4,141.8,3.6,4.8,1.3769322235434007,1.2996353322528362,4.142857142857143,5.645161290322581,0.6666666666666666,0.5,1.0,1546.9743336438253,1443.3121884747022,103.66214516912305,0.38940092165898615,0.6000000000000001,0.657142857142857,0.0772968912905645,-1.5023041474654377,0.16666666666666663,24.599999999999994,-1.1999999999999997,0,0,0,0,1,0,0,0,0,0,0,0,0,0,0,0,0,0,0,0,0,0,0,0,0,0,1,0,0,0,0,0,0,0,0,0,0,0,0,0,0,0,0,0,0,0,0,0,0,0,0,0,0,0,0,0,0,0,0,0,0,1,0,0,0,0,0,0,0,0,0,0
2016,0,0,0.2857142857142857,0.5746268656716418,0.2,0.6,0.2857142857142857,0.6,154.6,166.8,6.0,5.2,1.3632862644415917,1.2860232328225407,5.857142857142857,6.082089552238806,0.0,0.5,1.0,1477.8005758594418,1584.347345649689,-106.54676979024725,-0.2889125799573561,-0.39999999999999997,-0.3142857142857143,0.07726303161905101,-0.2249466950959489,-0.5,-12.200000000000017,0.7999999999999998,0,0,0,0,0,0,0,0,0,0,0,0,0,1,0,0,0,0,0,0,0,0,0,0,1,0,0,0,0,0,0,0,0,0,0,0,0,0,0,0,0,0,0,0,0,0,0,0,0,0,0,1,0,0,0,0,0,0,0,0,0,0,0,0,0,0,0,0,0,0,0,0
2016,0,0,0.496,0.5245901639344263,0.2,0.6,0.4,0.5,181.0,156.4,5.0,6.4,1.3188833253309555,1.2561555679910466,5.736,5.762295081967213,0.5217391304347826,0.42857142857142855,0.5,1504.4606656208744,1563.1171422208902,-58.65647660001582,-0.02859016393442626,-0.39999999999999997,-0.09999999999999998,0.06272775733990898,-0.02629508196721364,0.09316770186335405,24.599999999999994,-1.4000000000000004,0,0,0,0,0,0,0,0,0,0,0,0,0,0,1,0,0,0,0,0,0,0,1,0,0,0,0,0,0,0,0,0,0,0,0,0,0,0,0,0,0,0,0,0,0,0,0,0,1,0,0,0,0,0,0,0,0,0,0,0,0,0,0,0,0,0,0,0,0,0,0,0
2016,0,0,0.75,0.4344262295081967,0.6,0.8,0.75,0.5,163.2,165.2,4.0,7.4,1.3371369294605808,1.2723830891116876,4.875,5.795081967213115,0.5,0.5,1.0,1534.0761896038655,1444.5529699321357,89.52321967172975,0.3155737704918033,-0.20000000000000007,0.25,0.0647538403488932,-0.9200819672131146,0.0,-2.0,-3.4000000000000004,0,0,0,0,1,0,0,0,0,0,0,0,0,0,0,0,0,0,1,0,0,0,0,0,0,0,0,0,0,0,0,0,0,0,0,0,0,0,0,0,0,0,0,0,0,0,0,0,0,0,0,0,0,0,0,0,0,0,0,0,0,1,0,0,0,0,0,0,0,0,0,0
2016,0,0,0.5284552845528455,0.472,0.6,0.4,0.5,0.3,165.0,150.4,6.4,6.2,1.2584604715672676,1.299330207635633,5.772357723577236,5.672,0.6521739130434783,0.2857142857142857,0.6666666666666666,1571.444732304695,1456.210332514662,115.23439979003297,0.05645528455284554,0.19999999999999996,0.2,-0.040869736068365414,0.10035772357723616,0.36645962732919257,14.599999999999994,0.20000000000000018,1,0,0,0,0,0,0,1,0,0,0,0,0,0,0,0,0,0,0,0,0,0,0,0,0,0,1,0,0,0,0,0,0,0,0,0,0,0,0,0,0,1,0,0,0,0,0,0,0,0,0,0,0,0,0,0,0,0,0,0,0,0,0,0,0,0,0,0,0,0,0,0
2016,0,0,0.43902439024390244,0.25,0.8,0.2,0.6,0.25,172.6,156.0,7.0,5.6,1.2734358688844039,1.3476821192052981,5.804878048780488,5.375,0.40425531914893614,0.5,0.5,1457.074105417784,1470.7745882046797,-13.70048278689569,0.18902439024390244,0.6000000000000001,0.35,-0.07424625032089427,0.42987804878048763,-0.09574468085106386,16.599999999999994,1.4000000000000004,0,0,0,1,0,0,0,0,0,0,0,0,0,0,0,0,0,0,0,0,0,0,0,0,0,0,0,0,1,0,0,0,0,0,0,0,0,0,0,0,0,0,1,0,0,0,0,0,0,0,0,0,0,0,0,0,0,0,0,0,0,0,0,0,0,0,0,0,0,0,0,0
2016,1,0,0.5098039215686274,0.6666666666666666,0.8,0.6,0.5,0.6666666666666666,148.0,166.0,5.8,4.4,1.252324037184595,1.3229070837166514,5.745098039215686,4.555555555555555,0.6,0.5,1.0,1527.3598209343027,1521.5550541182172,5.8047668160854755,-0.1568627450980392,0.20000000000000007,-0.16666666666666663,-0.07058304653205649,1.189542483660131,0.09999999999999998,-18.0,1.3999999999999995,1,0,0,0,0,0,0,0,0,0,0,0,0,0,0,1,0,0,0,1,0,0,0,0,0,0,0,0,0,0,0,0,0,0,0,0,0,0,0,0,0,0,0,0,0,0,0,0,0,0,0,0,0,0,0,0,0,0,0,1,0,0,0,0,0,0,0,0,0,0,0,0
2016,1,0,0.49206349206349204,0.3333333333333333,0.2,0.4,0.4,0.3333333333333333,179.8,154.8,5.4,6.4,1.3203427871862885,1.350535540408958,5.73015873015873,5.555555555555555,0.5106382978723404,0.5,1.0,1496.1330755370695,1480.3804608765292,15.752614660540303,0.15873015873015872,-0.2,0.06666666666666671,-0.030192753222669566,0.17460317460317487,0.010638297872340385,25.0,-1.0,1,0,0,0,0,0,0,0,0,0,0,0,0,0,1,0,0,0,0,0,0,0,0,0,0,0,0,0,1,0,0,0,0,0,0,0,0,0,0,0,0,0,0,0,0,0,0,0,1,0,0,0,0,0,0,0,0,0,0,0,0,0,0,0,0,0,0,0,0,0,0,0
2016,0,0,0.46825396825396826,0.43548387096774194,0.2,0.6,0.3,0.6,151.2,166.6,5.4,6.6,1.2990567291085426,1.2734547461368653,5.650793650793651,5.782258064516129,0.25,0.5,0.5294117647058824,1449.4105493304264,1447.4682327459345,1.9423165844918913,0.03277009728622632,-0.39999999999999997,-0.3,0.025601982971677373,-0.13146441372247786,-0.25,-15.400000000000006,-1.1999999999999993,1,0,0,0,0,0,0,0,0,0,0,1,0,0,0,0,0,0,1,0,0,0,0,0,0,0,0,0,0,0,0,0,0,0,0,0,0,0,0,0,0,0,0,0,0,0,0,0,0,0,0,0,0,0,0,0,0,1,0,0,0,0,0,0,0,0,0,0,0,0,0,0
2016,1,0,0.5777777777777777,0.5192307692307693,0.8,0.8,0.6,0.5,170.6,144.8,5.6,5.8,1.2869853347241824,1.2494707702328611,6.074074074074074,5.75,1.0,0.3333333333333333,0.5714285714285714,1591.373333304451,1537.1927618590257,54.18057144542536,0.05854700854700845,0.0,0.09999999999999998,0.03751456449132129,0.3240740740740744,0.6666666666666667,25.799999999999983,-0.20000000000000018,0,0,0,0,0,0,0,0,0,1,0,0,0,0,0,0,0,0,0,0,0,0,0,0,0,0,0,0,0,0,1,0,0,0,0,0,0,0,0,1,0,0,0,0,0,0,0,0,0,0,0,0,0,0,0,0,0,0,0,0,0,0,0,0,0,0,0,0,0,0,0,0
2016,0,0,0.532258064516129,0.6,0.6,0.4,0.6,0.6,169.6,154.8,6.6,5.0,1.2590937220655987,1.2904290429042904,5.798387096774194,4.6,0.6595744680851063,0.5,0.5,1578.2445154889306,1511.7221131934941,66.52240229543645,-0.06774193548387097,0.19999999999999996,0.0,-0.03133532083869173,1.1983870967741943,0.15957446808510634,14.799999999999983,1.5999999999999996,0,0,0,0,0,0,0,1,0,0,0,0,0,0,0,0,0,0,0,1,0,0,0,0,0,0,0,0,0,0,0,0,0,0,0,0,0,0,0,0,0,1,0,0,0,0,0,0,0,0,0,0,0,0,0,0,0,0,0,0,0,0,0,0,0,0,0,0,0,0,0,0
2016,1,0,0.47244094488188976,0.49606299212598426,0.4,0.4,0.3,0.4,159.8,184.8,5.6,5.8,1.3004546353034196,1.3229876526550166,5.645669291338582,5.732283464566929,0.4,0.5,0.625,1459.3546455476453,1505.6799892660138,-46.32534371836846,-0.023622047244094502,0.0,-0.10000000000000003,-0.022533017351596962,-0.0866141732283463,-0.09999999999999998,-25.0,-0.20000000000000018,0,0,0,0,0,0,0,0,0,0,0,1,0,0,0,0,0,0,0,0,0,0,0,0,0,0,0,0,0,1,0,0,0,0,0,0,0,0,0,0,0,0,0,0,0,0,0,0,0,0,0,0,0,0,0,0,0,1,0,0,0,0,0,0,0,0,0,0,0,0,0,0
2016,0,1,0.3,0.5283018867924528,0.4,0.8,0.3,0.6,161.0,152.8,5.4,6.2,1.3686036426712922,1.2531928480204342,5.3,5.830188679245283,0.5,0.5,1.0,1470.833547147585,1548.7396846779593,-77.90613753037428,-0.22830188679245284,-0.4,-0.3,0.11541079465085802,-0.530188679245283,0.0,8.199999999999989,-0.7999999999999998,0,0,0,0,0,0,0,0,0,0,0,0,0,1,0,0,0,0,0,0,0,0,0,0,0,0,0,0,0,0,1,0,0,0,0,0,0,0,0,1,0,0,0,0,0,0,0,0,0,0,0,0,0,0,0,0,0,0,0,0,0,0,0,0,0,0,0,0,0,0,0,0
2016,0,0,0.5,0.5735294117647058,0.4,0.6,0.4,0.5,182.8,154.8,4.8,4.8,1.3237203077952493,1.2845121951219511,5.71875,6.051470588235294,0.5208333333333334,0.7142857142857143,0.4444444444444444,1514.3544844449148,1579.8264104855175,-65.47192604060274,-0.07352941176470584,-0.19999999999999996,-0.09999999999999998,0.03920811267329816,-0.3327205882352944,-0.19345238095238093,28.0,0.0,0,0,0,0,0,0,0,0,0,0,0,0,0,0,1,0,0,0,0,0,0,0,0,0,1,0,0,0,0,0,0,0,0,0,0,0,0,0,0,0,0,0,0,0,0,0,0,0,1,0,0,0,0,0,0,0,0,0,0,0,0,0,0,0,0,0,0,0,0,0,0,0
2016,0,0,0.5370370370370371,0.432,0.8,0.4,0.7,0.6,151.0,168.2,6.6,6.2,1.2505088460936278,1.2745929675742236,5.87037037037037,5.776,0.6190476190476191,0.75,0.8333333333333334,1556.5342062534623,1437.5241365287156,119.0100697247467,0.1050370370370371,0.4,0.09999999999999998,-0.0240841214805958,0.09437037037037044,-0.13095238095238093,-17.19999999999999,0.39999999999999947,0,0,0,0,0,0,0,0,0,0,0,0,0,0,0,1,0,0,1,0,0,0,0,0,0,0,0,0,0,0,0,0,0,0,0,0,0,0,0,0,0,0,0,0,0,0,0,0,0,0,0,0,0,0,0,0,0,0,0,1,0,0,0,0,0,0,0,0,0,0,0,0
2016,1,1,0.5766423357664233,0.46875,0.8,0.4,0.6,0.3,154.6,166.0,4.8,5.8,1.2842876165113182,1.3014576116086018,6.036496350364963,5.6484375,0.5,0.5,0.5294117647058824,1587.9639705961008,1450.6801503687443,137.2838202273565,0.10789233576642332,0.4,0.3,-0.017169995097283675,0.38805885036496335,0.0,-11.400000000000006,-1.0,0,0,0,0,0,0,0,0,0,1,0,0,0,0,0,0,0,0,0,0,0,0,0,0,0,0,1,0,0,0,0,0,0,0,0,0,0,0,0,1,0,0,0,0,0,0,0,0,0,0,0,0,0,0,0,0,0,0,0,0,0,0,0,0,0,0,0,0,0,0,0,0
2016,0,0,0.49612403100775193,0.6363636363636364,0.4,0.4,0.4,0.6,177.0,153.2,4.8,4.8,1.3230238269064845,1.3080999242997728,5.705426356589148,4.545454545454546,0.5102040816326531,0.5,0.0,1506.2169243343315,1523.6137229443484,-17.39679861001696,-0.14023960535588442,0.0,-0.19999999999999996,0.014923902606711614,1.1599718111346018,0.010204081632653073,23.80000000000001,0.0,1,0,0,0,0,0,0,0,0,0,0,0,0,0,1,0,0,0,0,1,0,0,0,0,0,0,0,0,0,0,0,0,0,0,0,0,0,0,0,0,0,0,0,0,0,0,0,0,1,0,0,0,0,0,0,0,0,0,0,0,0,0,0,0,0,0,0,0,0,0,0,0
2016,0,1,0.528,0.2727272727272727,0.4,0.2,0.6,0.2,168.8,168.8,6.6,5.4,1.259307241238238,1.3430141287284145,5.792,5.545454545454546,0.6458333333333334,0.5,1.0,1566.3529057380763,1463.039025572082,103.3138801659943,0.2552727272727273,0.2,0.39999999999999997,-0.08370688749017652,0.24654545454545396,0.14583333333333337,0.0,1.1999999999999993,1,0,0,0,0,0,0,1,0,0,0,0,0,0,0,0,0,0,0,0,0,0,0,0,0,0,0,0,1,0,0,0,0,0,0,0,0,0,0,0,0,1,0,0,0,0,0,0,0,0,0,0,0,0,0,0,0,0,0,0,0,0,0,0,0,0,0,0,0,0,0,0
2016,1,1,0.4728682170542636,0.5272727272727272,0.6,0.8,0.4,0.7,158.6,156.6,6.4,6.6,1.3007465108730931,1.2489250614250613,5.674418604651163,5.818181818181818,0.3333333333333333,0.5,0.2857142857142857,1464.4379329492972,1543.2367883630334,-78.79885541373619,-0.05440451021846365,-0.20000000000000007,-0.29999999999999993,0.0518214494480318,-0.14376321353065524,-0.16666666666666669,2.0,-0.1999999999999993,0,0,0,0,0,0,0,0,0,0,0,1,0,0,0,0,0,0,0,0,0,0,0,0,0,0,0,0,0,0,1,0,0,0,0,0,0,0,0,0,0,0,0,0,0,0,0,0,0,0,0,0,0,0,0,0,0,1,0,0,0,0,0,0,0,0,0,0,0,0,0,0
2016,0,0,0.572463768115942,0.4365079365079365,0.6,0.6,0.5,0.6,141.6,164.0,4.0,6.6,1.2823239605863974,1.2750848608282417,6.0144927536231885,5.7936507936507935,0.3333333333333333,1.0,0.47058823529411764,1574.206188015548,1450.8215544191446,123.38463359640332,0.1359558316080055,0.0,-0.09999999999999998,0.0072390997581557315,0.22084195997239497,-0.6666666666666667,-22.400000000000006,-2.5999999999999996,1,0,0,0,0,0,0,0,0,1,0,0,0,0,0,0,0,0,1,0,0,0,0,0,0,0,0,0,0,0,0,0,0,0,0,0,0,0,0,1,0,0,0,0,0,0,0,0,0,0,0,0,0,0,0,0,0,0,0,0,0,0,0,0,0,0,0,0,0,0,0,0
2016,0,0,0.5317460317460317,0.5,0.6,0.6,0.6,0.4,147.2,190.8,7.0,5.8,1.2608843537414967,1.3287247350055962,5.7936507936507935,5.7384615384615385,0.6530612244897959,0.3333333333333333,0.5294117647058824,1573.4639463067836,1516.717226398351,56.746719908432624,0.031746031746031744,0.0,0.19999999999999996,-0.06784038126409953,0.05518925518925499,0.31972789115646255,-43.60000000000002,1.2000000000000002,0,0,0,0,0,0,0,1,0,0,0,0,0,0,0,0,0,0,0,0,0,0,0,0,0,0,0,0,0,1,0,0,0,0,0,0,0,0,0,0,0,1,0,0,0,0,0,0,0,0,0,0,0,0,0,0,0,0,0,0,0,0,0,0,0,0,0,0,0,0,0,0
2016,1,0,0.25,0.4330708661417323,0.2,0.4,0.2,0.6,150.4,152.0,4.4,5.4,1.312590448625181,1.2736090529435538,5.25,5.7795275590551185,0.0,0.5,1.0,1455.9279850033747,1444.2307223545567,11.697262648817969,-0.1830708661417323,-0.2,-0.39999999999999997,0.03898139568162717,-0.5295275590551185,-0.5,-1.5999999999999943,-1.0,1,0,0,0,0,0,0,0,0,0,0,0,0,1,0,0,0,0,1,0,0,0,0,0,0,0,0,0,0,0,0,0,0,0,0,0,0,0,0,1,0,0,0,0,0,0,0,0,0,0,0,0,0,0,0,0,0,0,0,0,0,0,0,0,0,0,0,0,0,0,0,0
2016,0,0,0.5038167938931297,0.46923076923076923,0.8,0.4,0.5,0.4,191.0,163.6,5.8,5.2,1.3309808534274326,1.3022222222222222,5.732824427480916,5.653846153846154,0.52,0.5,0.4117647058823529,1528.3361578837862,1456.6678421470613,71.66831573672494,0.03458602466236049,0.4,0.09999999999999998,0.028758631205210383,0.07897827363476217,0.020000000000000018,27.400000000000006,0.5999999999999996,1,0,0,0,0,0,0,0,0,0,0,0,0,0,1,0,0,0,0,0,0,0,0,0,0,0,1,0,0,0,0,0,0,0,0,0,0,0,0,0,0,0,0,0,0,0,0,0,1,0,0,0,0,0,0,0,0,0,0,0,0,0,0,0,0,0,0,0,0,0,0,0
2016,1,0,0.5833333333333334,0.5275590551181102,0.2,0.6,0.5,0.6,134.8,152.0,4.8,5.6,1.2713393476752255,1.2625969645868464,4.416666666666667,5.755905511811024,0.5,0.5,1.0,1513.113420880329,1561.8450148213483,-48.731593941019355,0.05577427821522318,-0.39999999999999997,-0.09999999999999998,0.008742383088379047,-1.339238845144357,0.0,-17.19999999999999,-0.7999999999999998,1,0,0,0,1,0,0,0,0,0,0,0,0,0,0,0,0,0,0,0,0,0,1,0,0,0,0,0,0,0,0,0,0,0,0,0,0,0,0,0,0,0,0,1,0,0,0,0,0,0,0,0,0,0,0,0,0,0,0,0,0,0,0,0,0,0,0,0,0,0,0,0
2016,1,0,0.4296875,0.5357142857142857,0.2,0.8,0.5,0.8,146.2,153.8,4.2,6.2,1.2713121325494388,1.2529012810851545,5.7421875,5.785714285714286,0.75,1.0,0.2857142857142857,1434.5672694884688,1551.0068791652693,-116.4396096768005,-0.1060267857142857,-0.6000000000000001,-0.30000000000000004,0.018410851464284228,-0.04352678571428559,-0.25,-7.600000000000023,-2.0,1,0,0,1,0,0,0,0,0,0,0,0,0,0,0,0,0,0,0,0,0,0,0,0,0,0,0,0,0,0,1,0,0,0,0,0,0,0,0,0,0,0,0,0,0,0,0,0,0,0,0,0,0,0,0,0,0,0,0,0,0,0,0,1,0,0,0,0,0,0,0,0
2016,0,1,0.3076923076923077,0.46564885496183206,0.4,0.4,0.3,0.3,133.8,156.2,5.2,5.2,1.3007570543702685,1.3024849494043806,5.3076923076923075,5.633587786259542,0.5,1.0,0.0,1465.5914378694627,1448.7018541136158,16.889583755846843,-0.15795654726952435,0.0,0.0,-0.0017278950341121924,-0.3258954785672348,-0.5,-22.399999999999977,0.0,1,0,0,0,0,0,0,0,0,0,0,0,0,1,0,0,0,0,0,0,0,0,0,0,0,0,1,0,0,0,0,0,0,0,0,0,0,0,0,1,0,0,0,0,0,0,0,0,0,0,0,0,0,0,0,0,0,0,0,0,0,0,0,0,0,0,0,0,0,0,0,0
2016,1,0,0.6153846153846154,0.5755395683453237,0.4,0.6,0.5,0.6,133.6,147.2,4.4,5.0,1.2790849673202613,1.2853563972561886,4.6923076923076925,6.043165467625899,1.0,0.5,1.0,1524.5069028317175,1580.7970200801358,-56.290117248418255,0.0398450470392917,-0.19999999999999996,-0.09999999999999998,-0.00627142993592722,-1.3508577753182065,0.5,-13.599999999999994,-0.5999999999999996,1,0,0,0,1,0,0,0,0,0,0,0,0,0,0,0,0,0,0,0,0,0,0,0,1,0,0,0,0,0,0,0,0,0,0,0,0,0,0,0,0,0,0,1,0,0,0,0,0,0,0,0,0,0,0,0,0,0,0,0,0,0,0,0,0,0,0,0,0,0,0,0
2016,0,0,0.5234375,0.5263157894736842,0.4,0.6,0.5,0.7,139.0,159.6,5.0,5.8,1.2603344481605352,1.2538484310242748,5.7421875,5.754385964912281,0.64,0.0,0.7142857142857143,1550.4515328699597,1537.7755608786715,12.67597199128818,-0.0028782894736841813,-0.19999999999999996,-0.19999999999999996,0.0064860171362604024,-0.012198464912280826,0.64,-20.599999999999994,-0.7999999999999998,1,0,0,0,0,0,0,1,0,0,0,0,0,0,0,0,0,0,0,0,0,0,0,0,0,0,0,0,0,0,1,0,0,0,0,0,0,0,0,0,0,1,0,0,0,0,0,0,0,0,0,0,0,0,0,0,0,0,0,0,0,0,0,0,0,0,0,0,0,0,0,0
2016,0,0,0.43410852713178294,0.5075757575757576,0.4,0.8,0.5,0.6,146.0,194.2,5.0,6.4,1.271366105737379,1.3362987012987013,5.751937984496124,5.757575757575758,0.8,0.5,0.42857142857142855,1447.7985877750666,1536.3021459172317,-88.50355814216505,-0.07346723044397463,-0.4,-0.09999999999999998,-0.06493259556132225,-0.005637773079634201,0.30000000000000004,-48.19999999999999,-1.4000000000000004,0,0,0,1,0,0,0,0,0,0,0,0,0,0,0,0,0,0,0,0,0,0,0,0,0,0,0,0,0,1,0,0,0,0,0,0,0,0,0,0,0,0,0,0,0,0,0,0,0,0,0,0,0,0,0,0,0,0,0,0,0,0,0,1,0,0,0,0,0,0,0,0
2016,0,0,0.6428571428571429,0.5112781954887218,0.6,0.8,0.6,0.6,138.4,187.0,5.6,7.2,1.2979890310786106,1.3356972471149506,4.928571428571429,5.774436090225564,0.0,0.5294117647058824,0.5,1536.1130339660695,1543.8085135111853,-7.695479545115859,0.13157894736842113,-0.20000000000000007,0.0,-0.03770821603634,-0.8458646616541348,-0.5294117647058824,-48.599999999999994,-1.6000000000000005,0,0,0,0,1,0,0,0,0,0,0,0,0,0,0,0,0,0,0,0,0,0,0,0,0,0,0,0,0,1,0,0,0,0,0,0,0,0,0,0,0,0,0,0,0,0,0,0,1,0,0,0,0,0,0,0,0,0,0,0,0,0,0,0,0,0,0,0,0,0,0,0
2016,0,0,0.5172413793103449,0.5271317829457365,0.4,0.4,0.6,0.5,154.0,140.4,5.0,4.8,1.252906976744186,1.2613945465401712,5.758620689655173,5.75968992248062,0.6666666666666666,0.6666666666666666,0.25,1528.140242884237,1560.0868508643941,-31.94660798015707,-0.00989040363539162,0.0,0.09999999999999998,-0.008487569795985195,-0.0010692328254471306,0.0,13.599999999999994,0.20000000000000018,1,0,0,0,0,0,0,0,0,0,0,0,0,0,0,1,0,0,0,0,0,0,1,0,0,0,0,0,0,0,0,0,0,0,0,0,0,0,0,0,0,0,1,0,0,0,0,0,0,0,0,0,0,0,0,0,0,0,0,0,0,0,0,0,0,0,0,0,0,0,0,0
2016,0,0,0.6,0.5254237288135594,0.6,0.4,0.5,0.6,144.8,159.0,5.8,5.0,1.2955832389580975,1.2538549400342662,5.0,5.796610169491525,1.0,0.75,0.0,1526.3344914580196,1539.0571575353895,-12.722666077369922,0.07457627118644061,0.19999999999999996,-0.09999999999999998,0.04172829892383123,-0.7966101694915251,0.25,-14.199999999999989,0.7999999999999998,0,0,0,0,1,0,0,0,0,0,0,0,0,0,0,0,0,0,0,0,0,0,0,0,0,0,0,0,0,0,1,0,0,0,0,0,0,0,0,0,0,0,1,0,0,0,0,0,0,0,0,0,0,0,0,0,0,0,0,0,0,0,0,0,0,0,0,0,0,0,0,0
2016,0,1,0.5149253731343284,0.5333333333333333,1.0,0.6,0.7,0.7,188.6,162.4,8.4,5.8,1.33604249328043,1.256143800028086,5.8059701492537314,5.816666666666666,0.5384615384615384,0.25,0.5714285714285714,1553.5870560192352,1548.6911333599558,4.895922659279449,-0.018407960199004925,0.4,0.0,0.079898693252344,-0.01069651741293498,0.28846153846153844,26.19999999999999,2.6000000000000005,0,0,0,0,0,0,0,0,0,0,0,0,0,0,1,0,0,0,0,0,0,0,0,0,0,0,0,0,0,0,1,0,0,0,0,0,0,0,0,0,0,0,0,0,0,0,0,0,1,0,0,0,0,0,0,0,0,0,0,0,0,0,0,0,0,0,0,0,0,0,0,0
2017,0,0,0.5409836065573771,0.5111111111111111,0.6,0.8,0.7,0.7,168.0,179.0,6.4,7.8,1.2630053815371878,1.3382222222222222,5.836065573770492,5.814814814814815,0.5909090909090909,0.3333333333333333,0.5,1558.8320400149667,1543.4461493642243,15.38589065074234,0.029872495446266023,-0.20000000000000007,0.0,-0.07521684068503443,0.021250758955677185,0.2575757575757576,-11.0,-1.3999999999999995,1,0,0,0,0,0,0,0,0,0,0,0,0,0,0,1,0,0,0,0,0,0,0,0,0,0,0,0,0,1,0,0,0,0,0,0,0,0,0,0,0,0,0,0,0,0,0,0,0,0,0,0,0,0,0,0,0,0,0,1,0,0,0,0,0,0,0,0,0,0,0,0
2017,1,0,0.35714285714285715,0.5714285714285714,0.4,0.4,0.4,0.6,135.2,149.4,5.2,4.8,1.3056962025316456,1.2860272350503257,5.428571428571429,6.0285714285714285,0.0,1.0,0.5,1475.1056991346497,1569.1908889457839,-94.08518981113411,-0.21428571428571425,0.0,-0.19999999999999996,0.019668967481319966,-0.5999999999999996,-1.0,-14.200000000000017,0.40000000000000036,1,0,0,0,0,0,0,0,0,0,0,0,0,1,0,0,0,0,0,0,0,0,0,0,1,0,0,0,0,0,0,0,0,0,0,0,0,0,0,0,0,0,0,0,0,0,0,0,0,0,0,1,0,0,0,0,0,0,0,0,0,0,0,0,0,0,0,0,0,0,0,0
2017,0,0,0.5625,0.5230769230769231,0.4,0.4,0.4,0.4,144.4,136.8,6.2,5.4,1.2956107879428873,1.260646350292898,5.0625,5.776923076923077,0.4,0.5,1.0,1516.7005156334533,1549.1699362132417,-32.46942057978845,0.039423076923076894,0.0,0.0,0.034964437649989355,-0.7144230769230768,-0.09999999999999998,7.599999999999994,0.7999999999999998,0,0,0,0,1,0,0,0,0,0,0,0,0,0,0,0,0,0,0,0,0,0,1,0,0,0,0,0,0,0,0,0,0,0,0,0,0,0,0,0,0,0,0,0,0,0,0,0,0,0,0,0,0,0,0,0,0,0,0,0,0,1,0,0,0,0,0,0,0,0,0,0
2017,1,0,0.4621212121212121,0.4,0.2,0.6,0.3,0.5,154.4,134.4,5.4,6.2,1.3032344157082036,1.3219741480611047,5.636363636363637,5.6,1.0,0.5,0.5,1439.1875928484287,1487.749380115633,-48.56178726720418,0.06212121212121208,-0.39999999999999997,-0.2,-0.01873973235290105,0.03636363636363704,0.5,20.0,-0.7999999999999998,1,0,0,0,0,0,0,0,0,0,0,1,0,0,0,0,0,0,0,0,0,0,0,0,0,0,0,0,1,0,0,0,0,0,0,0,0,0,0,0,0,0,0,0,0,1,0,0,0,0,0,0,0,0,0,0,0,0,0,0,0,0,0,0,0,0,0,0,0,0,0,0
2017,1,1,0.5073529411764706,0.4307692307692308,0.6,0.4,0.7,0.4,176.2,139.2,7.6,4.8,1.3386883386883386,1.2699914580458638,5.801470588235294,5.7384615384615385,0.5283018867924528,0.6,0.6,1533.8887016383371,1440.292220181113,93.59648145722417,0.07658371040723977,0.19999999999999996,0.29999999999999993,0.06869688064247481,0.06300904977375588,-0.07169811320754715,37.0,2.8,1,0,0,0,0,0,0,0,0,0,0,0,0,0,1,0,0,0,1,0,0,0,0,0,0,0,0,0,0,0,0,0,0,0,0,0,0,0,0,0,0,0,0,0,0,0,0,0,1,0,0,0,0,0,0,0,0,0,0,0,0,0,0,0,0,0,0,0,0,0,0,0
2017,1,0,0.5483870967741935,0.5294117647058824,0.8,0.4,0.7,0.3,177.8,160.2,7.6,5.6,1.2696690179055887,1.3079980129160458,5.903225806451613,4.764705882352941,0.6086956521739131,0.0,1.0,1568.3894877408538,1507.6323494597261,60.75713828112771,0.018975332068311146,0.4,0.39999999999999997,-0.038328995010457056,1.1385199240986719,0.6086956521739131,17.600000000000023,2.0,1,0,0,0,0,0,0,0,0,0,0,0,0,0,0,1,0,0,0,1,0,0,0,0,0,0,0,0,0,0,0,0,0,0,0,0,0,0,0,0,0,0,0,0,0,0,0,0,0,0,0,0,0,0,0,0,0,0,0,1,0,0,0,0,0,0,0,0,0,0,0,0
2017,1,0,0.5673758865248227,0.5267175572519084,0.4,0.4,0.5,0.5,167.8,160.4,4.8,5.0,1.287393476344402,1.2647655176924586,6.00709219858156,5.763358778625954,0.6444444444444445,0.16666666666666666,0.7222222222222222,1556.5472079648007,1558.2381023869689,-1.690894422168185,0.04065832927291435,0.0,0.0,0.022627958651943336,0.24373341995560605,0.47777777777777786,7.400000000000006,-0.20000000000000018,1,0,0,0,0,0,0,0,0,1,0,0,0,0,0,0,0,0,0,0,0,0,1,0,0,0,0,0,0,0,0,0,0,0,0,0,0,0,0,0,0,0,0,0,0,0,0,0,0,0,0,0,0,0,0,0,0,0,0,0,0,0,0,0,0,0,0,0,0,0,1,0
2017,0,1,0.46616541353383456,0.5109489051094891,0.4,0.6,0.4,0.7,152.4,165.4,5.4,7.6,1.303550034680623,1.3381258986059885,5.639097744360902,5.824817518248175,1.0,0.5,0.5555555555555556,1450.576281948534,1541.2581085821537,-90.68182663361972,-0.04478349157565453,-0.19999999999999996,-0.29999999999999993,-0.03457586392536549,-0.18571977388727312,0.5,-13.0,-2.1999999999999993,1,0,0,0,0,0,0,0,0,0,0,1,0,0,0,0,0,0,0,0,0,0,0,0,0,0,0,0,0,1,0,0,0,0,0,0,0,0,0,0,0,0,0,0,0,1,0,0,0,0,0,0,0,0,0,0,0,0,0,0,0,0,0,0,0,0,0,0,0,0,0,0
2017,1,0,0.375,0.42748091603053434,0.6,0.2,0.4,0.4,140.4,137.6,5.4,4.8,1.320744389709907,1.2689825979273937,5.5,5.755725190839694,0.2,1.0,1.0,1476.3606910155277,1432.9228132372964,43.43787777823127,-0.05248091603053434,0.39999999999999997,0.0,0.05176179178251328,-0.25572519083969425,-0.8,2.8000000000000114,0.6000000000000005,0,0,0,0,0,0,0,0,0,0,0,0,0,1,0,0,0,0,1,0,0,0,0,0,0,0,0,0,0,0,0,0,0,0,0,0,0,0,0,0,0,0,0,0,0,0,0,0,0,0,0,1,0,0,0,0,0,0,0,0,0,0,0,0,0,0,0,0,0,0,0,0
2017,1,0,0.5704225352112676,0.5555555555555556,0.4,1.0,0.6,0.7,173.2,176.0,5.4,7.8,1.2884312467183945,1.272094268880557,6.014084507042254,5.920634920634921,0.6521739130434783,0.0,0.5,1566.5958754341907,1576.6583670954362,-10.06249166124553,0.014866979655712043,-0.6,-0.09999999999999998,0.016336977837837496,0.09344958640733303,0.6521739130434783,-2.8000000000000114,-2.3999999999999995,1,0,0,0,0,0,0,0,0,1,0,0,0,0,0,0,0,0,0,0,0,0,0,0,0,0,0,0,0,0,1,0,0,0,0,0,0,0,0,0,0,0,0,0,0,0,0,0,0,0,0,0,0,0,0,0,0,0,0,0,0,0,0,0,0,0,0,0,0,0,1,0
2017,1,0,0.5227272727272727,0.4701492537313433,0.4,0.4,0.5,0.5,159.4,157.0,6.0,4.4,1.2658104689628333,1.3056809631301731,5.765151515151516,5.626865671641791,0.6470588235294118,0.25,0.6842105263157895,1548.1894349175789,1463.1286188739964,85.06081604358246,0.0525780189959294,0.0,0.0,-0.03987049416733979,0.13828584350972495,0.3970588235294118,2.4000000000000057,1.5999999999999996,1,0,0,0,0,0,0,1,0,0,0,0,0,0,0,0,0,0,0,0,0,0,0,0,0,0,1,0,0,0,0,0,0,0,0,0,0,0,0,0,0,1,0,0,0,0,0,0,0,0,0,0,0,0,0,0,0,0,0,0,0,0,0,0,0,0,0,0,0,0,0,0
2017,0,0,0.5072463768115942,0.5734265734265734,0.4,0.6,0.6,0.6,167.2,180.2,6.4,6.4,1.3370967741935484,1.2892082995247478,5.797101449275362,6.027972027972028,0.5370370370370371,0.75,0.42105263157894735,1528.7057716566912,1576.8854162735636,-48.17964461687234,-0.0661801966149792,-0.19999999999999996,0.0,0.04788847466880064,-0.23087057869666605,-0.2129629629629629,-13.0,0.0,0,0,0,0,0,0,0,0,0,0,0,0,0,0,1,0,0,0,0,0,0,0,0,0,1,0,0,0,0,0,0,0,0,0,0,0,0,0,0,0,0,0,0,0,0,0,0,0,1,0,0,0,0,0,0,0,0,0,0,0,0,0,0,0,0,0,0,0,0,0,0,0
2017,1,0,0.5,0.35294117647058826,0.2,0.6,0.3,0.4,162.2,141.4,4.2,5.8,1.2977027660571965,1.3075726141078838,4.555555555555555,5.411764705882353,0.3333333333333333,0.0,1.0,1499.3634701051437,1465.1169221273317,34.24654797781204,0.14705882352941174,-0.39999999999999997,-0.10000000000000003,-0.009869848050687358,-0.8562091503267979,0.3333333333333333,20.799999999999983,-1.5999999999999996,1,0,0,0,1,0,0,0,0,0,0,0,0,0,0,0,0,0,0,0,0,0,0,0,0,0,0,0,1,0,0,0,0,0,0,0,0,0,0,0,0,0,0,0,0,0,0,0,0,0,0,0,0,0,0,0,0,0,0,0,0,1,0,0,0,0,0,0,0,0,0,0
2017,0,0,0.5263157894736842,0.546875,0.6,0.8,0.5,0.6,168.8,175.2,7.0,7.4,1.2683461117196058,1.2717935212009481,5.7894736842105265,5.921875,0.6538461538461539,0.0,0.6666666666666666,1555.788958105577,1566.3688262560634,-10.57986815048639,-0.02055921052631582,-0.20000000000000007,-0.09999999999999998,-0.0034474094813423672,-0.13240131578947345,0.6538461538461539,-6.399999999999977,-0.40000000000000036,1,0,0,0,0,0,0,1,0,0,0,0,0,0,0,0,0,0,0,0,0,0,0,0,0,0,0,0,0,0,1,0,0,0,0,0,0,0,0,0,0,1,0,0,0,0,0,0,0,0,0,0,0,0,0,0,0,0,0,0,0,0,0,0,0,0,0,0,0,0,0,0
2017,1,1,0.4318181818181818,0.4666666666666667,0.4,0.4,0.4,0.4,153.4,155.2,6.0,4.2,1.271980863718645,1.3056972260231372,5.787878787878788,5.6,0.3958333333333333,0.5,0.4444444444444444,1444.1665821254924,1455.5290956859983,-11.362513560505931,-0.03484848484848485,0.0,0.0,-0.033716362304492264,0.18787878787878842,-0.10416666666666669,-1.799999999999983,1.7999999999999998,1,0,0,1,0,0,0,0,0,0,0,0,0,0,0,0,0,0,0,0,0,0,0,0,0,0,1,0,0,0,0,0,0,0,0,0,0,0,0,0,0,0,1,0,0,0,0,0,0,0,0,0,0,0,0,0,0,0,0,0,0,0,0,0,0,0,0,0,0,0,0,0
2017,1,0,0.5763888888888888,0.5263157894736842,0.6,0.2,0.6,0.4,168.0,162.0,5.4,4.2,1.2887238818856848,1.3095768374164811,6.020833333333333,4.7368421052631575,0.6595744680851063,1.0,0.0,1585.5075156565197,1508.3809551802299,77.1265604762898,0.05007309941520466,0.39999999999999997,0.19999999999999996,-0.020852955530796358,1.2839912280701755,-0.34042553191489366,6.0,1.2000000000000002,1,0,0,0,0,0,0,0,0,1,0,0,0,0,0,0,0,0,0,1,0,0,0,0,0,0,0,0,0,0,0,0,0,0,0,0,0,0,0,0,0,0,0,0,0,0,0,0,0,0,0,0,0,0,0,0,0,0,0,0,0,0,0,0,0,0,0,0,0,0,1,0
2017,1,0,0.5035971223021583,0.3333333333333333,0.2,0.4,0.6,0.4,163.8,160.4,5.6,5.2,1.3356316178281211,1.3118908382066277,5.798561151079137,5.277777777777778,0.5272727272727272,0.0,1.0,1520.0836722737351,1456.0994370522455,63.9842352214896,0.17026378896882494,-0.2,0.19999999999999996,0.023740779621493457,0.5207833733013594,0.5272727272727272,3.4000000000000057,0.39999999999999947,0,0,0,0,0,0,0,0,0,0,0,0,0,0,1,0,0,0,0,0,0,0,0,0,0,0,0,0,1,0,0,0,0,0,0,0,0,0,0,0,0,0,0,0,0,0,0,0,1,0,0,0,0,0,0,0,0,0,0,0,0,0,0,0,0,0,0,0,0,0,0,0
2017,1,1,0.43609022556390975,0.5298507462686567,0.6,0.6,0.4,0.5,166.8,169.0,7.6,6.6,1.2736774607245913,1.2691250718987666,5.81203007518797,5.791044776119403,0.40816326530612246,0.5714285714285714,0.4117647058823529,1454.493505009868,1566.0933771009043,-111.59987209103633,-0.09376052070474694,0.0,-0.09999999999999998,0.00455238882582476,0.02098529906856683,-0.16326530612244894,-2.1999999999999886,1.0,0,0,0,1,0,0,0,0,0,0,0,0,0,0,0,0,0,0,0,0,0,0,1,0,0,0,0,0,0,0,0,0,0,0,0,0,0,0,0,0,0,0,1,0,0,0,0,0,0,0,0,0,0,0,0,0,0,0,0,0,0,0,0,0,0,0,0,0,0,0,0,0
2017,0,0,0.5384615384615384,0.4632352941176471,0.6,0.4,0.6,0.4,173.6,158.6,7.2,4.8,1.27144337911376,1.304401506265819,5.923076923076923,5.602941176470588,0.625,0.5714285714285714,0.75,1556.064407260736,1445.2021728016227,110.86223445911332,0.07522624434389136,0.19999999999999996,0.19999999999999996,-0.032958127152058925,0.3201357466063355,0.0535714285714286,15.0,2.4000000000000004,1,0,0,0,0,0,0,0,0,0,0,0,0,0,0,1,0,0,0,0,0,0,0,0,0,0,1,0,0,0,0,0,0,0,0,0,0,0,0,0,0,0,0,0,0,0,0,0,0,0,0,0,0,0,0,0,0,0,0,1,0,0,0,0,0,0,0,0,0,0,0,0
2017,1,0,0.5,0.5,0.2,0.2,0.4,0.5,165.6,150.6,3.8,5.8,1.314213412062421,1.3336999022482894,4.7,5.814285714285714,0.42857142857142855,0.0,0.3333333333333333,1500.5650764565005,1508.2625990429708,-7.697522586470313,0.0,0.0,-0.09999999999999998,-0.019486490185868455,-1.1142857142857139,0.42857142857142855,15.0,-2.0,0,0,0,0,1,0,0,0,0,0,0,0,0,0,0,0,0,0,0,0,0,0,0,0,0,0,0,0,0,1,0,0,0,0,0,0,0,0,0,0,0,0,0,0,0,0,0,0,0,0,0,0,0,0,0,0,0,0,0,0,0,1,0,0,0,0,0,0,0,0,0,0
2017,1,1,0.5454545454545454,0.43283582089552236,0.6,0.4,0.6,0.4,163.8,168.2,7.8,7.4,1.2714522504143821,1.2744798625691927,5.984848484848484,5.813432835820896,0.64,0.8,0.625,1562.9775943231452,1447.5995132867188,115.37808103642647,0.11261872455902305,0.19999999999999996,0.19999999999999996,-0.0030276121548105106,0.17141564902758866,-0.16000000000000003,-4.399999999999977,0.39999999999999947,1,0,0,0,0,0,0,0,0,0,0,0,0,0,0,1,0,0,1,0,0,0,0,0,0,0,0,0,0,0,0,0,0,0,0,0,0,0,0,0,0,0,0,0,0,0,0,0,0,0,0,0,0,0,0,0,0,0,0,1,0,0,0,0,0,0,0,0,0,0,0,0
2017,0,0,0.45985401459854014,0.5793103448275863,0.4,0.8,0.3,0.6,155.0,169.0,4.8,5.4,1.3039269742081725,1.2896331009258202,5.605839416058394,6.006896551724138,1.0,0.5,0.5,1438.2889857392136,1593.323394380249,-155.0344086410355,-0.11945633022904611,-0.4,-0.3,0.01429387328235232,-0.4010571356657433,0.5,-14.0,-0.6000000000000005,0,0,0,0,0,0,0,0,0,0,0,1,0,0,0,0,0,0,0,0,0,0,0,0,1,0,0,0,0,0,0,0,0,0,0,0,0,0,0,0,0,0,0,0,0,1,0,0,0,0,0,0,0,0,0,0,0,0,0,0,0,0,0,0,0,0,0,0,0,0,0,0
2017,0,0,0.5333333333333333,0.47619047619047616,0.8,0.2,0.6,0.3,174.8,171.6,6.4,3.0,1.2699429296131897,1.3247897476972368,5.8,4.571428571428571,0.660377358490566,1.0,0.3333333333333333,1572.9873688240534,1490.786592723061,82.20077610099247,0.05714285714285716,0.6000000000000001,0.3,-0.05484681808404712,1.2285714285714286,-0.339622641509434,3.200000000000017,3.4000000000000004,0,0,0,0,0,0,0,1,0,0,0,0,0,0,0,0,0,0,0,1,0,0,0,0,0,0,0,0,0,0,0,0,0,0,0,0,0,0,0,0,0,1,0,0,0,0,0,0,0,0,0,0,0,0,0,0,0,0,0,0,0,0,0,0,0,0,0,0,0,0,0,0
2017,0,0,0.5821917808219178,0.42962962962962964,1.0,0.4,0.7,0.4,172.0,175.8,5.6,7.4,1.293759945442146,1.2757749857945577,5.993150684931507,5.8,0.6666666666666666,0.16666666666666666,0.5,1599.1354850692815,1440.8034415593768,158.33204350990468,0.15256215119228816,0.6,0.29999999999999993,0.017984959647588283,0.19315068493150722,0.5,-3.8000000000000114,-1.8000000000000007,1,0,0,0,0,0,0,0,0,1,0,0,0,0,0,0,0,0,1,0,0,0,0,0,0,0,0,0,0,0,0,0,0,0,0,0,0,0,0,0,0,0,0,0,0,0,0,0,0,0,0,0,0,0,0,0,0,0,0,0,0,0,0,0,0,0,0,0,0,0,1,0
2017,1,0,0.3684210526315789,0.5522388059701493,0.4,0.6,0.4,0.7,158.0,160.6,5.6,6.8,1.3099173553719008,1.2757971378358022,5.473684210526316,5.970149253731344,0.16666666666666666,1.0,0.5,1467.92051028301,1569.7736660504872,-101.85315576747735,-0.18381775333857037,-0.19999999999999996,-0.29999999999999993,0.03412021753609862,-0.4964650432050277,-0.8333333333333334,-2.5999999999999943,-1.2000000000000002,1,0,0,0,0,0,0,0,0,0,0,0,0,1,0,0,0,0,0,0,0,0,0,0,0,0,0,0,0,0,1,0,0,0,0,0,0,0,0,0,0,0,0,0,0,0,0,0,0,0,0,1,0,0,0,0,0,0,0,0,0,0,0,0,0,0,0,0,0,0,0,0
2017,1,0,0.5,0.45652173913043476,0.4,0.2,0.4,0.3,172.6,161.8,4.0,4.0,1.3404907975460123,1.3058966565349543,4.590909090909091,5.579710144927536,0.375,1.0,0.5,1503.1093425662239,1432.4768950501812,70.6324475160427,0.043478260869565244,0.2,0.10000000000000003,0.034594141011057955,-0.9888010540184453,-0.625,10.799999999999983,0.0,0,0,0,0,1,0,0,0,0,0,0,0,0,0,0,0,0,0,0,0,0,0,0,0,0,0,1,0,0,0,0,0,0,0,0,0,0,0,0,0,0,0,0,0,0,0,0,0,0,0,0,0,0,0,0,0,0,0,0,0,0,1,0,0,0,0,0,0,0,0,0,0
2017,0,0,0.5294117647058824,0.5035460992907801,0.6,0.4,0.5,0.5,175.4,158.8,6.8,6.4,1.272040777798754,1.3366684858407616,5.801470588235294,5.822695035460993,0.6481481481481481,0.42857142857142855,0.5,1560.6646189808905,1518.0410827764103,42.62353620448016,0.025865665415102268,0.19999999999999996,0.0,-0.06462770804200768,-0.021224447225698384,0.2195767195767196,16.599999999999994,0.39999999999999947,1,0,0,0,0,0,0,1,0,0,0,0,0,0,0,0,0,0,0,0,0,0,0,0,0,0,0,0,0,1,0,0,0,0,0,0,0,0,0,0,0,1,0,0,0,0,0,0,0,0,0,0,0,0,0,0,0,0,0,0,0,0,0,0,0,0,0,0,0,0,0,0
2017,1,0,0.5850340136054422,0.4,1.0,0.4,0.7,0.5,164.4,156.4,5.6,4.6,1.2925012695367601,1.3188342757720748,6.0,5.35,0.673469387755102,1.0,0.3333333333333333,1604.8696208953672,1480.7708890009515,124.09873189441578,0.18503401360544214,0.6,0.19999999999999996,-0.02633300623531465,0.6500000000000004,-0.326530612244898,8.0,1.0,0,0,0,0,0,0,0,0,0,1,0,0,0,0,0,0,0,0,0,0,0,0,0,0,0,0,0,0,1,0,0,0,0,0,0,0,0,0,0,0,0,0,0,0,0,0,0,0,0,0,0,0,0,0,0,0,0,0,0,0,0,0,0,0,0,0,0,0,0,0,1,0
2017,0,0,0.42857142857142855,0.5328467153284672,0.6,0.8,0.6,0.6,155.8,166.0,5.4,7.6,1.318463444857497,1.2706095428428679,5.476190476190476,5.8321167883211675,0.2857142857142857,1.0,0.0,1494.1982087891524,1569.443932827617,-75.24572403846446,-0.10427528675703862,-0.20000000000000007,0.0,0.047853902014629135,-0.35592631213069126,-0.7142857142857143,-10.199999999999989,-2.1999999999999993,0,0,0,0,0,0,0,0,0,0,0,0,0,1,0,0,0,0,0,0,0,0,1,0,0,0,0,0,0,0,0,0,0,0,0,0,0,0,0,0,0,0,0,0,0,0,0,0,0,0,0,1,0,0,0,0,0,0,0,0,0,0,0,0,0,0,0,0,0,0,0,0
2017,0,0,0.5,0.4782608695652174,0.2,0.4,0.4,0.3,137.2,178.0,6.6,5.2,1.3346221228780282,1.3389458272327965,5.852112676056338,4.695652173913044,0.5178571428571429,0.0,0.75,1509.261768929684,1491.103929047546,18.157839882137978,0.021739130434782594,-0.2,0.10000000000000003,-0.004323704354768365,1.156460502143294,0.5178571428571429,-40.80000000000001,1.3999999999999995,0,0,0,0,0,0,0,0,0,0,0,0,0,0,1,0,0,0,0,1,0,0,0,0,0,0,0,0,0,0,0,0,0,0,0,0,0,0,0,0,0,0,0,0,0,0,0,0,1,0,0,0,0,0,0,0,0,0,0,0,0,0,0,0,0,0,0,0,0,0,0,0
2017,1,0,0.5362318840579711,0.4264705882352941,0.8,0.4,0.7,0.3,168.6,173.0,6.8,7.4,1.2730373310182315,1.2738035580055125,5.826086956521739,5.8161764705882355,0.6545454545454545,0.16666666666666666,0.6111111111111112,1577.311424457081,1435.069305733291,142.2421187237901,0.10976129582267696,0.4,0.39999999999999997,-0.0007662269872810157,0.009910485933503743,0.4878787878787879,-4.400000000000006,-0.6000000000000005,1,0,0,0,0,0,0,1,0,0,0,0,0,0,0,0,0,0,1,0,0,0,0,0,0,0,0,0,0,0,0,0,0,0,0,0,0,0,0,0,0,1,0,0,0,0,0,0,0,0,0,0,0,0,0,0,0,0,0,0,0,0,0,0,0,0,0,0,0,0,0,0
2017,1,0,0.460431654676259,0.5441176470588235,0.2,0.4,0.3,0.7,169.4,167.8,4.6,6.2,1.307706233781908,1.2779975278121136,5.589928057553957,5.9411764705882355,0.2857142857142857,1.0,0.2222222222222222,1444.482308568859,1556.9232873325457,-112.44097876368664,-0.08368599238256447,-0.2,-0.39999999999999997,0.02970870596979447,-0.3512484130342788,-0.7142857142857143,1.5999999999999943,-1.6000000000000005,0,0,0,0,0,0,0,0,0,0,0,1,0,0,0,0,0,0,0,0,0,0,0,0,0,0,0,0,0,0,1,0,0,0,0,0,0,0,0,0,0,0,0,0,0,0,0,0,0,0,0,0,0,0,0,0,0,1,0,0,0,0,0,0,0,0,0,0,0,0,0,0
2017,0,0,0.4090909090909091,0.4965034965034965,0.6,0.2,0.6,0.3,170.6,134.4,5.2,6.8,1.3252160251374705,1.3328136243703526,5.363636363636363,5.8321678321678325,0.25,1.0,0.3333333333333333,1486.3307171596882,1498.7396195937258,-12.4089024340376,-0.0874125874125874,0.39999999999999997,0.3,-0.007597599232882057,-0.4685314685314692,-0.75,36.19999999999999,-1.5999999999999996,1,0,0,0,0,0,0,0,0,0,0,0,0,1,0,0,0,0,0,0,0,0,0,0,0,0,0,0,0,1,0,0,0,0,0,0,0,0,0,0,0,0,0,0,0,0,0,0,0,0,0,1,0,0,0,0,0,0,0,0,0,0,0,0,0,0,0,0,0,0,0,0
2017,1,0,0.45714285714285713,0.4233576642335766,0.2,0.2,0.3,0.3,171.6,164.0,4.8,6.0,1.3090702132758207,1.274089270172821,5.571428571428571,5.795620437956204,0.25,0.0,0.5263157894736842,1437.6101738526402,1428.9489854703952,8.661188382244973,0.033785192909280504,0.0,0.0,0.034980943102999706,-0.224191866527633,0.25,7.599999999999994,-1.2000000000000002,1,0,0,0,0,0,0,0,0,0,0,1,0,0,0,0,0,0,1,0,0,0,0,0,0,0,0,0,0,0,0,0,0,0,0,0,0,0,0,0,0,0,0,0,0,0,0,0,0,0,0,0,0,0,0,0,0,1,0,0,0,0,0,0,0,0,0,0,0,0,0,0
2017,0,0,0.5507246376811594,0.539568345323741,0.6,0.8,0.7,0.7,177.6,166.4,6.8,6.8,1.284218217243059,1.2751926040061634,5.9855072463768115,5.827338129496403,0.6538461538461539,0.8,0.3,1563.7954220487645,1583.431744719977,-19.636322671212383,0.01115629235741844,-0.20000000000000007,0.0,0.009025613236895547,0.15816911688040847,-0.1461538461538462,11.199999999999989,0.0,1,0,0,0,0,0,0,0,0,0,0,0,0,0,0,1,0,0,0,0,0,0,1,0,0,0,0,0,0,0,0,0,0,0,0,0,0,0,0,0,0,0,0,0,0,0,0,0,0,0,0,0,0,0,0,0,0,0,0,1,0,0,0,0,0,0,0,0,0,0,0,0
2017,0,1,0.581081081081081,0.4930555555555556,0.8,0.2,0.7,0.2,164.0,125.2,5.2,6.2,1.2923904516418245,1.3288486724610074,6.0,5.8125,0.66,0.42857142857142855,0.6,1591.4423011071663,1488.3826144586085,103.05968664855777,0.08802552552552545,0.6000000000000001,0.49999999999999994,-0.03645822081918282,0.1875,0.23142857142857148,38.8,-1.0,1,0,0,0,0,0,0,0,0,1,0,0,0,0,0,0,0,0,0,0,0,0,0,0,0,0,0,0,0,1,0,0,0,0,0,0,0,0,0,0,0,0,0,0,0,0,0,0,0,0,0,0,0,0,0,0,0,0,0,0,0,0,0,0,0,0,0,0,0,0,1,0
2017,1,0,0.43478260869565216,0.5,0.8,0.4,0.6,0.3,167.8,170.6,6.4,5.6,1.3229674035219183,1.3445586671393124,5.521739130434782,4.916666666666667,0.3333333333333333,1.0,0.0,1496.6877222948056,1501.6260783835041,-4.938356088698583,-0.06521739130434784,0.4,0.3,-0.021591263617394052,0.6050724637681153,-0.6666666666666667,-2.799999999999983,0.8000000000000007,1,0,0,0,0,0,0,0,0,0,0,0,0,1,0,0,0,0,0,1,0,0,0,0,0,0,0,0,0,0,0,0,0,0,0,0,0,0,0,0,0,0,0,0,0,0,0,0,0,0,0,1,0,0,0,0,0,0,0,0,0,0,0,0,0,0,0,0,0,0,0,0
2017,1,0,0.42028985507246375,0.5571428571428572,0.0,0.8,0.3,0.7,139.8,188.4,4.2,7.0,1.269729529455354,1.2900323857502698,5.753623188405797,6.0,0.4,0.8,0.3333333333333333,1419.1982228836896,1574.359999836935,-155.1617769532454,-0.13685300207039341,-0.8,-0.39999999999999997,-0.020302856294915905,-0.2463768115942031,-0.4,-48.599999999999994,-2.8,1,0,0,1,0,0,0,0,0,0,0,0,0,0,0,0,0,0,0,0,0,0,0,0,0,0,0,0,0,0,1,0,0,0,0,0,0,0,0,0,0,0,1,0,0,0,0,0,0,0,0,0,0,0,0,0,0,0,0,0,0,0,0,0,0,0,0,0,0,0,0,0
2017,0,0,0.5357142857142857,0.4583333333333333,0.6,0.8,0.7,0.6,164.8,169.0,6.0,6.6,1.275524561081544,1.3244985673352436,5.807142857142857,5.708333333333333,0.6607142857142857,0.0,1.0,1572.8671669318064,1506.8298500374926,66.03731689431379,0.07738095238095238,-0.20000000000000007,0.09999999999999998,-0.04897400625369963,0.0988095238095239,0.6607142857142857,-4.199999999999989,-0.5999999999999996,0,0,0,0,0,0,0,1,0,0,0,0,0,0,0,0,0,0,0,0,0,0,0,0,0,0,0,0,1,0,0,0,0,0,0,0,0,0,0,0,0,1,0,0,0,0,0,0,0,0,0,0,0,0,0,0,0,0,0,0,0,0,0,0,0,0,0,0,0,0,0,0
2017,1,0,0.4244604316546763,0.48,0.2,0.4,0.3,0.3,144.0,167.6,3.6,5.8,1.2722089387529887,1.3439836845683208,5.733812949640288,4.92,0.4117647058823529,0.5,0.5,1433.389154728633,1491.483950640817,-58.094795912184054,-0.0555395683453237,-0.2,0.0,-0.07177474581533216,0.8138129496402877,-0.08823529411764708,-23.599999999999994,-2.1999999999999997,1,0,0,1,0,0,0,0,0,0,0,0,0,0,0,0,0,0,0,1,0,0,0,0,0,0,0,0,0,0,0,0,0,0,0,0,0,0,0,0,0,0,1,0,0,0,0,0,0,0,0,0,0,0,0,0,0,0,0,0,0,0,0,0,0,0,0,0,0,0,0,0
2017,1,0,0.4896551724137931,0.46099290780141844,0.2,0.4,0.2,0.4,130.8,157.8,5.8,5.6,1.3288416075650118,1.3093005196822174,5.813793103448276,5.602836879432624,0.5087719298245614,0.4444444444444444,0.42105263157894735,1481.2648668187726,1447.3609364393458,33.90393037942681,0.028662264612374644,-0.2,-0.2,0.019541087882794406,0.21095622401565173,0.06432748538011701,-27.0,0.20000000000000018,0,0,0,0,0,0,0,0,0,0,0,0,0,0,1,0,0,0,0,0,0,0,0,0,0,0,1,0,0,0,0,0,0,0,0,0,0,0,0,0,0,0,0,0,0,0,0,0,1,0,0,0,0,0,0,0,0,0,0,0,0,0,0,0,0,0,0,0,0,0,0,0
2017,1,0,0.5492957746478874,0.48,0.6,0.8,0.6,0.6,193.6,164.8,5.8,7.6,1.293144208037825,1.325085910652921,5.971830985915493,5.8,0.6666666666666666,1.0,0.3333333333333333,1560.1690679919916,1518.707993942785,41.46107404920667,0.06929577464788739,-0.20000000000000007,0.0,-0.03194170261509588,0.17183098591549317,-0.33333333333333337,28.799999999999983,-1.7999999999999998,0,0,0,0,0,0,0,0,0,0,0,0,0,0,0,1,0,0,0,0,0,0,0,0,0,0,0,0,1,0,0,0,0,0,0,0,0,0,0,0,0,0,0,0,0,0,0,0,0,0,0,0,0,0,0,0,0,0,0,1,0,0,0,0,0,0,0,0,0,0,0,0
2017,1,0,0.42857142857142855,0.5838926174496645,0.4,0.8,0.4,0.7,151.6,168.0,4.2,5.8,1.2767188356372936,1.292726362068006,5.742857142857143,6.0134228187919465,0.4230769230769231,0.25,0.47368421052631576,1445.0458461078433,1598.5600487470022,-153.51420263915884,-0.15532118887823593,-0.4,-0.29999999999999993,-0.01600752643071246,-0.27056567593480363,0.17307692307692307,-16.400000000000006,-1.5999999999999996,0,0,0,1,0,0,0,0,0,0,0,0,0,0,0,0,0,0,0,0,0,0,0,0,1,0,0,0,0,0,0,0,0,0,0,0,0,0,0,0,0,0,1,0,0,0,0,0,0,0,0,0,0,0,0,0,0,0,0,0,0,0,0,0,0,0,0,0,0,0,0,0
2017,0,0,0.4863013698630137,0.5319148936170213,0.0,0.6,0.2,0.6,112.0,158.4,5.8,6.0,1.3267007102189352,1.2756421934778648,5.821917808219178,5.808510638297872,0.5,0.5,0.47368421052631576,1470.2921189692984,1560.9890230265141,-90.69690405721576,-0.04561352375400757,-0.6,-0.39999999999999997,0.051058516741070425,0.013407169921305417,0.0,-46.400000000000006,-0.20000000000000018,0,0,0,0,0,0,0,0,0,0,0,0,0,0,1,0,0,0,0,0,0,0,1,0,0,0,0,0,0,0,0,0,0,0,0,0,0,0,0,0,0,0,0,0,0,0,0,0,1,0,0,0,0,0,0,0,0,0,0,0,0,0,0,0,0,0,0,0,0,0,0,0
2017,0,0,0.4647887323943662,0.46153846153846156,0.6,0.4,0.5,0.3,154.6,170.8,6.4,6.0,1.3079340607210626,1.3574690150032616,5.633802816901408,4.846153846153846,0.3333333333333333,1.0,0.6666666666666666,1458.33368428882,1479.8272592616067,-21.493574972786746,0.0032502708559046245,0.19999999999999996,0.2,-0.049534954282199006,0.7876489707475622,-0.6666666666666667,-16.200000000000017,0.40000000000000036,0,0,0,0,0,0,0,0,0,0,0,1,0,0,0,0,0,0,0,1,0,0,0,0,0,0,0,0,0,0,0,0,0,0,0,0,0,0,0,0,0,0,0,0,0,0,0,0,0,0,0,0,0,0,0,0,0,1,0,0,0,0,0,0,0,0,0,0,0,0,0,0
2017,0,1,0.5416666666666666,0.5866666666666667,0.4,0.8,0.5,0.8,182.6,175.0,6.4,7.0,1.2906082498252156,1.2952975631320107,6.0,6.04,0.6428571428571429,0.6666666666666666,0.4444444444444444,1548.98135497858,1604.4082864722784,-55.426931493698476,-0.04500000000000004,-0.4,-0.30000000000000004,-0.004689313306795118,-0.040000000000000036,-0.023809523809523725,7.599999999999994,-0.5999999999999996,1,0,0,0,0,0,0,0,0,0,0,0,0,0,0,1,0,0,0,0,0,0,0,0,1,0,0,0,0,0,0,0,0,0,0,0,0,0,0,0,0,0,0,0,0,0,0,0,0,0,0,0,0,0,0,0,0,0,0,1,0,0,0,0,0,0,0,0,0,0,0,0
2017,0,0,0.46153846153846156,0.5352112676056338,0.6,0.6,0.4,0.7,152.8,164.0,6.8,5.2,1.3095896862306469,1.2780025360787393,5.6223776223776225,5.809859154929577,0.3,1.0,0.3,1448.951531121218,1568.436280412608,-119.48474929139002,-0.07367280606717219,0.0,-0.29999999999999993,0.031587150151907606,-0.18748153255195454,-0.7,-11.199999999999989,1.5999999999999996,1,0,0,0,0,0,0,0,0,0,0,1,0,0,0,0,0,0,0,0,0,0,1,0,0,0,0,0,0,0,0,0,0,0,0,0,0,0,0,0,0,0,0,0,0,0,0,0,0,0,0,0,0,0,0,0,0,1,0,0,0,0,0,0,0,0,0,0,0,0,0,0
2017,0,0,0.48148148148148145,0.425531914893617,0.4,0.4,0.4,0.4,171.6,139.2,5.6,3.2,1.3661750862880453,1.2742971400872516,4.777777777777778,5.723404255319149,1.0,0.5,0.3333333333333333,1489.2094124292087,1439.197608382567,50.0118040466416,0.05594956658786443,0.0,0.0,0.0918779462007937,-0.9456264775413716,0.5,32.400000000000006,2.3999999999999995,0,0,0,0,1,0,0,0,0,0,0,0,0,0,0,0,0,0,1,0,0,0,0,0,0,0,0,0,0,0,0,0,0,0,0,0,0,0,0,0,0,0,0,1,0,0,0,0,0,0,0,0,0,0,0,0,0,0,0,0,0,0,0,0,0,0,0,0,0,0,0,0
2017,1,0,0.5827814569536424,0.4652777777777778,0.6,0.6,0.8,0.4,162.8,148.6,6.8,6.6,1.2939142841464084,1.3097060714077018,6.0198675496688745,5.625,0.6666666666666666,0.5,0.5263157894736842,1592.8263685306567,1462.2611203916301,130.5652481390266,0.11750367917586457,0.0,0.4,-0.015791787261293377,0.3948675496688745,0.16666666666666663,14.200000000000017,0.20000000000000018,0,0,0,0,0,0,0,0,0,1,0,0,0,0,0,0,0,0,0,0,0,0,0,0,0,0,1,0,0,0,0,0,0,0,0,0,0,0,0,0,0,0,0,0,0,0,0,0,0,0,0,0,0,0,0,0,0,0,0,0,0,0,0,0,0,0,0,0,0,0,1,0
2017,1,1,0.4295774647887324,0.5,0.6,0.8,0.4,0.7,146.6,162.4,3.6,7.8,1.2770258076159537,1.3197099538562953,5.71830985915493,5.923076923076923,0.41509433962264153,1.0,0.3333333333333333,1450.627203536555,1529.8957069561966,-79.26850341964155,-0.07042253521126762,-0.20000000000000007,-0.29999999999999993,-0.04268414624034156,-0.2047670639219934,-0.5849056603773585,-15.800000000000011,-4.199999999999999,1,0,0,1,0,0,0,0,0,0,0,0,0,0,0,0,0,0,0,0,0,0,0,0,0,0,0,0,1,0,0,0,0,0,0,0,0,0,0,0,0,0,1,0,0,0,0,0,0,0,0,0,0,0,0,0,0,0,0,0,0,0,0,0,0,0,0,0,0,0,0,0
2017,0,0,0.4642857142857143,0.547945205479452,0.4,0.6,0.4,0.5,178.2,175.4,5.8,7.0,1.373905164602839,1.2900851161720728,4.892857142857143,6.013698630136986,0.6666666666666666,0.5,0.0,1477.7798172752207,1560.5632729202016,-82.7834556449809,-0.08365949119373772,-0.19999999999999996,-0.09999999999999998,0.08382004843076629,-1.1208414872798427,0.16666666666666663,2.799999999999983,-1.2000000000000002,0,0,0,0,1,0,0,0,0,0,0,0,0,0,0,0,0,0,0,0,0,0,0,0,0,0,0,0,0,0,1,0,0,0,0,0,0,0,0,0,0,0,0,1,0,0,0,0,0,0,0,0,0,0,0,0,0,0,0,0,0,0,0,0,0,0,0,0,0,0,0,0
2017,1,0,0.5314685314685315,0.5789473684210527,0.4,0.4,0.6,0.7,157.8,179.0,5.4,6.0,1.2778277288257507,1.2971824077606409,5.811188811188811,6.0,0.6491228070175439,0.8,0.2631578947368421,1555.126691142196,1579.2358501046713,-24.10915896247525,-0.0474788369525212,0.0,-0.09999999999999998,-0.01935467893489018,-0.1888111888111892,-0.15087719298245617,-21.19999999999999,-0.5999999999999996,0,0,0,0,0,0,0,1,0,0,0,0,0,0,0,0,0,0,0,0,0,0,0,0,1,0,0,0,0,0,0,0,0,0,0,0,0,0,0,0,0,1,0,0,0,0,0,0,0,0,0,0,0,0,0,0,0,0,0,0,0,0,0,0,0,0,0,0,0,0,0,0
2017,1,0,0.48148148148148145,0.4689655172413793,0.8,0.8,0.7,0.5,158.2,158.4,8.8,7.2,1.3184552073440963,1.3132467231179679,6.0,5.627586206896551,0.4,0.0,0.3333333333333333,1517.652956240657,1475.8516388176156,41.80131742304138,0.012515964240102151,0.0,0.19999999999999996,0.005208484226128407,0.3724137931034486,0.4,-0.20000000000001705,1.6000000000000005,1,0,0,0,0,0,0,0,0,0,0,0,0,1,0,0,0,0,0,0,0,0,0,0,0,0,1,0,0,0,0,0,0,0,0,0,0,0,0,0,0,0,0,0,0,0,0,0,0,0,0,1,0,0,0,0,0,0,0,0,0,0,0,0,0,0,0,0,0,0,0,0
2017,0,1,0.43356643356643354,0.48299319727891155,0.8,0.0,0.4,0.1,166.8,133.8,5.0,4.6,1.277601958559742,1.3264759018590826,5.7272727272727275,5.809523809523809,0.42592592592592593,0.6666666666666666,0.375,1462.8699542520947,1462.8448615832044,0.0250926688902382,-0.049426763712478006,0.8,0.30000000000000004,-0.04887394329934058,-0.0822510822510818,-0.2407407407407407,33.0,0.40000000000000036,0,0,0,1,0,0,0,0,0,0,0,0,0,0,0,0,0,0,0,0,0,0,0,0,0,0,0,0,0,1,0,0,0,0,0,0,0,0,0,0,0,0,1,0,0,0,0,0,0,0,0,0,0,0,0,0,0,0,0,0,0,0,0,0,0,0,0,0,0,0,0,0
2017,1,0,0.5816993464052288,0.5,0.6,0.8,0.7,0.8,182.2,142.4,6.4,9.0,1.297769838692216,1.3128094059405941,6.0130718954248366,6.142857142857143,0.6538461538461539,1.0,0.25,1588.5430443749117,1526.4555895077033,62.08745486720841,0.0816993464052288,-0.20000000000000007,-0.10000000000000009,-0.015039567248378072,-0.12978524743230668,-0.34615384615384615,39.79999999999998,-2.5999999999999996,0,0,0,0,0,0,0,0,0,1,0,0,0,0,0,0,0,0,0,0,0,0,0,0,0,0,0,0,1,0,0,0,0,0,0,0,0,0,0,0,0,0,0,0,0,0,0,0,0,0,0,0,0,0,0,0,0,0,0,0,0,0,0,0,0,0,0,0,0,0,1,0
2017,0,0,0.5540540540540541,0.5277777777777778,0.6,0.2,0.6,0.5,165.6,158.4,7.2,5.2,1.2919127669241255,1.278081865778201,6.0675675675675675,5.805555555555555,0.4,0.5555555555555556,0.36363636363636365,1568.2246632208078,1545.8194968719556,22.405166348852163,0.026276276276276267,0.39999999999999997,0.09999999999999998,0.013830901145924557,0.2620120120120122,-0.15555555555555556,7.199999999999989,2.0,0,0,0,0,0,0,0,0,0,0,0,0,0,0,0,1,0,0,0,0,0,0,1,0,0,0,0,0,0,0,0,0,0,0,0,0,0,0,0,0,0,0,0,0,0,0,0,0,1,0,0,0,0,0,0,0,0,0,0,0,0,0,0,0,0,0,0,0,0,0,0,0
2017,1,0,0.577922077922078,0.5310344827586206,0.4,0.4,0.6,0.5,177.6,135.8,5.6,6.0,1.2965431966023333,1.2782758415959152,6.0,5.813793103448276,0.7777777777777778,0.6,0.75,1576.7748063787126,1556.4634769584295,20.311329420283073,0.04688759516345731,0.0,0.09999999999999998,0.018267355006418073,0.18620689655172384,0.1777777777777778,41.79999999999998,-0.40000000000000036,1,0,0,0,0,0,0,0,0,1,0,0,0,0,0,0,0,0,0,0,0,0,1,0,0,0,0,0,0,0,0,0,0,0,0,0,0,0,0,0,0,0,0,0,0,0,0,0,1,0,0,0,0,0,0,0,0,0,0,0,0,0,0,0,0,0,0,0,0,0,0,0
2017,1,1,0.5806451612903226,0.5172413793103449,0.4,0.8,0.6,0.8,157.4,141.4,5.6,8.8,1.296169484271346,1.3121834971700923,6.025806451612903,6.241379310344827,0.5714285714285714,1.0,0.2,1586.1908644101334,1538.2238275039024,47.96703690623099,0.06340378197997776,-0.4,-0.20000000000000007,-0.016014012898746266,-0.21557285873192455,-0.4285714285714286,16.0,-3.200000000000001,1,0,0,0,0,0,0,0,0,1,0,0,0,0,0,0,0,0,0,0,0,0,0,0,0,0,0,0,1,0,0,0,0,0,0,0,0,0,0,0,0,0,0,0,0,0,0,0,0,0,0,0,0,0,0,0,0,0,0,1,0,0,0,0,0,0,0,0,0,0,0,0
2018,0,0,0.5833333333333334,0.6076923076923076,0.6,0.4,0.6,0.4,155.6,143.2,6.2,6.0,1.2944146250730721,1.3285961206068753,6.0256410256410255,6.2384615384615385,0.6415094339622641,0.4,0.5454545454545454,1594.818967457932,1584.840420726606,9.978546731326105,-0.024358974358974272,0.19999999999999996,0.19999999999999996,-0.03418149553380312,-0.21282051282051295,0.2415094339622641,12.400000000000006,0.20000000000000018,0,0,0,0,0,0,0,0,0,1,0,0,0,0,0,0,1,0,0,0,0,0,0,0,0,0,0,0,0,0,0,0,0,0,0,0,0,0,0,0,0,0,0,0,0,0,0,0,0,0,0,0,0,0,0,0,0,0,0,0,0,0,0,0,0,0,0,0,0,0,1,0
2018,0,0,0.4305555555555556,0.4657534246575342,0.6,0.6,0.4,0.5,159.2,159.4,5.6,5.4,1.277313415140198,1.3100346020761247,5.729166666666667,5.595890410958904,0.0,0.36363636363636365,0.45,1452.8692320270293,1467.0490055505693,-14.179773523540007,-0.03519786910197864,0.0,-0.09999999999999998,-0.03272118693592674,0.13327625570776291,-0.36363636363636365,-0.20000000000001705,0.1999999999999993,0,0,0,1,0,0,0,0,0,0,0,0,0,0,0,0,0,0,0,0,0,0,0,0,0,0,1,0,0,0,0,0,0,0,0,0,0,0,0,0,0,0,0,0,0,0,0,0,0,0,0,0,0,0,0,0,0,1,0,0,0,0,0,0,0,0,0,0,0,0,0,0
2018,0,0,0.4864864864864865,0.5273972602739726,0.2,0.4,0.2,0.5,139.2,126.2,6.0,5.6,1.3260441976165682,1.2758417359514123,5.837837837837838,5.801369863013699,0.375,0.6379310344827587,0.45,1472.8455838082698,1547.0474189270087,-74.20183511873893,-0.04091077378748609,-0.2,-0.3,0.05020246166515596,0.03646797482413877,-0.2629310344827587,12.999999999999986,0.40000000000000036,0,0,0,0,0,0,0,0,0,0,0,0,0,0,1,0,0,0,0,0,0,0,1,0,0,0,0,0,0,0,0,0,0,0,0,0,0,0,0,0,0,1,0,0,0,0,0,0,0,0,0,0,0,0,0,0,0,0,0,0,0,0,0,0,0,0,0,0,0,0,0,0
2018,0,0,0.5350877192982456,0.5466666666666666,0.4,0.4,0.5,0.6,167.2,149.4,5.8,6.4,1.2698706099815158,1.2885951153932333,5.87719298245614,6.026666666666666,0.5,0.6551724137931034,0.5714285714285714,1525.7606819757589,1557.5806831343339,-31.820001158574996,-0.011578947368421022,0.0,-0.09999999999999998,-0.01872450541171755,-0.14947368421052598,-0.15517241379310343,17.799999999999983,-0.6000000000000005,0,0,0,0,0,0,0,0,0,0,0,0,1,0,0,0,0,0,0,0,0,0,0,0,0,0,0,0,0,0,1,0,0,0,0,0,0,0,0,0,0,0,0,0,0,0,0,0,0,0,0,0,0,0,0,0,0,0,0,1,0,0,0,0,0,0,0,0,0,0,0,0
2018,0,0,0.5306122448979592,0.6106870229007634,0.4,0.6,0.5,0.5,129.8,153.2,5.8,6.0,1.2770167427701675,1.328866306764052,5.809523809523809,6.221374045801527,0.2857142857142857,0.717391304347826,0.375,1554.9436080471135,1595.1275474453696,-40.18393939825614,-0.08007477800280416,-0.19999999999999996,0.0,-0.05184956399388452,-0.41185023627771766,-0.43167701863354035,-23.399999999999977,-0.20000000000000018,0,0,0,0,0,0,0,1,0,0,0,0,0,0,0,0,1,0,0,0,0,0,0,0,0,0,0,0,0,0,0,0,0,0,0,0,0,0,0,0,0,0,0,0,0,0,0,0,0,1,0,0,0,0,0,0,0,0,0,0,0,0,0,0,0,0,0,0,0,0,0,0
2018,0,0,0.5304347826086957,0.42758620689655175,0.2,0.4,0.4,0.4,154.4,149.6,4.6,5.0,1.2673992673992673,1.2777614311775436,5.834782608695652,5.7172413793103445,0.7272727272727273,0.25,0.625,1516.6739831056877,1443.277132265125,73.39685084056282,0.10284857571214395,-0.2,0.0,-0.010362163778276257,0.11754122938530731,0.4772727272727273,4.800000000000011,-0.40000000000000036,1,0,0,0,0,0,0,0,0,0,0,0,1,0,0,0,0,0,1,0,0,0,0,0,0,0,0,0,0,0,0,0,0,0,0,0,0,0,0,0,0,0,0,0,0,0,0,0,0,0,0,0,0,0,0,0,0,0,0,0,0,0,1,0,0,0,0,0,0,0,0,0
2018,0,0,0.5796178343949044,0.5526315789473685,0.6,0.6,0.5,0.6,144.0,137.8,7.4,7.4,1.2947885316014573,1.2883890981608686,6.044585987261146,6.065789473684211,0.625,0.6666666666666666,0.5,1584.5318407391685,1566.667382004405,17.864458734763502,0.026986255447535967,0.0,-0.09999999999999998,0.006399433440588798,-0.021203486423064355,-0.04166666666666663,6.199999999999989,0.0,0,0,0,0,0,0,0,0,0,1,0,0,0,0,0,0,0,0,0,0,0,0,0,0,0,0,0,0,0,0,1,0,0,0,0,0,0,0,0,0,0,0,0,0,0,0,0,0,0,0,0,0,0,0,0,0,0,0,0,1,0,0,0,0,0,0,0,0,0,0,0,0
2018,0,0,0.46938775510204084,0.48322147651006714,0.6,0.2,0.6,0.2,165.2,155.2,4.8,6.6,1.3110461785264123,1.3269374389613373,5.605442176870748,5.8389261744966445,0.5,0.4915254237288136,0.6,1476.6411053124737,1464.949394688165,11.691710624308598,-0.0138337214080263,0.39999999999999997,0.39999999999999997,-0.01589126043492506,-0.23348399762589622,0.008474576271186418,10.0,-1.7999999999999998,0,0,0,0,0,0,0,0,0,0,0,1,0,0,0,0,0,0,0,0,0,0,0,0,0,0,0,0,0,1,0,0,0,0,0,0,0,0,0,0,0,0,0,0,0,0,0,0,1,0,0,0,0,0,0,0,0,0,0,0,0,0,0,0,0,0,0,0,0,0,0,0
2018,0,0,0.5759493670886076,0.4246575342465753,0.4,0.4,0.5,0.4,138.8,148.4,7.6,5.4,1.294077532392593,1.278508514386377,6.063291139240507,5.712328767123288,0.6296296296296297,0.14285714285714285,0.55,1574.0181129385026,1435.3587885540203,138.65932438448226,0.15129183284203224,0.0,0.09999999999999998,0.015569018006216018,0.3509623721172188,0.4867724867724868,-9.599999999999994,2.1999999999999993,0,0,0,0,0,0,0,0,0,1,0,0,0,0,0,0,0,0,1,0,0,0,0,0,0,0,0,0,0,0,0,0,0,0,0,0,0,0,0,0,0,0,0,0,0,0,0,0,0,0,0,0,0,0,0,0,0,0,0,0,0,0,0,0,0,0,0,0,0,0,1,0
2018,0,0,0.527027027027027,0.5584415584415584,0.4,0.8,0.4,0.6,139.6,140.8,5.6,7.4,1.2796280151118862,1.2878539411829015,5.804054054054054,6.090909090909091,0.6440677966101694,0.0,0.6666666666666666,1546.0950650484633,1577.181109805071,-31.086044756607635,-0.03141453141453143,-0.4,-0.19999999999999996,-0.008225926071015355,-0.28685503685503644,0.6440677966101694,-1.200000000000017,-1.8000000000000007,0,0,0,0,0,0,0,1,0,0,0,0,0,0,0,0,0,0,0,0,0,0,0,0,0,0,0,0,0,0,1,0,0,0,0,0,0,0,0,0,0,1,0,0,0,0,0,0,0,0,0,0,0,0,0,0,0,0,0,0,0,0,0,0,0,0,0,0,0,0,0,0
2018,0,0,0.5344827586206896,0.4866666666666667,0.4,0.4,0.4,0.3,146.2,154.6,4.6,7.4,1.268478813867287,1.3270756062767475,5.818965517241379,5.866666666666666,0.6,0.5,0.4666666666666667,1524.5923268167924,1475.2857822028764,49.306544613916,0.04781609195402292,0.0,0.10000000000000003,-0.058596792409460585,-0.04770114942528725,0.09999999999999998,-8.400000000000006,-2.8000000000000007,1,0,0,0,0,0,0,0,0,0,0,0,1,0,0,0,0,0,0,0,0,0,0,0,0,0,0,0,0,1,0,0,0,0,0,0,0,0,0,0,0,0,0,0,0,0,0,0,1,0,0,0,0,0,0,0,0,0,0,0,0,0,0,0,0,0,0,0,0,0,0,0
2018,0,0,0.46621621621621623,0.6136363636363636,0.6,0.6,0.6,0.6,158.4,167.4,5.2,5.8,1.3109884481875604,1.3314847491807411,5.608108108108108,6.21969696969697,0.4166666666666667,0.5,0.375,1466.3047177977624,1603.97609044402,-137.67137264625762,-0.14742014742014742,0.0,0.0,-0.02049630099318067,-0.6115888615888618,-0.08333333333333331,-9.0,-0.5999999999999996,1,0,0,0,0,0,0,0,0,0,0,1,0,0,0,0,1,0,0,0,0,0,0,0,0,0,0,0,0,0,0,0,0,0,0,0,0,0,0,0,0,0,0,0,0,0,0,0,0,0,0,0,0,0,0,0,0,1,0,0,0,0,0,0,0,0,0,0,0,0,0,0
2018,0,0,0.5234899328859061,0.42857142857142855,0.4,0.4,0.3,0.5,134.4,148.0,5.6,5.8,1.2785087719298245,1.2808582589936446,5.798657718120805,5.72108843537415,0.6333333333333333,0.14285714285714285,0.631578947368421,1536.9874134109957,1449.1505201396276,87.83689327136813,0.09491850431447751,0.0,-0.2,-0.0023494870638200993,0.07756928274665498,0.49047619047619045,-13.599999999999994,-0.20000000000000018,1,0,0,0,0,0,0,1,0,0,0,0,0,0,0,0,0,0,1,0,0,0,0,0,0,0,0,0,0,0,0,0,0,0,0,0,0,0,0,0,0,1,0,0,0,0,0,0,0,0,0,0,0,0,0,0,0,0,0,0,0,0,0,0,0,0,0,0,0,0,0,0
2018,0,0,0.5723270440251572,0.48344370860927155,0.4,0.4,0.4,0.2,149.2,170.4,7.4,6.8,1.2957577652699603,1.3290457842248413,6.044025157232705,5.854304635761589,0.6181818181818182,0.375,0.6190476190476191,1560.2263813528953,1466.6954874732758,93.5308938796195,0.08888333541588567,0.0,0.2,-0.03328801895488098,0.1897205214711155,0.24318181818181817,-21.200000000000017,0.6000000000000005,1,0,0,0,0,0,0,0,0,1,0,0,0,0,0,0,0,0,0,0,0,0,0,0,0,0,0,0,0,1,0,0,0,0,0,0,0,0,0,0,0,0,0,0,0,0,0,0,0,0,0,0,0,0,0,0,0,0,0,0,0,0,0,0,0,0,0,0,0,0,1,0
2018,0,0,0.5384615384615384,0.5266666666666666,0.6,0.4,0.4,0.4,160.6,164.8,4.8,6.2,1.2724130481745517,1.281031518624642,5.82051282051282,5.826666666666667,0.7352941176470589,0.25,0.5384615384615384,1533.182621546393,1544.5117845961702,-11.329163049777208,0.01179487179487182,0.19999999999999996,0.0,-0.008618470450090232,-0.0061538461538468425,0.4852941176470589,-4.200000000000017,-1.4000000000000004,0,0,0,0,0,0,0,0,0,0,0,0,1,0,0,0,0,0,0,0,0,0,1,0,0,0,0,0,0,0,0,0,0,0,0,0,0,0,0,0,0,0,0,0,0,0,0,0,0,0,0,0,0,0,0,0,0,0,0,0,0,0,1,0,0,0,0,0,0,0,0,0
2018,1,1,0.4697986577181208,0.5641025641025641,0.6,0.8,0.6,0.7,164.4,140.6,5.0,7.6,1.313157002373686,1.286315562270667,5.604026845637584,6.115384615384615,0.46153846153846156,1.0,0.2,1480.072075874831,1586.2887614425385,-106.2166855677076,-0.0943039063844433,-0.20000000000000007,-0.09999999999999998,0.026841440103019032,-0.5113577697470308,-0.5384615384615384,23.80000000000001,-2.5999999999999996,1,0,0,0,0,0,0,0,0,0,0,1,0,0,0,0,0,0,0,0,0,0,0,0,0,0,0,0,0,0,1,0,0,0,0,0,0,0,0,0,0,0,0,0,0,0,0,0,0,0,0,0,0,0,0,0,0,1,0,0,0,0,0,0,0,0,0,0,0,0,0,0
2018,0,0,0.6090225563909775,0.5338983050847458,0.6,0.4,0.5,0.4,173.6,152.8,6.0,3.6,1.332812402325436,1.2725715509242739,6.225563909774436,5.796610169491525,0.5,0.5,0.6470588235294118,1590.2087323669514,1523.5085855488344,66.70014681811699,0.07512425130623168,0.19999999999999996,0.09999999999999998,0.06024085140116209,0.42895374028291133,0.0,20.799999999999983,2.4,1,1,0,0,0,0,0,0,0,0,0,0,0,0,0,0,0,0,0,0,0,0,0,0,0,0,0,1,0,0,0,0,0,0,0,0,0,0,0,0,0,0,0,0,0,0,0,0,0,0,0,1,0,0,0,0,0,0,0,0,0,0,0,0,0,0,0,0,0,0,0,0
2018,0,0,0.5298013245033113,0.47333333333333333,0.6,0.6,0.5,0.7,176.0,157.0,7.0,4.8,1.2819242812411045,1.3149239490374363,5.841059602649007,5.6,0.639344262295082,0.2222222222222222,0.6666666666666666,1554.1858205937287,1493.0374254905748,61.148395103153916,0.05646799116997797,0.0,-0.19999999999999996,-0.03299966779633179,0.24105960264900705,0.4171220400728598,19.0,2.2,0,0,0,0,0,0,0,1,0,0,0,0,0,0,0,0,0,0,0,0,0,0,0,0,0,0,1,0,0,0,0,0,0,0,0,0,0,0,0,0,0,1,0,0,0,0,0,0,0,0,0,0,0,0,0,0,0,0,0,0,0,0,0,0,0,0,0,0,0,0,0,0
2018,0,0,0.42567567567567566,0.48026315789473684,0.2,0.4,0.5,0.2,140.2,172.2,6.2,7.2,1.2815798631249276,1.3291694800810263,5.743243243243243,5.855263157894737,0.5,0.4918032786885246,0.35294117647058826,1441.6261489544531,1459.3243233135076,-17.69817435905452,-0.05458748221906118,-0.2,0.3,-0.04758961695609876,-0.11201991465149419,0.008196721311475419,-32.0,-1.0,0,0,0,1,0,0,0,0,0,0,0,0,0,0,0,0,0,0,0,0,0,0,0,0,0,0,0,0,0,1,0,0,0,0,0,0,0,0,0,0,0,0,0,0,0,0,0,0,1,0,0,0,0,0,0,0,0,0,0,0,0,0,0,0,0,0,0,0,0,0,0,0
2018,0,0,0.6119402985074627,0.5569620253164557,0.6,0.6,0.6,0.6,186.4,144.6,6.4,6.2,1.335049308441357,1.2874627501064282,6.253731343283582,6.075949367088608,0.6666666666666666,0.6774193548387096,0.6666666666666666,1598.3121902516846,1573.3234118267947,24.988778424889915,0.05497827319100701,0.0,0.0,0.04758655833492886,0.17778197619497416,-0.010752688172043001,41.80000000000001,0.20000000000000018,1,1,0,0,0,0,0,0,0,0,0,0,0,0,0,0,0,0,0,0,0,0,0,0,0,0,0,0,0,0,1,0,0,0,0,0,0,0,0,0,0,0,0,0,0,0,0,0,0,0,0,0,0,0,0,0,0,0,0,1,0,0,0,0,0,0,0,0,0,0,0,0
2018,1,1,0.575,0.5294117647058824,0.4,0.4,0.4,0.4,169.6,159.0,7.0,3.8,1.298265596686513,1.2717622080679405,6.05625,5.7899159663865545,0.4,0.7142857142857143,0.625,1567.5975455126634,1515.4051276641012,52.19241784856217,0.045588235294117596,0.0,0.0,0.0265033886185726,0.2663340336134459,-0.3142857142857143,10.599999999999994,3.2,0,0,0,0,0,0,0,0,0,1,0,0,0,0,0,0,0,0,0,0,0,0,0,0,0,0,0,1,0,0,0,0,0,0,0,0,0,0,0,0,0,0,0,0,0,0,0,0,0,0,0,0,0,0,0,0,0,0,0,0,0,0,1,0,0,0,0,0,0,0,0,0
2018,0,0,0.4768211920529801,0.4228187919463087,0.8,0.2,0.7,0.4,167.6,144.8,6.0,5.8,1.3168958962316897,1.2825223150014398,5.6092715231788075,5.731543624161074,0.5,0.5,0.5714285714285714,1504.7794678032747,1432.135103220218,72.64436458305659,0.0540024001066714,0.6000000000000001,0.29999999999999993,0.03437358123024992,-0.12227210098226671,0.0,22.799999999999983,0.20000000000000018,1,0,0,0,0,0,0,0,0,0,0,1,0,0,0,0,0,0,1,0,0,0,0,0,0,0,0,0,0,0,0,1,0,0,0,0,0,0,0,0,0,0,0,0,0,0,0,0,0,0,0,0,0,0,0,0,0,0,0,0,0,0,0,0,0,0,0,0,0,0,0,0
2018,0,0,0.55,0.5714285714285714,0.6,0.2,0.5,0.4,154.6,177.2,6.2,7.2,1.2896616936331162,1.298575029579711,6.0375,6.062111801242236,0.0,0.625,0.5454545454545454,1564.0414090485888,1556.1065258846593,7.9348831639294986,-0.021428571428571352,0.39999999999999997,0.09999999999999998,-0.008913335946594714,-0.024611801242236275,-0.625,-22.599999999999994,-1.0,1,0,0,0,0,0,0,0,0,0,0,0,0,0,0,1,0,0,0,0,0,0,0,0,1,0,0,0,0,0,0,0,0,0,0,0,0,0,0,0,0,0,0,0,0,0,0,0,0,0,0,0,0,0,0,0,0,0,0,0,0,0,0,0,0,0,0,0,0,0,1,0
2018,0,0,0.48366013071895425,0.6148148148148148,0.4,0.8,0.3,0.6,175.2,190.6,6.2,6.6,1.3307610579880333,1.3360620422231797,5.849673202614379,6.2518518518518515,0.5,0.5714285714285714,0.3684210526315789,1468.8153690477427,1607.5941930298904,-138.77882398214774,-0.13115468409586056,-0.4,-0.3,-0.005300984235146355,-0.4021786492374728,-0.0714285714285714,-15.400000000000006,-0.39999999999999947,0,0,0,0,0,0,0,0,0,0,0,0,0,0,1,0,1,0,0,0,0,0,0,0,0,0,0,0,0,0,0,0,0,0,0,0,0,0,0,0,0,0,0,0,0,0,0,0,1,0,0,0,0,0,0,0,0,0,0,0,0,0,0,0,0,0,0,0,0,0,0,0
2018,0,0,0.5555555555555556,0.48026315789473684,0.6,0.8,0.6,0.7,152.8,162.8,6.4,6.2,1.2863815652895993,1.3157690172126597,6.08641975308642,5.625,0.65625,0.5,0.7272727272727273,1573.8130644521564,1512.7185406058127,61.09452384634369,0.07529239766081874,-0.20000000000000007,-0.09999999999999998,-0.02938745192306036,0.46141975308642014,0.15625,-10.0,0.20000000000000018,1,0,0,0,0,0,0,0,0,0,0,0,0,0,0,1,0,0,0,0,0,0,0,0,0,0,1,0,0,0,0,0,0,0,0,0,0,0,0,0,0,0,0,0,0,0,0,0,0,0,0,0,0,0,0,0,0,0,0,1,0,0,0,0,0,0,0,0,0,0,0,0
2018,0,0,0.42,0.5263157894736842,0.2,0.4,0.3,0.4,139.4,178.8,6.6,5.8,1.2811571003887492,1.283445430396202,5.746666666666667,5.809210526315789,0.0,0.5,0.35,1424.19603041768,1542.443778281029,-118.24774786334888,-0.1063157894736842,-0.2,-0.10000000000000003,-0.0022883300074527657,-0.06254385964912235,-0.5,-39.400000000000006,0.7999999999999998,1,0,0,1,0,0,0,0,0,0,0,0,0,0,0,0,0,0,0,0,0,0,1,0,0,0,0,0,0,0,0,1,0,0,0,0,0,0,0,0,0,0,0,0,0,0,0,0,0,0,0,0,0,0,0,0,0,0,0,0,0,0,0,0,0,0,0,0,0,0,0,0
2018,0,0,0.6176470588235294,0.5679012345679012,0.8,0.2,0.7,0.4,198.2,161.6,7.4,7.4,1.3383412727494808,1.2954533831125659,6.264705882352941,6.08641975308642,1.0,0.5,0.4782608695652174,1613.7995168546804,1546.3348704810917,67.46464637358872,0.049745824255628235,0.6000000000000001,0.29999999999999993,0.04288788963691492,0.178286129266521,0.5,36.599999999999994,0.0,0,1,0,0,0,0,0,0,0,0,0,0,0,0,0,0,0,0,0,0,0,0,0,0,1,0,0,0,0,0,0,0,0,0,0,0,0,0,0,0,0,0,0,0,0,0,0,0,0,0,0,1,0,0,0,0,0,0,0,0,0,0,0,0,0,0,0,0,0,0,0,0
2018,1,1,0.5609756097560976,0.5333333333333333,0.6,0.6,0.7,0.4,149.0,167.6,6.8,5.0,1.2836937583273547,1.2724849165146626,6.134146341463414,5.8,0.0,0.7222222222222222,0.5,1582.0725256650705,1526.8961472921053,55.176378372965246,0.02764227642276429,0.0,0.29999999999999993,0.011208841812692105,0.3341463414634145,-0.7222222222222222,-18.599999999999994,1.7999999999999998,1,0,0,0,0,0,0,0,0,0,0,0,0,0,0,1,0,0,0,0,0,0,0,0,0,0,0,1,0,0,0,0,0,0,0,0,0,0,0,0,0,0,0,0,0,0,0,0,0,0,0,0,0,0,0,0,0,0,0,0,0,0,1,0,0,0,0,0,0,0,0,0
2018,0,0,0.4805194805194805,0.5228758169934641,0.4,0.4,0.3,0.4,181.0,171.2,6.0,5.6,1.3329816182595657,1.28378985181859,5.8441558441558445,5.7973856209150325,0.49206349206349204,0.5454545454545454,0.42857142857142855,1462.6100452229527,1529.165930225617,-66.55588500266435,-0.04235633647398357,0.0,-0.10000000000000003,0.04919176644097578,0.04677022324081204,-0.05339105339105338,9.800000000000011,0.40000000000000036,0,0,0,0,0,0,0,0,0,0,0,0,0,0,1,0,0,0,0,0,0,0,1,0,0,0,0,0,0,0,0,0,0,0,0,0,0,0,0,0,0,0,0,0,0,0,0,0,1,0,0,0,0,0,0,0,0,0,0,0,0,0,0,0,0,0,0,0,0,0,0,0
2018,0,0,0.6131386861313869,0.423841059602649,0.6,0.4,0.6,0.4,191.0,171.2,6.6,7.4,1.3385258819250818,1.2846437695146182,6.233576642335766,5.768211920529802,0.5,1.0,0.6875,1601.881771014384,1437.4738784730919,164.40789254129209,0.18929762652873788,0.19999999999999996,0.19999999999999996,0.05388211241046359,0.46536472180596444,-0.5,19.80000000000001,-0.8000000000000007,1,1,0,0,0,0,0,0,0,0,0,0,0,0,0,0,0,0,1,0,0,0,0,0,0,0,0,0,0,0,0,0,0,0,0,0,0,0,0,0,0,0,0,0,0,0,0,0,0,0,0,1,0,0,0,0,0,0,0,0,0,0,0,0,0,0,0,0,0,0,0,0
2018,0,0,0.4774193548387097,0.5705521472392638,0.2,0.4,0.3,0.4,184.2,166.2,5.0,6.6,1.3335171805195523,1.2959951209595446,5.838709677419355,6.079754601226994,0.484375,0.8,0.36363636363636365,1454.5025841833042,1558.2526163213881,-103.75003213808395,-0.09313279240055417,-0.2,-0.10000000000000003,0.03752205956000765,-0.24104492380763887,-0.31562500000000004,18.0,-1.5999999999999996,1,0,0,0,0,0,0,0,0,0,0,0,0,0,1,0,0,0,0,0,0,0,0,0,1,0,0,0,0,0,0,0,0,0,0,0,0,0,0,0,0,0,0,0,0,0,0,0,1,0,0,0,0,0,0,0,0,0,0,0,0,0,0,0,0,0,0,0,0,0,0,0
2018,0,0,0.42105263157894735,0.5289256198347108,0.2,0.4,0.3,0.4,171.8,165.0,6.8,5.6,1.2866805704300772,1.2716015027132321,5.756578947368421,5.809917355371901,0.5,0.5,0.35294117647058826,1431.8817225833998,1518.4710333994253,-86.58931081602555,-0.10787298825576341,-0.2,-0.10000000000000003,0.015079067716845085,-0.05333840800348,0.0,6.800000000000011,1.2000000000000002,1,0,0,1,0,0,0,0,0,0,0,0,0,0,0,0,0,0,0,0,0,0,0,0,0,0,0,1,0,0,0,1,0,0,0,0,0,0,0,0,0,0,0,0,0,0,0,0,0,0,0,0,0,0,0,0,0,0,0,0,0,0,0,0,0,0,0,0,0,0,0,0
2018,0,0,0.6159420289855072,0.525974025974026,0.8,0.6,0.7,0.5,194.6,178.8,6.2,5.4,1.3412345084827337,1.2848701081502956,6.22463768115942,5.785714285714286,0.4444444444444444,0.6290322580645161,0.6470588235294118,1607.473926904076,1537.2733912652657,70.20053563881038,0.08996800301148122,0.20000000000000007,0.19999999999999996,0.05636440033243817,0.43892339544513437,-0.1845878136200717,15.799999999999983,0.7999999999999998,0,1,0,0,0,0,0,0,0,0,0,0,0,0,0,0,0,0,0,0,0,0,1,0,0,0,0,0,0,0,0,0,0,0,0,0,0,0,0,0,0,1,0,0,0,0,0,0,0,0,0,0,0,0,0,0,0,0,0,0,0,0,0,0,0,0,0,0,0,0,0,0
2018,0,0,0.477124183006536,0.5670731707317073,0.8,0.4,0.7,0.4,155.6,158.0,6.2,7.4,1.3139137151053735,1.295213571644956,5.627450980392157,6.085365853658536,0.75,1.0,0.5,1504.4590793928985,1545.3521553273615,-40.89307593446301,-0.08994898772517129,0.4,0.29999999999999993,0.018700143460417484,-0.4579148732663789,-0.25,-2.4000000000000057,-1.2000000000000002,0,0,0,0,0,0,0,0,0,0,0,1,0,0,0,0,0,0,0,0,0,0,0,0,1,0,0,0,0,0,0,0,0,0,0,0,0,0,0,0,0,0,0,0,0,1,0,0,0,0,0,0,0,0,0,0,0,0,0,0,0,0,0,0,0,0,0,0,0,0,0,0
2018,0,0,0.4807692307692308,0.6115107913669064,0.4,0.6,0.4,0.6,178.0,189.2,5.6,5.0,1.3336802892516708,1.3419528217378323,5.846153846153846,6.2086330935251794,0.6666666666666666,0.6666666666666666,0.35,1467.4030451773308,1595.4804478251706,-128.0774026478398,-0.13074156059767567,-0.19999999999999996,-0.19999999999999996,-0.008272532486161444,-0.36247924737133363,0.0,-11.199999999999989,0.5999999999999996,0,0,0,0,0,0,0,0,0,0,0,0,0,0,1,0,1,0,0,0,0,0,0,0,0,0,0,0,0,0,0,0,0,0,0,0,0,0,0,0,0,0,0,0,0,0,0,0,0,0,0,1,0,0,0,0,0,0,0,0,0,0,0,0,0,0,0,0,0,0,0,0
2018,1,1,0.42483660130718953,0.5662650602409639,0.4,0.6,0.3,0.7,185.2,151.4,6.0,6.4,1.2898039215686274,1.283385643413992,5.751633986928105,6.132530120481928,0.6666666666666666,0.6666666666666666,0.4,1444.323613968797,1590.4976395577505,-146.17402558895355,-0.14142845893377437,-0.19999999999999996,-0.39999999999999997,0.0064182781546353596,-0.380896133553823,0.0,33.79999999999998,-0.40000000000000036,0,0,0,1,0,0,0,0,0,0,0,0,0,0,0,0,0,0,0,0,0,0,0,0,0,0,0,0,0,0,1,0,0,0,0,0,0,0,0,0,0,0,0,0,0,0,0,0,0,0,0,0,0,0,0,0,0,0,0,1,0,0,0,0,0,0,0,0,0,0,0,0
2018,0,0,0.5696969696969697,0.5290322580645161,0.4,0.6,0.4,0.5,150.6,174.8,7.0,4.4,1.2965063748619616,1.2867985153177108,6.084848484848485,5.780645161290322,0.6140350877192983,0.14285714285714285,0.7619047619047619,1554.1805631103882,1549.2668703441711,4.913692766217082,0.040664711632453554,-0.19999999999999996,-0.09999999999999998,0.009707859544250796,0.3042033235581627,0.4711779448621554,-24.200000000000017,2.5999999999999996,1,0,0,0,0,0,0,0,0,1,0,0,0,0,0,0,0,0,0,0,0,0,1,0,0,0,0,0,0,0,0,0,0,0,0,0,0,0,0,0,0,0,0,0,0,0,0,0,0,0,0,0,0,0,0,0,0,0,0,0,0,0,0,0,0,0,0,0,0,0,1,0
2018,0,0,0.5245901639344263,0.474025974025974,0.2,0.6,0.4,0.6,150.8,151.0,5.6,6.0,1.2751055436362377,1.3144485233685825,5.811475409836065,5.616883116883117,0.0,0.6,0.6428571428571429,1506.0291420140281,1495.6306716098718,10.398470404156342,0.05056418990845224,-0.39999999999999997,-0.19999999999999996,-0.039342979732344796,0.19459229295294822,-0.6,-0.19999999999998863,-0.40000000000000036,0,0,0,0,0,0,0,0,0,0,0,0,1,0,0,0,0,0,0,0,0,0,0,0,0,0,1,0,0,0,0,0,0,0,0,0,0,0,0,0,0,0,0,0,0,1,0,0,0,0,0,0,0,0,0,0,0,0,0,0,0,0,0,0,0,0,0,0,0,0,0,0
2018,0,0,0.5714285714285714,0.47770700636942676,0.8,0.4,0.7,0.4,148.6,170.0,6.8,5.2,1.2838716128387162,1.3318095238095238,6.119047619047619,5.834394904458598,0.6764705882352942,0.2857142857142857,0.5555555555555556,1596.522248917342,1460.931029257413,135.59121965992904,0.09372156505914464,0.4,0.29999999999999993,-0.04793791097080757,0.2846527145890203,0.39075630252100846,-21.400000000000006,1.5999999999999996,1,0,0,0,0,0,0,0,0,0,0,0,0,0,0,1,0,0,0,0,0,0,0,0,0,0,0,0,0,1,0,0,0,0,0,0,0,0,0,0,0,0,0,0,0,0,0,0,0,0,0,0,0,0,0,0,0,0,0,1,0,0,0,0,0,0,0,0,0,0,0,0
2018,1,1,0.5203252032520326,0.4774193548387097,0.2,0.6,0.3,0.6,149.2,143.4,5.8,6.8,1.2749485243651337,1.3146575193291952,5.796747967479675,5.638709677419355,0.7027027027027027,0.0,0.6,1495.7299393095739,1505.929874314326,-10.199935004752206,0.0429058484133229,-0.39999999999999997,-0.3,-0.03970899496406144,0.1580382900603201,0.7027027027027027,5.799999999999983,-1.0,1,0,0,0,0,0,0,0,0,0,0,0,1,0,0,0,0,0,0,0,0,0,0,0,0,0,1,0,0,0,0,0,0,0,0,0,0,0,0,0,0,0,0,0,0,0,0,0,0,0,0,0,0,0,0,0,0,0,0,0,0,0,1,0,0,0,0,0,0,0,0,0
2018,0,0,0.572289156626506,0.5256410256410257,0.6,0.4,0.4,0.5,153.4,175.8,6.8,3.6,1.2974509901730933,1.287475236627779,6.0843373493975905,5.769230769230769,0.8181818181818182,0.6349206349206349,0.7727272727272727,1564.0391450925044,1539.408288362055,24.630856730449523,0.046648130985480374,0.19999999999999996,-0.09999999999999998,0.009975753545314214,0.31510658016682136,0.18326118326118335,-22.400000000000006,3.1999999999999997,1,0,0,0,0,0,0,0,0,1,0,0,0,0,0,0,0,0,0,0,0,0,1,0,0,0,0,0,0,0,0,0,0,0,0,0,0,0,0,0,0,1,0,0,0,0,0,0,0,0,0,0,0,0,0,0,0,0,0,0,0,0,0,0,0,0,0,0,0,0,0,0
2018,1,1,0.42207792207792205,0.5764705882352941,0.4,1.0,0.3,0.8,183.0,142.2,5.8,7.4,1.2901179612730915,1.2823146045225635,5.733766233766234,6.117647058823529,0.6666666666666666,0.5,0.36363636363636365,1438.2990046092054,1602.8063804089415,-164.5073757997361,-0.15439266615737202,-0.6,-0.5,0.007803356750528012,-0.3838808250572949,0.16666666666666663,40.80000000000001,-1.6000000000000005,0,0,0,1,0,0,0,0,0,0,0,0,0,0,0,0,0,0,0,0,0,0,0,0,0,0,0,0,0,0,1,1,0,0,0,0,0,0,0,0,0,0,0,0,0,0,0,0,0,0,0,0,0,0,0,0,0,0,0,0,0,0,0,0,0,0,0,0,0,0,0,0
2018,1,1,0.6142857142857143,0.5241935483870968,0.6,0.4,0.7,0.4,178.4,152.8,5.6,6.2,1.3406300053390283,1.2751157092295127,6.228571428571429,5.806451612903226,0.5,0.7105263157894737,0.6666666666666666,1601.9524637450884,1506.0234327244746,95.92903102061382,0.09009216589861757,0.19999999999999996,0.29999999999999993,0.06551429610951565,0.42211981566820267,-0.21052631578947367,25.599999999999994,-0.6000000000000005,0,1,0,0,0,0,0,0,0,0,0,0,0,0,0,0,0,0,0,0,0,0,0,0,0,0,0,1,0,0,0,0,0,0,0,0,0,0,0,0,0,0,0,0,0,0,0,0,0,0,0,0,0,0,0,0,0,0,0,0,0,0,1,0,0,0,0,0,0,0,0,0
2018,0,0,0.5222929936305732,0.47435897435897434,0.4,0.4,0.4,0.6,159.2,146.8,4.6,7.0,1.2857064711996062,1.3137170056252705,5.770700636942675,5.653846153846154,0.5,0.6666666666666666,0.6363636363636364,1530.1160361227946,1495.6363808994254,34.479655223369264,0.047934019271598904,0.0,-0.19999999999999996,-0.028010534425664257,0.11685448309652102,-0.16666666666666663,12.399999999999977,-2.4000000000000004,1,0,0,0,0,0,0,1,0,0,0,0,0,0,0,0,0,0,0,0,0,0,0,0,0,0,1,0,0,0,0,0,0,0,0,0,0,0,0,0,0,0,0,0,0,1,0,0,0,0,0,0,0,0,0,0,0,0,0,0,0,0,0,0,0,0,0,0,0,0,0,0
2018,0,0,0.41935483870967744,0.47468354430379744,0.4,0.2,0.3,0.3,192.6,163.0,4.4,6.2,1.2918255678991875,1.3305762785165964,5.703225806451613,5.860759493670886,0.5,0.5,0.3333333333333333,1432.7091554621975,1454.6468977658135,-21.937742303616005,-0.05532870559412001,0.2,0.0,-0.03875071061740898,-0.1575336872192734,0.0,29.599999999999994,-1.7999999999999998,0,0,0,1,0,0,0,0,0,0,0,0,0,0,0,0,0,0,0,0,0,0,0,0,0,0,0,0,0,1,0,1,0,0,0,0,0,0,0,0,0,0,0,0,0,0,0,0,0,0,0,0,0,0,0,0,0,0,0,0,0,0,0,0,0,0,0,0,0,0,0,0
2018,0,0,0.5813953488372093,0.6099290780141844,1.0,0.4,0.8,0.6,156.8,172.2,6.4,5.2,1.2866907528561664,1.3406522251000705,6.104651162790698,6.226950354609929,0.5,0.75,0.2857142857142857,1608.3962295559495,1589.259491456114,19.13673809983561,-0.028533729176975053,0.6,0.20000000000000007,-0.05396147224390413,-0.12229919181923155,-0.25,-15.399999999999977,1.2000000000000002,0,0,0,0,0,0,0,0,0,0,0,0,0,0,0,1,1,0,0,0,0,0,0,0,0,0,0,0,0,0,0,0,0,0,0,0,0,0,0,0,0,0,0,0,0,0,0,0,0,0,0,1,0,0,0,0,0,0,0,0,0,0,0,0,0,0,0,0,0,0,0,0
2018,0,0,0.5748502994011976,0.528,0.8,0.4,0.5,0.5,178.0,154.6,6.8,5.6,1.2998215348007138,1.2766488894889625,6.107784431137724,5.792,0.6206896551724138,0.3333333333333333,0.5882352941176471,1573.3313973317647,1518.716405013449,54.61499231831567,0.04685029940119756,0.4,0.0,0.02317264531175134,0.3157844311377245,0.2873563218390805,23.400000000000006,1.2000000000000002,0,0,0,0,0,0,0,0,0,1,0,0,0,0,0,0,0,0,0,0,0,0,0,0,0,0,0,1,0,0,0,0,0,0,0,0,0,0,0,0,0,0,0,0,0,0,0,0,0,0,0,0,0,0,0,0,0,0,0,0,0,0,0,0,0,0,0,0,0,0,1,0
2018,0,0,0.4713375796178344,0.4779874213836478,0.2,0.4,0.5,0.4,161.0,159.4,6.6,6.0,1.316321048673042,1.332115808132352,5.656050955414012,5.849056603773585,0.5714285714285714,0.0,0.5714285714285714,1486.6255399833187,1464.0163165843496,22.609223398969107,-0.006649841765813402,-0.2,0.09999999999999998,-0.015794759459310193,-0.19300564835957257,0.5714285714285714,1.5999999999999943,0.5999999999999996,0,0,0,0,0,0,0,0,0,0,0,1,0,0,0,0,0,0,0,0,0,0,0,0,0,0,0,0,0,1,0,0,0,0,0,0,0,0,0,0,0,0,0,0,0,1,0,0,0,0,0,0,0,0,0,0,0,0,0,0,0,0,0,0,0,0,0,0,0,0,0,0
2018,0,0,0.5317460317460317,0.5253164556962026,0.6,0.6,0.5,0.5,160.8,175.4,5.4,5.4,1.2785259631490786,1.2902857763772684,5.7936507936507935,5.784810126582278,0.16666666666666666,0.625,0.5,1530.2755298953778,1539.1268770389013,-8.851347143523526,0.006429576049829189,0.0,0.0,-0.011759813228189753,0.008840667068515273,-0.45833333333333337,-14.599999999999994,0.0,0,0,0,0,0,0,0,0,0,0,0,0,1,0,0,0,0,0,0,0,0,0,1,0,0,0,0,0,0,0,0,0,0,0,0,0,0,0,0,0,0,1,0,0,0,0,0,0,0,0,0,0,0,0,0,0,0,0,0,0,0,0,0,0,0,0,0,0,0,0,0,0
2018,0,0,0.5714285714285714,0.46835443037974683,0.6,0.2,0.5,0.5,177.6,154.8,6.4,5.4,1.2999655155426375,1.3144109471883687,6.089285714285714,5.620253164556962,0.6101694915254238,0.5555555555555556,0.5238095238095238,1561.772272449836,1475.975711241616,85.79656120822006,0.10307414104882456,0.39999999999999997,0.0,-0.0144454316457312,0.46903254972875263,0.05461393596986819,22.799999999999983,1.0,1,0,0,0,0,0,0,0,0,1,0,0,0,0,0,0,0,0,0,0,0,0,0,0,0,0,1,0,0,0,0,0,0,0,0,0,0,0,0,0,0,0,0,0,0,0,0,0,0,0,0,0,0,0,0,0,0,0,0,0,0,0,0,0,0,0,0,0,0,0,1,0
2018,0,0,0.48125,0.5747126436781609,0.6,0.8,0.4,0.7,142.8,166.2,7.0,4.8,1.3334047568030856,1.2878218108186288,5.875,6.057471264367816,0.49230769230769234,0.3333333333333333,0.4,1474.6661453260524,1597.8459862880122,-123.17984096195983,-0.09346264367816087,-0.20000000000000007,-0.29999999999999993,0.04558294598445678,-0.18247126436781613,0.15897435897435902,-23.399999999999977,2.2,1,0,0,0,0,0,0,0,0,0,0,0,0,0,1,0,0,0,0,0,0,0,0,0,0,0,0,0,0,0,1,0,0,0,0,0,0,0,0,0,0,0,0,0,0,0,0,0,1,0,0,0,0,0,0,0,0,0,0,0,0,0,0,0,0,0,0,0,0,0,0,0
2018,0,0,0.4166666666666667,0.6126760563380281,0.2,0.6,0.3,0.6,185.0,174.4,3.6,5.6,1.2928261704813655,1.3421621937671753,5.698717948717949,6.211267605633803,0.4,0.5,0.29411764705882354,1423.3397366436614,1599.8097347240512,-176.46999808038981,-0.19600938967136144,-0.39999999999999997,-0.3,-0.04933602328580977,-0.5125496569158541,-0.09999999999999998,10.599999999999994,-1.9999999999999996,1,0,0,1,0,0,0,0,0,0,0,0,0,0,0,0,1,0,0,0,0,0,0,0,0,0,0,0,0,0,0,1,0,0,0,0,0,0,0,0,0,0,0,0,0,0,0,0,0,0,0,0,0,0,0,0,0,0,0,0,0,0,0,0,0,0,0,0,0,0,0,0
2018,1,1,0.5275590551181102,0.484472049689441,0.6,0.6,0.4,0.5,160.0,153.0,5.0,6.2,1.2781914893617021,1.336349121873337,5.7795275590551185,5.857142857142857,0.717948717948718,0.6,0.5,1520.530237042706,1488.0701028821584,32.46013416054757,0.04308700542866917,0.0,-0.09999999999999998,-0.05815763251163486,-0.07761529808773826,0.11794871794871797,7.0,-1.2000000000000002,1,0,0,0,0,0,0,0,0,0,0,0,1,0,0,0,0,0,0,0,0,0,0,0,0,0,0,0,0,1,0,0,0,0,0,0,0,0,0,0,0,0,0,0,0,0,0,0,0,0,0,0,0,0,0,0,0,0,0,0,0,0,1,0,0,0,0,0,0,0,0,0
2018,1,1,0.5681818181818182,0.5283018867924528,0.6,0.6,0.6,0.6,176.8,169.2,4.8,6.6,1.2921669525443111,1.2905211990278154,6.056818181818182,5.811320754716981,0.6857142857142857,0.6666666666666666,0.38461538461538464,1584.4420287319062,1548.872169891573,35.569858840333154,0.03987993138936541,0.0,0.0,0.0016457535164957626,0.24549742710120093,0.01904761904761909,7.600000000000023,-1.7999999999999998,0,0,0,0,0,0,0,0,0,0,0,0,0,0,0,1,0,0,0,0,0,0,1,0,0,0,0,0,0,0,0,0,0,0,0,0,0,0,0,0,0,0,0,0,0,0,0,0,0,0,0,0,0,0,0,0,0,0,0,1,0,0,0,0,0,0,0,0,0,0,0,0
2018,1,1,0.42038216560509556,0.5739644970414202,0.4,0.8,0.3,0.6,177.8,184.2,4.0,6.0,1.2927773235213955,1.3010526315789475,5.7006369426751595,6.0828402366863905,0.5,0.5,0.47619047619047616,1438.0229780306759,1569.3518496069494,-131.3288715762735,-0.1535823314363246,-0.4,-0.3,-0.008275308057551944,-0.382203294011231,0.0,-6.399999999999977,-2.0,1,0,0,1,0,0,0,0,0,0,0,0,0,0,0,0,0,0,0,0,0,0,0,0,1,0,0,0,0,0,0,1,0,0,0,0,0,0,0,0,0,0,0,0,0,0,0,0,0,0,0,0,0,0,0,0,0,0,0,0,0,0,0,0,0,0,0,0,0,0,0,0
2018,0,0,0.46540880503144655,0.6083916083916084,0.2,0.4,0.4,0.6,156.6,157.8,6.2,5.6,1.3154038124568577,1.340242698716832,5.635220125786163,6.2027972027972025,0.0,0.8,0.4117647058823529,1468.3961340845026,1585.1264933370367,-116.73035925253407,-0.1429828033601619,-0.2,-0.19999999999999996,-0.024838886259974435,-0.5675770770110393,-0.8,-1.200000000000017,0.6000000000000005,0,0,0,0,0,0,0,0,0,0,0,1,0,0,0,0,1,0,0,0,0,0,0,0,0,0,0,0,0,0,0,0,0,0,0,0,0,0,0,0,0,0,0,0,0,0,0,0,0,0,0,1,0,0,0,0,0,0,0,0,0,0,0,0,0,0,0,0,0,0,0,0
2018,0,0,0.5617977528089888,0.6111111111111112,0.4,0.6,0.6,0.6,178.4,154.2,4.8,6.8,1.2930320150659134,1.3399054537069064,6.044943820224719,6.229166666666667,0.25,0.45454545454545453,0.25,1573.421807827846,1591.8876824171557,-18.465874589309806,-0.049313358302122356,-0.19999999999999996,0.0,-0.046873438640993026,-0.18422284644194775,-0.20454545454545453,24.200000000000017,-2.0,0,0,0,0,0,0,0,0,0,0,0,0,0,0,0,1,1,0,0,0,0,0,0,0,0,0,0,0,0,0,0,0,0,0,0,0,0,0,0,0,0,0,0,0,0,0,0,0,0,0,0,0,0,0,0,0,0,0,0,0,0,0,0,0,0,0,0,0,0,0,1,0
2018,0,0,0.53125,0.53125,0.6,0.8,0.6,0.5,167.8,162.4,7.4,6.2,1.2912866187359158,1.2785544711158006,5.83125,5.8125,0.6307692307692307,0.14285714285714285,0.5333333333333333,1559.8923907956337,1529.5986681808538,30.29372261477988,0.0,-0.20000000000000007,0.09999999999999998,0.012732147620115208,0.018749999999999822,0.4879120879120879,5.400000000000006,1.2000000000000002,1,0,0,0,0,0,0,1,0,0,0,0,0,0,0,0,0,0,0,0,0,0,0,0,0,0,0,1,0,0,0,0,0,0,0,0,0,0,0,0,0,1,0,0,0,0,0,0,0,0,0,0,0,0,0,0,0,0,0,0,0,0,0,0,0,0,0,0,0,0,0,0
2018,0,0,0.5555555555555556,0.5341614906832298,0.2,0.8,0.6,0.6,177.0,168.0,5.2,7.4,1.2904456228486372,1.2916222553826475,6.066666666666666,5.819875776397516,0.16666666666666666,0.6363636363636364,0.35714285714285715,1563.9527985316263,1569.02267027117,-5.069871739543714,0.021394064872325758,-0.6000000000000001,0.0,-0.0011766325340103467,0.2467908902691507,-0.4696969696969697,9.0,-2.2,1,0,0,0,0,0,0,0,0,0,0,0,0,0,0,1,0,0,0,0,0,0,1,0,0,0,0,0,0,0,0,0,0,0,0,0,0,0,0,0,0,1,0,0,0,0,0,0,0,0,0,0,0,0,0,0,0,0,0,0,0,0,0,0,0,0,0,0,0,0,0,0
2018,0,0,0.5604395604395604,0.6137931034482759,0.2,0.6,0.6,0.6,173.6,156.6,6.0,6.4,1.291731812747172,1.3388685295464957,6.0989010989010985,6.23448275862069,0.2,0.5,0.2222222222222222,1574.098710813839,1601.3566917133753,-27.25798089953628,-0.05335354300871542,-0.39999999999999997,0.0,-0.04713671679932374,-0.13558165971959113,-0.3,17.0,-0.40000000000000036,0,0,0,0,0,0,0,0,0,0,0,0,0,0,0,1,1,0,0,0,0,0,0,0,0,0,0,0,0,0,0,0,0,0,0,0,0,0,0,0,0,0,0,0,0,0,0,0,0,0,0,0,0,0,0,0,0,0,0,0,0,0,0,0,0,0,0,0,0,0,1,0
2019,0,0,0.48148148148148145,0.6164383561643836,0.6,0.8,0.5,0.6,154.4,157.6,6.4,6.4,1.3351668694134446,1.3404824212083286,5.851851851851852,6.232876712328767,0.25,0.723404255319149,0.3333333333333333,1479.0016717440105,1610.5737496742454,-131.57207793023485,-0.13495687468290213,-0.20000000000000007,-0.09999999999999998,-0.005315551794883966,-0.38102486047691464,-0.473404255319149,-3.1999999999999886,0.0,0,0,0,0,0,0,0,0,0,0,0,0,0,0,1,0,1,0,0,0,0,0,0,0,0,0,0,0,0,0,0,0,0,0,0,0,0,0,0,0,0,0,0,0,0,0,0,0,0,1,0,0,0,0,0,0,0,0,0,0,0,0,0,0,0,0,0,0,0,0,0,0
2019,0,0,0.5543478260869565,0.5308641975308642,0.2,0.8,0.5,0.6,173.4,178.4,6.0,7.6,1.293,1.2918189038919778,6.054347826086956,5.827160493827161,0.2857142857142857,0.6268656716417911,0.4,1564.881652852969,1558.8767579889573,6.004894864011703,0.023483628556092317,-0.6000000000000001,-0.09999999999999998,0.0011810961080220839,0.22718733225979548,-0.3411513859275054,-5.0,-1.5999999999999996,0,0,0,0,0,0,0,0,0,0,0,0,0,0,0,1,0,0,0,0,0,0,1,0,0,0,0,0,0,0,0,0,0,0,0,0,0,0,0,0,0,1,0,0,0,0,0,0,0,0,0,0,0,0,0,0,0,0,0,0,0,0,0,0,0,0,0,0,0,0,0,0
2019,0,0,0.4240506329113924,0.5705882352941176,0.4,0.6,0.4,0.5,173.4,181.6,5.0,5.6,1.2934488359501894,1.3012605246508007,5.727848101265823,6.070588235294117,0.25,0.6166666666666667,0.5,1451.6326267041718,1555.7422009334534,-104.10957422928163,-0.14653760238272523,-0.19999999999999996,-0.09999999999999998,-0.007811688700611219,-0.3427401340282943,-0.3666666666666667,-8.199999999999989,-0.5999999999999996,1,0,0,1,0,0,0,0,0,0,0,0,0,0,0,0,0,0,0,0,0,0,0,0,1,0,0,0,0,0,0,0,0,0,0,0,0,0,0,0,0,0,0,0,0,0,0,0,0,0,0,0,0,0,0,0,0,0,0,0,0,0,0,0,0,0,0,0,0,0,1,0
2019,0,0,0.4625,0.5271317829457365,0.0,0.6,0.3,0.5,156.2,159.6,5.4,6.2,1.314870496386559,1.277854105332025,5.63125,5.821705426356589,0.0,0.725,0.375,1461.6349450043836,1520.4683887053175,-58.83344370093391,-0.06463178294573646,-0.6,-0.2,0.037016391054534026,-0.19045542635658919,-0.725,-3.4000000000000057,-0.7999999999999998,1,0,0,0,0,0,0,0,0,0,0,1,0,0,0,0,0,0,0,0,0,0,0,0,0,0,0,1,0,0,0,0,0,0,0,0,0,0,0,0,0,0,0,0,0,0,0,0,0,0,0,0,0,0,0,0,0,0,0,0,0,0,1,0,0,0,0,0,0,0,0,0
2019,1,1,0.4276729559748428,0.6190476190476191,0.6,0.8,0.5,0.7,183.4,135.8,6.2,7.6,1.2962783693664623,1.3361601085481682,5.748427672955975,6.258503401360544,0.5714285714285714,0.0,0.3333333333333333,1464.5425627224713,1616.9580145729428,-152.41545185047153,-0.19137466307277629,-0.20000000000000007,-0.19999999999999996,-0.0398817391817059,-0.5100757284045692,0.5714285714285714,47.599999999999994,-1.3999999999999995,0,0,0,1,0,0,0,0,0,0,0,0,0,0,0,0,1,0,0,0,0,0,0,0,0,0,0,0,0,0,0,1,0,0,0,0,0,0,0,0,0,0,0,0,0,0,0,0,0,0,0,0,0,0,0,0,0,0,0,0,0,0,0,0,0,0,0,0,0,0,0,0
2019,0,0,0.5337423312883436,0.4658385093167702,0.8,0.2,0.7,0.3,166.0,164.4,6.6,5.6,1.293223192675997,1.3156929525805607,5.809815950920245,5.6521739130434785,0.6323529411764706,0.3,0.6521739130434783,1569.0495755488478,1473.3123055575077,95.7372699913401,0.06790382197157341,0.6000000000000001,0.39999999999999997,-0.02246975990456379,0.15764203787676667,0.3323529411764706,1.5999999999999943,1.0,1,0,0,0,0,0,0,1,0,0,0,0,0,0,0,0,0,0,0,0,0,0,0,0,0,0,1,0,0,0,0,0,0,0,0,0,0,0,0,0,0,1,0,0,0,0,0,0,0,0,0,0,0,0,0,0,0,0,0,0,0,0,0,0,0,0,0,0,0,0,0,0
2019,0,0,0.5672514619883041,0.4785276073619632,0.4,0.6,0.5,0.4,180.6,140.2,5.6,5.0,1.3020949247665585,1.3315448950607542,6.0701754385964914,5.8343558282208585,0.7272727272727273,0.5,0.6086956521739131,1542.832264915154,1472.617406845313,70.21485806984083,0.08872385462634091,-0.19999999999999996,0.09999999999999998,-0.029449970294195715,0.23581961037563293,0.2272727272727273,40.400000000000006,0.5999999999999996,1,0,0,0,0,0,0,0,0,1,0,0,0,0,0,0,0,0,0,0,0,0,0,0,0,0,0,0,0,1,0,0,0,0,0,0,0,0,0,0,0,0,0,0,0,0,0,0,1,0,0,0,0,0,0,0,0,0,0,0,0,0,0,0,0,0,0,0,0,0,0,0
2019,1,1,0.5230769230769231,0.5483870967741935,0.4,0.2,0.4,0.4,158.2,168.8,6.2,5.6,1.2786034135894606,1.2949743774161646,5.8076923076923075,6.032258064516129,0.4,0.6666666666666666,0.4444444444444444,1508.7910281521933,1554.7088352930784,-45.91780714088509,-0.0253101736972704,0.2,0.0,-0.016370963826704,-0.22456575682382152,-0.2666666666666666,-10.600000000000023,0.6000000000000005,0,0,0,0,0,0,0,0,0,0,0,0,1,0,0,0,0,0,0,0,0,0,0,0,0,0,0,0,0,0,1,0,0,0,0,0,0,0,0,0,0,0,0,0,0,0,0,0,0,0,0,0,0,0,0,0,0,0,0,1,0,0,0,0,0,0,0,0,0,0,0,0
2019,0,0,0.5697674418604651,0.46296296296296297,0.4,0.2,0.6,0.2,176.0,159.6,4.6,5.2,1.303260555929595,1.317022384174909,6.063953488372093,5.6419753086419755,1.0,0.5,0.5454545454545454,1550.8383899887572,1466.000158026964,84.8382319617931,0.10680447889750216,0.2,0.39999999999999997,-0.0137618282453138,0.4219781797301172,0.5,16.400000000000006,-0.6000000000000005,0,0,0,0,0,0,0,0,0,1,0,0,0,0,0,0,0,0,0,0,0,0,0,0,0,0,1,0,0,0,0,0,0,0,0,0,0,0,0,0,0,0,0,0,0,0,0,0,0,0,0,0,0,0,0,0,0,1,0,0,0,0,0,0,0,0,0,0,0,0,0,0
2019,0,0,0.5531914893617021,0.47560975609756095,0.4,0.4,0.4,0.4,174.6,139.0,5.0,5.8,1.299146059420032,1.3324448625483432,5.98936170212766,5.847560975609756,0.6756756756756757,0.25,0.5454545454545454,1563.3948560152323,1464.6112817717099,98.78357424352248,0.0775817332641412,0.0,0.0,-0.03329880312831124,0.14180072651790354,0.42567567567567566,35.599999999999994,-0.7999999999999998,1,0,0,0,0,0,0,0,0,0,0,0,0,0,0,1,0,0,0,0,0,0,0,0,0,0,0,0,0,1,0,0,0,0,0,0,0,0,0,0,0,0,0,0,0,0,0,0,0,0,0,0,0,0,0,0,0,0,0,1,0,0,0,0,0,0,0,0,0,0,0,0
2019,0,0,0.6216216216216216,0.5190839694656488,1.0,0.2,0.7,0.4,140.2,163.6,7.8,6.0,1.3355045201864226,1.2811433721753687,6.256756756756757,5.801526717557252,0.7291666666666666,0.16666666666666666,0.631578947368421,1622.8324600392111,1500.1050074300394,122.72745260917168,0.10253765215597277,0.8,0.29999999999999993,0.05436114801105396,0.4552300391995052,0.5625,-23.400000000000006,1.7999999999999998,1,1,0,0,0,0,0,0,0,0,0,0,0,0,0,0,0,0,0,0,0,0,0,0,0,0,0,1,0,0,0,0,0,0,0,0,0,0,0,0,0,0,0,0,0,0,0,0,0,1,0,0,0,0,0,0,0,0,0,0,0,0,0,0,0,0,0,0,0,0,0,0
2019,0,0,0.4662576687116564,0.425,0.4,0.6,0.3,0.5,177.4,175.4,6.6,6.8,1.3180712918412747,1.2954751856402587,5.6503067484662575,5.7375,0.5333333333333333,0.0,0.5909090909090909,1478.3945965865014,1458.668117256203,19.72647933029839,0.041257668711656426,-0.19999999999999996,-0.2,0.022596106201016042,-0.08719325153374236,0.5333333333333333,2.0,-0.20000000000000018,1,0,0,0,0,0,0,0,0,0,0,1,0,0,0,0,0,0,1,0,0,0,0,0,0,0,0,0,0,0,0,0,0,0,0,0,0,0,0,0,0,0,0,0,0,0,0,0,0,0,0,0,0,0,0,0,0,1,0,0,0,0,0,0,0,0,0,0,0,0,0,0
2019,0,0,0.4727272727272727,0.5151515151515151,0.2,0.2,0.4,0.4,143.2,168.6,4.2,6.2,1.3298021498675807,1.2815813002937795,5.824242424242424,5.795454545454546,0.5,0.7073170731707317,0.47058823529411764,1457.3802861319555,1493.4974478132042,-36.11716168124872,-0.04242424242424242,0.0,0.0,0.04822084957380124,0.028787878787878363,-0.20731707317073167,-25.400000000000006,-2.0,0,0,0,0,0,0,0,0,0,0,0,0,0,0,1,0,0,0,0,0,0,0,0,0,0,0,0,1,0,0,0,0,0,0,0,0,0,0,0,0,0,0,0,0,0,0,0,0,0,0,0,0,0,0,0,0,0,0,0,0,0,0,1,0,0,0,0,0,0,0,0,0
2019,0,0,0.5664739884393064,0.6241610738255033,0.4,1.0,0.5,0.8,177.6,143.4,4.4,7.4,1.3039487522707716,1.3358795650961806,6.040462427745664,6.268456375838926,0.6065573770491803,0.5384615384615384,0.5416666666666666,1538.4439514292199,1629.4400196560464,-90.99606822682654,-0.057687085386196935,-0.6,-0.30000000000000004,-0.031930812825408994,-0.22799394809326134,0.0680958385876419,34.19999999999999,-3.0,1,0,0,0,0,0,0,0,0,1,0,0,0,0,0,0,1,0,0,0,0,0,0,0,0,0,0,0,0,0,0,0,0,0,0,0,0,0,0,0,0,0,0,0,0,0,0,0,0,0,0,0,0,0,0,0,0,0,0,0,0,0,0,0,0,0,0,0,0,0,1,0
2019,0,0,0.422360248447205,0.5578947368421052,0.6,0.6,0.4,0.4,169.6,193.0,7.6,5.4,1.2952229299363058,1.3056411159024905,5.75776397515528,6.031578947368421,0.5,1.0,0.3333333333333333,1449.2352816524126,1570.6258516549867,-121.39057000257412,-0.13553448839490023,0.0,0.0,-0.010418185966184712,-0.2738149722131409,-0.5,-23.400000000000006,2.1999999999999993,0,0,0,1,0,0,0,0,0,0,0,0,0,0,0,0,0,0,0,0,0,0,0,0,0,0,0,0,0,0,1,1,0,0,0,0,0,0,0,0,0,0,0,0,0,0,0,0,0,0,0,0,0,0,0,0,0,0,0,0,0,0,0,0,0,0,0,0,0,0,0,0
2019,0,0,0.46987951807228917,0.5365853658536586,0.0,0.8,0.3,0.7,131.2,180.6,4.2,5.4,1.3295835698436451,1.2962362780972294,5.807228915662651,5.798780487804878,0.4925373134328358,0.5833333333333334,0.4090909090909091,1448.416093198796,1576.3617230793914,-127.94562988059533,-0.0667058477813694,-0.8,-0.39999999999999997,0.03334729174641571,0.008448427857772778,-0.09079601990049757,-49.400000000000006,-1.2000000000000002,0,0,0,0,0,0,0,0,0,0,0,0,0,0,1,0,0,0,0,0,0,0,1,0,0,0,0,0,0,0,0,0,0,0,0,0,0,0,0,0,0,0,0,0,0,0,0,0,1,0,0,0,0,0,0,0,0,0,0,0,0,0,0,0,0,0,0,0,0,0,0,0
2019,1,1,0.62,0.4695121951219512,0.8,0.6,0.7,0.4,142.0,174.0,7.0,7.0,1.3338500719743107,1.3182028478897856,6.26,5.676829268292683,0.7346938775510204,0.25,0.6111111111111112,1616.8792292878336,1487.8274321902918,129.0517970975418,0.1504878048780488,0.20000000000000007,0.29999999999999993,0.015647224084525124,0.5831707317073169,0.48469387755102045,-32.0,0.0,1,1,0,0,0,0,0,0,0,0,0,0,0,0,0,0,0,0,0,0,0,0,0,0,0,0,1,0,0,0,0,0,0,0,0,0,0,0,0,0,0,0,0,0,0,0,0,0,0,1,0,0,0,0,0,0,0,0,0,0,0,0,0,0,0,0,0,0,0,0,0,0
2019,0,0,0.5689655172413793,0.5625,0.4,0.6,0.6,0.4,174.4,184.4,5.0,5.2,1.3042817088818135,1.3040864337370393,6.051724137931035,6.052083333333333,0.5555555555555556,0.6842105263157895,0.4166666666666667,1551.0047417974326,1577.2675058186765,-26.26276402124381,0.006465517241379337,-0.19999999999999996,0.19999999999999996,0.0001952751447742429,-0.00035919540229834013,-0.1286549707602339,-10.0,-0.20000000000000018,1,0,0,0,0,0,0,0,0,1,0,0,0,0,0,0,0,0,0,0,0,0,0,0,0,0,0,0,0,0,1,0,0,0,0,0,0,0,0,0,0,0,0,0,0,0,0,0,0,0,0,0,0,0,0,0,0,0,0,1,0,0,0,0,0,0,0,0,0,0,0,0
2019,0,0,0.46706586826347307,0.41975308641975306,0.0,0.4,0.3,0.4,145.4,163.0,4.2,7.4,1.3316412859560067,1.2936926484548044,5.802395209580839,5.753086419753086,0.4852941176470588,0.42857142857142855,0.6842105263157895,1441.9407561775756,1442.5936274887229,-0.6528713111472371,0.04731278184372001,-0.4,-0.10000000000000003,0.037948637501202365,0.04930878982775244,0.05672268907563027,-17.599999999999994,-3.2,0,0,0,0,0,0,0,0,0,0,0,0,0,0,1,0,0,0,1,0,0,0,0,0,0,0,0,0,0,0,0,0,0,0,0,0,0,0,0,0,0,0,0,0,0,0,0,0,1,0,0,0,0,0,0,0,0,0,0,0,0,0,0,0,0,0,0,0,0,0,0,0
2019,0,0,0.518796992481203,0.5393939393939394,0.2,0.8,0.5,0.7,168.6,187.2,5.0,4.2,1.2819034342922317,1.2987222106794098,5.7819548872180455,5.781818181818182,0.7142857142857143,0.4,0.4375,1502.4616407463636,1582.8370601006118,-80.37541935424815,-0.02059694691273639,-0.6000000000000001,-0.19999999999999996,-0.016818776387178103,0.00013670539986332386,0.3142857142857143,-18.599999999999994,0.7999999999999998,0,0,0,0,0,0,0,0,0,0,0,0,1,0,0,0,0,0,0,0,0,0,1,0,0,0,0,0,0,0,0,0,0,0,0,0,0,0,0,0,0,0,0,0,0,0,0,0,0,0,0,0,0,0,0,0,0,0,0,0,0,0,1,0,0,0,0,0,0,0,0,0
2019,0,0,0.5567010309278351,0.4666666666666667,0.6,0.6,0.4,0.3,168.0,171.0,6.2,6.6,1.3001035732780943,1.3169024876130153,6.061855670103093,5.66060606060606,0.6666666666666666,0.5625,0.75,1566.51303914105,1481.3799465519012,85.13309258914887,0.0900343642611684,0.0,0.10000000000000003,-0.016798914334920978,0.40124960949703237,0.10416666666666663,-3.0,-0.39999999999999947,0,0,0,0,0,0,0,0,0,0,0,0,0,0,0,1,0,0,0,0,0,0,0,0,0,0,1,0,0,0,0,0,0,0,0,0,0,0,0,0,0,0,0,0,0,0,0,0,0,0,0,0,0,0,0,0,0,1,0,0,0,0,0,0,0,0,0,0,0,0,0,0
2019,0,0,0.5421686746987951,0.6225165562913907,0.8,0.8,0.8,0.8,181.4,137.8,4.0,6.8,1.300186161960906,1.3334799582119097,5.765060240963855,6.251655629139073,0.25,0.74,0.3888888888888889,1590.5640740057795,1623.3267149262242,-32.76264092044471,-0.08034788159259554,0.0,0.0,-0.03329379625100359,-0.48659538817521764,-0.49,43.599999999999994,-2.8,0,0,0,0,0,0,0,1,0,0,0,0,0,0,0,0,1,0,0,0,0,0,0,0,0,0,0,0,0,0,0,0,0,0,0,0,0,0,0,0,0,0,0,0,0,0,0,0,0,1,0,0,0,0,0,0,0,0,0,0,0,0,0,0,0,0,0,0,0,0,0,0
2019,0,0,0.46987951807228917,0.5714285714285714,0.6,0.6,0.4,0.6,164.4,169.0,5.6,6.2,1.316612510154346,1.3030660934473473,5.650602409638554,6.074285714285714,0.5,0.6129032258064516,0.4782608695652174,1493.7823836800862,1561.759208475059,-67.9768247949728,-0.10154905335628223,0.0,-0.19999999999999996,0.013546416706998743,-0.42368330464715953,-0.11290322580645162,-4.599999999999994,-0.6000000000000005,0,0,0,0,0,0,0,0,0,0,0,1,0,0,0,0,0,0,0,0,0,0,0,0,1,0,0,0,0,0,0,0,0,0,0,0,0,0,0,0,0,0,0,0,0,0,0,0,0,0,0,0,0,0,0,0,0,0,0,0,0,0,0,0,0,0,0,0,0,0,1,0
2019,0,0,0.5149253731343284,0.625,0.2,0.8,0.4,0.8,167.6,145.8,4.0,6.6,1.2805683032627144,1.3316753211259906,5.753731343283582,6.269736842105263,0.6976744186046512,0.4,0.35,1494.734626841196,1632.3865154819182,-137.6518886407223,-0.1100746268656716,-0.6000000000000001,-0.4,-0.051107017863276205,-0.5160054988216807,0.29767441860465116,21.799999999999983,-2.5999999999999996,0,0,0,0,0,0,0,0,0,0,0,0,1,0,0,0,1,0,0,0,0,0,0,0,0,0,0,0,0,0,0,0,0,0,0,0,0,0,0,0,0,0,0,0,0,0,0,0,0,0,0,0,0,0,0,0,0,0,0,0,0,0,1,0,0,0,0,0,0,0,0,0
2019,0,0,0.5389221556886228,0.4233128834355828,0.8,0.4,0.8,0.4,171.0,158.6,3.2,7.0,1.2975181131493756,1.293522691541767,5.748502994011976,5.766871165644171,0.6376811594202898,0.125,0.6190476190476191,1581.5042734500855,1452.5748363639818,128.9294370861037,0.11560927225303996,0.4,0.4,0.003995421607608574,-0.018368171632195285,0.5126811594202898,12.400000000000006,-3.8,0,0,0,0,0,0,0,1,0,0,0,0,0,0,0,0,0,0,1,0,0,0,0,0,0,0,0,0,0,0,0,0,0,0,0,0,0,0,0,0,0,1,0,0,0,0,0,0,0,0,0,0,0,0,0,0,0,0,0,0,0,0,0,0,0,0,0,0,0,0,0,0
2019,0,0,0.5738636363636364,0.5111111111111111,0.8,0.2,0.6,0.3,173.4,163.8,5.8,4.4,1.3045928430543816,1.2802420612639591,6.0625,5.7555555555555555,0.6190476190476191,0.42857142857142855,0.5555555555555556,1569.8272671402533,1488.501503706866,81.32576343338724,0.06275252525252528,0.6000000000000001,0.3,0.024350781790422493,0.30694444444444446,0.19047619047619052,9.599999999999994,1.3999999999999995,0,0,0,0,0,0,0,0,0,1,0,0,0,0,0,0,0,0,0,0,0,0,0,0,0,0,0,1,0,0,0,0,0,0,0,0,0,0,0,0,0,0,0,0,0,0,0,0,0,0,0,0,0,0,0,0,0,0,0,0,0,0,0,0,0,0,0,0,0,0,1,0
2019,0,0,0.46706586826347307,0.4642857142857143,0.6,0.0,0.4,0.3,165.8,161.2,6.2,4.8,1.318248322486252,1.3308197890660824,5.658682634730539,5.803571428571429,0.5882352941176471,1.0,0.5454545454545454,1485.714325014892,1431.9595473023167,53.75477771257533,0.0027801539777587703,0.6,0.10000000000000003,-0.012571466579830437,-0.14488879384088982,-0.4117647058823529,4.600000000000023,1.4000000000000004,0,0,0,0,0,0,0,0,0,0,0,1,0,0,0,0,0,0,0,0,0,0,0,0,0,0,0,0,0,1,0,0,0,0,0,0,0,0,0,0,0,0,0,0,0,0,0,0,0,0,0,0,0,0,0,0,0,1,0,0,0,0,0,0,0,0,0,0,0,0,0,0
2019,0,0,0.5357142857142857,0.6274509803921569,0.6,0.8,0.7,0.9,170.0,146.8,3.2,6.8,1.298391626244575,1.331125468266464,5.732142857142857,6.2745098039215685,0.6285714285714286,0.4,0.3684210526315789,1567.954836813328,1638.619638616248,-70.66480180292001,-0.09173669467787116,-0.20000000000000007,-0.20000000000000007,-0.032733842021889004,-0.5423669467787118,0.22857142857142854,23.19999999999999,-3.5999999999999996,0,0,0,0,0,0,0,1,0,0,0,0,0,0,0,0,1,0,0,0,0,0,0,0,0,0,0,0,0,0,0,0,0,0,0,0,0,0,0,0,0,1,0,0,0,0,0,0,0,0,0,0,0,0,0,0,0,0,0,0,0,0,0,0,0,0,0,0,0,0,0,0
2019,0,0,0.4268292682926829,0.5510204081632653,0.4,0.6,0.5,0.4,152.0,161.8,6.6,6.2,1.2951502838985258,1.299256981808865,5.774390243902439,6.040816326530612,0.5714285714285714,0.6666666666666666,0.3076923076923077,1466.1242730007393,1554.110602012865,-87.98632901212568,-0.12419113987058233,-0.19999999999999996,0.09999999999999998,-0.004106697910339241,-0.2664260826281728,-0.09523809523809523,-9.800000000000011,0.39999999999999947,1,0,0,1,0,0,0,0,0,0,0,0,0,0,0,0,0,0,0,0,0,0,0,0,0,0,0,0,0,0,1,0,0,0,0,0,0,0,0,0,0,0,0,0,0,0,0,0,0,0,0,0,0,0,0,0,0,0,0,1,0,0,0,0,0,0,0,0,0,0,0,0
2019,0,0,0.46745562130177515,0.5706214689265536,0.2,0.6,0.3,0.5,159.8,173.4,4.0,6.0,1.3317463533225284,1.3058318158472242,5.792899408284024,6.062146892655368,0.3333333333333333,0.609375,0.375,1443.4945057966297,1557.5283573149432,-114.03385151831344,-0.10316584762477848,-0.39999999999999997,-0.2,0.025914537475304256,-0.26924748437134394,-0.2760416666666667,-13.599999999999994,-2.0,0,0,0,0,0,0,0,0,0,0,0,0,0,0,1,0,0,0,0,0,0,0,0,0,1,0,0,0,0,0,0,0,0,0,0,0,0,0,0,0,0,0,0,0,0,0,0,0,0,0,0,0,0,0,0,0,0,0,0,0,0,0,0,0,0,0,0,0,0,0,1,0
2019,0,0,0.4642857142857143,0.5147058823529411,0.4,0.4,0.4,0.3,165.0,161.8,5.2,4.4,1.3186603830341923,1.2824498389893486,5.636904761904762,5.75,0.5555555555555556,0.5,0.4117647058823529,1474.179366520579,1500.8004135321762,-26.621047011597284,-0.05042016806722682,0.0,0.10000000000000003,0.036210544044843695,-0.11309523809523814,0.05555555555555558,3.1999999999999886,0.7999999999999998,1,0,0,0,0,0,0,0,0,0,0,1,0,0,0,0,0,0,0,0,0,0,0,0,0,0,0,1,0,0,0,0,0,0,0,0,0,0,0,0,0,0,0,0,0,0,0,0,0,0,0,0,0,0,0,0,0,1,0,0,0,0,0,0,0,0,0,0,0,0,0,0
2019,1,1,0.6298701298701299,0.5454545454545454,0.8,0.4,0.9,0.4,144.2,144.8,6.8,7.2,1.3312476401100384,1.2962117368510062,6.285714285714286,6.05050505050505,0.75,0.65,0.8,1646.6133313342023,1541.6309361253323,104.98239520887,0.0844155844155845,0.4,0.5,0.035035903259032164,0.23520923520923542,0.09999999999999998,-0.6000000000000227,-0.40000000000000036,0,1,0,0,0,0,0,0,0,0,0,0,0,0,0,0,0,0,0,0,0,0,0,0,0,0,0,0,0,0,1,0,0,0,0,0,0,0,0,0,0,0,0,0,0,0,0,0,0,0,0,0,0,0,0,0,0,0,0,1,0,0,0,0,0,0,0,0,0,0,0,0
2019,1,1,0.5730337078651685,0.4303030303030303,0.8,0.6,0.6,0.6,172.6,153.6,7.0,7.8,1.3065422296512978,1.294860514466125,6.067415730337078,5.8,0.0,0.4444444444444444,0.4782608695652174,1564.359190402017,1478.603938888272,85.75525151374495,0.1427306775621382,0.20000000000000007,0.0,0.011681715185172914,0.26741573033707855,-0.4444444444444444,19.0,-0.7999999999999998,1,0,0,0,0,0,0,0,0,1,0,0,0,0,0,0,0,0,1,0,0,0,0,0,0,0,0,0,0,0,0,1,0,0,0,0,0,0,0,0,0,0,0,0,0,0,0,0,0,0,0,0,0,0,0,0,0,0,0,0,0,0,0,0,0,0,0,0,0,0,0,0
2019,0,0,0.4647058823529412,0.5325443786982249,0.2,0.4,0.2,0.6,171.4,158.6,4.6,3.4,1.332242637805185,1.2983257229832572,5.788235294117647,5.727810650887574,0.3333333333333333,0.6197183098591549,0.391304347826087,1436.6636727095558,1559.9611440953738,-123.29747138581797,-0.06783849634528372,-0.2,-0.39999999999999997,0.033916914821927824,0.060424643230073016,-0.28638497652582157,12.800000000000011,1.1999999999999997,1,0,0,0,0,0,0,0,0,0,0,0,0,0,1,0,0,0,0,0,0,0,1,0,0,0,0,0,0,0,0,0,0,0,0,0,0,0,0,0,0,1,0,0,0,0,0,0,0,0,0,0,0,0,0,0,0,0,0,0,0,0,0,0,0,0,0,0,0,0,0,0
2019,0,0,0.5754189944134078,0.5109489051094891,0.8,0.4,0.6,0.3,172.2,162.4,7.2,4.6,1.3068187064309127,1.2829666953422638,6.083798882681564,5.751824817518248,0.3333333333333333,0.6818181818181818,0.5263157894736842,1571.9398869236595,1490.0356941416374,81.90419278202216,0.06447008930391873,0.4,0.3,0.023852011088648872,0.3319740651633163,-0.34848484848484845,9.799999999999983,2.6000000000000005,0,0,0,0,0,0,0,0,0,1,0,0,0,0,0,0,0,0,0,0,0,0,0,0,0,0,0,1,0,0,0,0,0,0,0,0,0,0,0,0,0,0,0,0,0,0,0,0,0,0,0,0,0,0,0,0,0,0,0,0,0,0,1,0,0,0,0,0,0,0,0,0
2019,0,0,0.46745562130177515,0.42771084337349397,0.4,0.6,0.5,0.6,168.2,148.8,4.6,7.0,1.3197129758820012,1.2932524171981075,5.644970414201183,5.795180722891566,1.0,0.4,0.6086956521739131,1484.9440859111178,1471.0232423666296,13.920843544488207,0.03974477792828118,-0.19999999999999996,-0.09999999999999998,0.026460558683893742,-0.150210308690383,0.6,19.399999999999977,-2.4000000000000004,0,0,0,0,0,0,0,0,0,0,0,1,0,0,0,0,0,0,1,0,0,0,0,0,0,0,0,0,0,0,0,1,0,0,0,0,0,0,0,0,0,0,0,0,0,0,0,0,0,0,0,0,0,0,0,0,0,0,0,0,0,0,0,0,0,0,0,0,0,0,0,0
2019,0,0,0.5294117647058824,0.55,0.2,0.4,0.5,0.5,158.0,126.0,3.6,6.2,1.3001814699062406,1.29639564124057,5.7176470588235295,6.04,0.7142857142857143,0.6585365853658537,0.625,1546.5541935043443,1554.5638498589244,-8.009656354580102,-0.020588235294117685,-0.2,0.0,0.0037858286656706763,-0.3223529411764705,0.05574912891986061,32.0,-2.6,0,0,0,0,0,0,0,1,0,0,0,0,0,0,0,0,0,0,0,0,0,0,0,0,0,0,0,0,0,0,1,0,0,0,0,0,0,0,0,0,0,0,0,0,0,0,0,0,0,0,0,0,0,0,0,0,0,0,0,1,0,0,0,0,0,0,0,0,0,0,0,0
2019,0,0,0.4678362573099415,0.6258064516129033,0.4,0.8,0.2,0.8,182.4,144.0,5.0,6.6,1.334567283641821,1.3295466723823812,5.783625730994152,6.2709677419354835,0.4782608695652174,0.625,0.3181818181818182,1450.0706233005853,1633.68041760061,-183.60979430002476,-0.15797019430296178,-0.4,-0.6000000000000001,0.005020611259439756,-0.48734201094133134,-0.1467391304347826,38.400000000000006,-1.5999999999999996,1,0,0,0,0,0,0,0,0,0,0,0,0,0,1,0,1,0,0,0,0,0,0,0,0,0,0,0,0,0,0,0,0,0,0,0,0,0,0,0,0,0,0,0,0,0,0,0,1,0,0,0,0,0,0,0,0,0,0,0,0,0,0,0,0,0,0,0,0,0,0,0
2019,0,0,0.5144927536231884,0.4311377245508982,0.4,0.8,0.3,0.6,162.0,156.2,4.8,7.4,1.2838489230581487,1.2934082779764946,5.746376811594203,5.802395209580839,0.6888888888888889,0.2,0.6111111111111112,1502.350366581622,1481.4237021758825,20.92666440573953,0.08335502907229014,-0.4,-0.3,-0.00955935491834592,-0.05601839798663555,0.4888888888888889,5.800000000000011,-2.6000000000000005,0,0,0,0,0,0,0,0,0,0,0,0,1,0,0,0,0,0,1,0,0,0,0,0,0,0,0,0,0,0,0,0,0,0,0,0,0,0,0,0,0,0,0,0,0,0,0,0,0,0,0,0,0,0,0,0,0,0,0,0,0,0,1,0,0,0,0,0,0,0,0,0
2019,0,0,0.5544554455445545,0.6217948717948718,0.4,0.6,0.5,0.7,132.0,144.0,6.2,7.0,1.2996506986027945,1.329358530742614,6.0594059405940595,6.2756410256410255,0.0,0.7450980392156863,0.2727272727272727,1564.3333542498249,1618.838299530206,-54.50494528038121,-0.0673394262503173,-0.19999999999999996,-0.19999999999999996,-0.029707832139819423,-0.2162350850469661,-0.7450980392156863,-12.0,-0.7999999999999998,0,0,0,0,0,0,0,0,0,0,0,0,0,0,0,1,1,0,0,0,0,0,0,0,0,0,0,0,0,0,0,0,0,0,0,0,0,0,0,0,0,0,0,0,0,0,0,0,0,1,0,0,0,0,0,0,0,0,0,0,0,0,0,0,0,0,0,0,0,0,0,0
2019,0,0,0.47093023255813954,0.4647058823529412,0.6,0.4,0.3,0.5,173.6,173.2,5.6,5.0,1.3344769291964995,1.3198117880138682,5.796511627906977,5.641176470588236,0.4857142857142857,0.45454545454545453,0.4782608695652174,1464.9127413709894,1474.543626101865,-9.63088473087555,0.006224350205198348,0.19999999999999996,-0.2,0.014665141182631292,0.15533515731874115,0.03116883116883118,0.4000000000000057,0.5999999999999996,1,0,0,0,0,0,0,0,0,0,0,0,0,0,1,0,0,0,0,0,0,0,0,0,0,0,1,0,0,0,0,0,0,0,0,0,0,0,0,0,0,0,0,0,0,0,0,0,1,0,0,0,0,0,0,0,0,0,0,0,0,0,0,0,0,0,0,0,0,0,0,0
2019,0,0,0.5263157894736842,0.5107913669064749,0.0,0.4,0.4,0.3,161.8,172.4,3.2,5.2,1.300070133253181,1.285774844062254,5.690058479532164,5.733812949640288,0.6111111111111112,0.125,0.5882352941176471,1536.7846891134438,1491.7487760837791,45.0359130296647,0.015524422567209317,-0.4,0.10000000000000003,0.01429528919092693,-0.04375447010812383,0.48611111111111116,-10.599999999999994,-2.0,0,0,0,0,0,0,0,1,0,0,0,0,0,0,0,0,0,0,0,0,0,0,0,0,0,0,0,1,0,0,0,0,0,0,0,0,0,0,0,0,0,1,0,0,0,0,0,0,0,0,0,0,0,0,0,0,0,0,0,0,0,0,0,0,0,0,0,0,0,0,0,0
2019,0,0,0.5722222222222222,0.6242038216560509,0.6,0.6,0.6,0.7,177.2,157.0,6.2,5.8,1.3067707137938949,1.3301597376494234,6.0777777777777775,6.254777070063694,0.5,0.75,0.56,1559.6252144836749,1627.2822652135692,-67.65705072989431,-0.05198159943382874,0.0,-0.09999999999999998,-0.023389023855528546,-0.1769992922859167,-0.25,20.19999999999999,0.40000000000000036,1,0,0,0,0,0,0,0,0,1,0,0,0,0,0,0,1,0,0,0,0,0,0,0,0,0,0,0,0,0,0,0,0,0,0,0,0,0,0,0,0,0,0,0,0,0,0,0,0,1,0,0,0,0,0,0,0,0,0,0,0,0,0,0,0,0,0,0,0,0,0,0
2019,0,0,0.5490196078431373,0.5142857142857142,0.4,0.6,0.5,0.4,147.8,177.6,5.6,5.2,1.30089734090722,1.2870626427798486,6.03921568627451,5.735714285714286,0.5,0.6739130434782609,0.6,1555.8893885664618,1503.0378023870321,52.85158617942966,0.03473389355742307,-0.19999999999999996,0.09999999999999998,0.01383469812737137,0.3035014005602239,-0.17391304347826086,-29.799999999999983,0.39999999999999947,0,0,0,0,0,0,0,0,0,0,0,0,0,0,0,1,0,0,0,0,0,0,0,0,0,0,0,1,0,0,0,0,0,0,0,0,0,0,0,0,0,0,0,0,0,0,0,0,0,0,0,0,0,0,0,0,0,0,0,0,0,0,1,0,0,0,0,0,0,0,0,0
2019,1,1,0.43452380952380953,0.47398843930635837,0.8,0.8,0.6,0.4,164.4,184.2,7.0,5.8,1.295524965713415,1.336215842269111,5.803571428571429,5.803468208092486,0.45454545454545453,1.0,0.35,1492.0252926737253,1475.18986953862,16.835423135105202,-0.03946462978254883,0.0,0.19999999999999996,-0.04069087655569614,0.0001032204789428448,-0.5454545454545454,-19.799999999999983,1.2000000000000002,1,0,0,1,0,0,0,0,0,0,0,0,0,0,0,0,0,0,0,0,0,0,0,0,0,0,0,0,0,1,0,1,0,0,0,0,0,0,0,0,0,0,0,0,0,0,0,0,0,0,0,0,0,0,0,0,0,0,0,0,0,0,0,0,0,0,0,0,0,0,0,0
2019,0,0,0.5232558139534884,0.574585635359116,0.0,0.6,0.4,0.7,175.2,168.6,4.0,7.4,1.3008215085884989,1.306509037794413,5.6976744186046515,6.099447513812155,0.6027397260273972,0.8333333333333334,0.21739130434782608,1525.4956628101909,1571.5482939315664,-46.0526311213755,-0.051329821405627585,-0.6,-0.29999999999999993,-0.005687529205914199,-0.4017730952075036,-0.23059360730593614,6.599999999999994,-3.4000000000000004,1,0,0,0,0,0,0,1,0,0,0,0,0,0,0,0,0,0,0,0,0,0,0,0,1,0,0,0,0,0,0,0,0,0,0,0,0,0,0,0,0,1,0,0,0,0,0,0,0,0,0,0,0,0,0,0,0,0,0,0,0,0,0,0,0,0,0,0,0,0,0,0
2019,0,0,0.5436893203883495,0.4619883040935672,0.4,0.2,0.5,0.4,149.8,180.0,5.4,5.0,1.3008964955175224,1.3208624593876144,6.009708737864078,5.631578947368421,0.6666666666666666,0.4444444444444444,0.6923076923076923,1544.3798235998918,1464.2664979342342,80.11332566565761,0.08170101629478227,0.2,0.09999999999999998,-0.019965963870091974,0.37812979049565687,0.2222222222222222,-30.19999999999999,0.40000000000000036,1,0,0,0,0,0,0,0,0,0,0,0,0,0,0,1,0,0,0,0,0,0,0,0,0,0,1,0,0,0,0,0,0,0,0,0,0,0,0,0,0,0,0,0,0,0,0,0,0,0,0,0,0,0,0,0,0,0,0,1,0,0,0,0,0,0,0,0,0,0,0,0
2019,0,0,0.620253164556962,0.4378698224852071,0.4,0.8,0.6,0.6,147.8,165.8,5.2,7.0,1.3280576296140498,1.2971171807946686,6.2405063291139244,5.810650887573964,0.7358490566037735,0.2857142857142857,0.6842105263157895,1615.3591857656777,1501.541109140624,113.81807662505366,0.18238334207175488,-0.4,0.0,0.030940448819381183,0.42985544153996,0.45013477088948783,-18.0,-1.7999999999999998,1,1,0,0,0,0,0,0,0,0,0,0,0,0,0,0,0,0,1,0,0,0,0,0,0,0,0,0,0,0,0,0,0,0,0,0,0,0,0,0,0,0,0,0,0,0,0,0,0,1,0,0,0,0,0,0,0,0,0,0,0,0,0,0,0,0,0,0,0,0,0,0
2019,0,0,0.45930232558139533,0.5260115606936416,0.2,0.2,0.4,0.4,174.0,186.0,4.8,4.8,1.3208257913017953,1.3041907871950917,5.633720930232558,5.705202312138728,0.5789473684210527,0.5,0.3333333333333333,1456.5323288815575,1536.8134554402598,-80.28112655870223,-0.0667092351122463,0.0,0.0,0.0166350041067036,-0.07148138190617015,0.07894736842105265,-12.0,0.0,0,0,0,0,0,0,0,0,0,0,0,1,0,0,0,0,0,0,0,0,0,0,1,0,0,0,0,0,0,0,0,0,0,0,0,0,0,0,0,0,0,0,0,0,0,0,0,0,0,0,0,0,0,0,0,0,0,1,0,0,0,0,0,0,0,0,0,0,0,0,0,0
2019,1,1,0.5177304964539007,0.43529411764705883,0.6,0.6,0.5,0.6,172.2,154.6,5.8,5.8,1.2876074498567336,1.295704596834966,5.75177304964539,5.8,0.0,0.5,0.5789473684210527,1514.547367353602,1494.7046882128243,19.84267914077782,0.08243637880684185,0.0,-0.09999999999999998,-0.008097146978232495,-0.04822695035460978,-0.5,17.599999999999994,0.0,0,0,0,0,0,0,0,0,0,0,0,0,1,0,0,0,0,0,1,0,0,0,0,0,0,0,0,0,0,0,0,1,0,0,0,0,0,0,0,0,0,0,0,0,0,0,0,0,0,0,0,0,0,0,0,0,0,0,0,0,0,0,0,0,0,0,0,0,0,0,0,0
2019,0,0,0.5480769230769231,0.47126436781609193,0.6,0.6,0.5,0.4,169.0,183.6,5.6,6.0,1.3043548387096775,1.3366078884031631,6.028846153846154,5.7988505747126435,0.2857142857142857,0.49295774647887325,0.5833333333333334,1552.1139926525684,1465.6740530717213,86.43993958084707,0.0768125552608312,0.0,0.09999999999999998,-0.032253049693485636,0.22999557913351065,-0.20724346076458755,-14.599999999999994,-0.40000000000000036,0,0,0,0,0,0,0,0,0,0,0,0,0,0,0,1,0,0,0,0,0,0,0,0,0,0,0,0,0,1,0,0,0,0,0,0,0,0,0,0,0,0,0,0,0,0,0,0,1,0,0,0,0,0,0,0,0,0,0,0,0,0,0,0,0,0,0,0,0,0,0,0
2019,0,0,0.6226415094339622,0.45664739884393063,0.4,0.2,0.6,0.3,151.2,176.0,5.6,5.0,1.3287363527137857,1.321953117401031,6.264150943396227,5.618497109826589,0.0,0.55,0.631578947368421,1622.1956066934774,1448.8027410689199,173.39286562455754,0.1659941105900316,0.2,0.3,0.006783235312754599,0.6456538335696376,-0.55,-24.80000000000001,0.5999999999999996,0,1,0,0,0,0,0,0,0,0,0,0,0,0,0,0,0,0,0,0,0,0,0,0,0,0,1,0,0,0,0,0,0,0,0,0,0,0,0,0,0,0,0,0,0,0,0,0,0,0,0,0,0,0,0,0,0,1,0,0,0,0,0,0,0,0,0,0,0,0,0,0
2019,0,0,0.5287356321839081,0.5714285714285714,0.4,0.6,0.4,0.6,190.8,170.8,5.0,6.6,1.3060421176933674,1.3083802433266751,5.706896551724138,6.076923076923077,0.125,0.6153846153846154,0.25,1544.5430432528974,1560.2305013014975,-15.687458048600092,-0.04269293924466333,-0.19999999999999996,-0.19999999999999996,-0.0023381256333077083,-0.37002652519893875,-0.4903846153846154,20.0,-1.5999999999999996,0,0,0,0,0,0,0,1,0,0,0,0,0,0,0,0,0,0,0,0,0,0,0,0,1,0,0,0,0,0,0,0,0,0,0,0,0,0,0,0,0,0,0,0,0,0,0,0,0,0,0,0,0,0,0,0,0,0,0,0,0,0,0,0,0,0,0,0,0,0,1,0
2019,1,1,0.61875,0.5737704918032787,0.4,0.6,0.6,0.7,158.8,163.2,5.6,6.6,1.3292151162790697,1.3085231381055675,6.25,6.081967213114754,0.7407407407407407,0.5714285714285714,0.4230769230769231,1607.5817932796897,1569.7792865544948,37.80250672519492,0.04497950819672136,-0.19999999999999996,-0.09999999999999998,0.020691978173502212,0.16803278688524603,0.1693121693121693,-4.399999999999977,-1.0,0,1,0,0,0,0,0,0,0,0,0,0,0,0,0,0,0,0,0,0,0,0,0,0,1,0,0,0,0,0,0,0,0,0,0,0,0,0,0,0,0,0,0,0,0,0,0,0,0,1,0,0,0,0,0,0,0,0,0,0,0,0,0,0,0,0,0,0,0,0,0,0
2019,0,0,0.5428571428571428,0.43859649122807015,0.4,0.8,0.4,0.7,176.6,153.2,5.8,6.6,1.3055178471612234,1.295405689146628,6.0285714285714285,5.818713450292398,0.6,0.3333333333333333,0.6428571428571429,1539.676144584039,1505.2751862866328,34.400958297406305,0.10426065162907266,-0.4,-0.29999999999999993,0.01011215801459553,0.20985797827903063,0.26666666666666666,23.400000000000006,-0.7999999999999998,0,0,0,0,0,0,0,0,0,0,0,0,0,0,0,1,0,0,1,0,0,0,0,0,0,0,0,0,0,0,0,0,0,0,0,0,0,0,0,1,0,0,0,0,0,0,0,0,0,0,0,0,0,0,0,0,0,0,0,0,0,0,0,0,0,0,0,0,0,0,0,0
2019,0,0,0.4418604651162791,0.6149068322981367,0.8,0.4,0.8,0.5,153.0,153.0,6.8,5.0,1.2956227952501616,1.3274706003713637,5.8313953488372094,6.236024844720497,0.5,1.0,0.3,1516.2621024030504,1596.498023000427,-80.23592059737666,-0.17304636718185762,0.4,0.30000000000000004,-0.03184780512120211,-0.4046294958832872,-0.5,0.0,1.7999999999999998,0,0,0,1,0,0,0,0,0,0,0,0,0,0,0,0,1,0,0,0,0,0,0,0,0,0,0,0,0,0,0,0,0,0,0,0,0,0,0,1,0,0,0,0,0,0,0,0,0,0,0,0,0,0,0,0,0,0,0,0,0,0,0,0,0,0,0,0,0,0,0,0
2019,1,1,0.5760869565217391,0.6172839506172839,0.6,0.4,0.7,0.5,156.0,148.0,5.6,6.2,1.3078099006339643,1.3273174733388022,6.070652173913044,6.253086419753086,0.6,0.6,0.5925925925925926,1580.8630568337574,1604.228844911283,-23.36578807752562,-0.04119699409554478,0.19999999999999996,0.19999999999999996,-0.01950757270483794,-0.1824342458400423,0.0,8.0,-0.6000000000000005,1,0,0,0,0,0,0,0,0,1,0,0,0,0,0,0,1,0,0,0,0,0,0,0,0,0,0,0,0,0,0,0,0,0,0,0,0,0,0,0,0,0,0,0,0,0,0,0,0,0,0,0,0,0,0,0,0,0,0,1,0,0,0,0,0,0,0,0,0,0,0,0
2020,0,0,0.5783783783783784,0.6134969325153374,0.8,0.4,0.7,0.4,153.6,155.8,6.0,7.0,1.3072795564299768,1.3264723863867944,6.075675675675676,6.263803680981595,0.0,0.5,0.6071428571428571,1591.534566201385,1593.5573355436554,-2.0227693422705215,-0.03511855413695908,0.4,0.29999999999999993,-0.019192829956817592,-0.1881280053059191,-0.5,-2.200000000000017,-1.0,0,0,0,0,0,0,0,0,0,1,0,0,0,0,0,0,1,0,0,0,0,0,0,0,0,0,0,0,0,0,0,0,0,0,0,0,0,0,0,0,0,0,0,0,0,0,0,0,0,0,0,0,0,0,0,0,0,0,0,0,0,0,0,0,0,1,0,0,0,0,0,0
2020,0,0,0.4742857142857143,0.5377358490566038,0.8,0.2,0.5,0.3,185.0,176.8,6.4,5.8,1.3372717508055854,1.3051142202197454,5.805714285714286,6.047169811320755,0.5,1.0,0.46153846153846156,1478.1119011402507,1528.6892284676214,-50.57732732737077,-0.06345013477088945,0.6000000000000001,0.2,0.03215753058583992,-0.24145552560646877,-0.5,8.199999999999989,0.6000000000000005,1,0,0,0,0,0,0,0,0,0,0,0,0,0,1,0,0,0,0,0,0,0,0,0,0,0,0,0,0,0,1,0,0,0,0,0,0,0,0,0,1,0,0,0,0,0,0,0,0,0,0,0,0,0,0,0,0,0,0,0,0,0,0,0,0,0,0,0,0,0,0,0
2020,0,0,0.5140845070422535,0.6158536585365854,0.6,0.4,0.5,0.4,161.2,153.2,5.6,6.8,1.2848086266145278,1.3268179056106948,5.746478873239437,6.280487804878049,0.0,1.0,0.3333333333333333,1503.9768692797936,1603.499116219772,-99.52224693997846,-0.10176915149433186,0.19999999999999996,0.09999999999999998,-0.04200927899616702,-0.5340089316386116,-1.0,8.0,-1.2000000000000002,1,0,0,0,0,0,0,0,0,0,0,0,1,0,0,0,1,0,0,0,0,0,0,0,0,0,0,0,0,0,0,0,0,0,0,0,0,0,0,0,0,0,0,0,0,0,0,0,0,0,0,0,0,0,0,0,0,0,0,0,0,0,0,0,1,0,0,0,0,0,0,0
2020,0,0,0.5752688172043011,0.5257142857142857,0.6,0.4,0.6,0.3,155.0,176.8,5.0,4.4,1.307274991106368,1.3043712106395462,6.06989247311828,5.68,0.0,0.5,0.76,1581.5927855252683,1534.9942579999001,46.59852752536813,0.04955453149001543,0.19999999999999996,0.3,0.002903780466821715,0.38989247311828024,-0.5,-21.80000000000001,0.5999999999999996,1,0,0,0,0,0,0,0,0,1,0,0,0,0,0,0,0,0,0,0,0,0,1,0,0,0,0,0,0,0,0,0,0,0,0,0,0,0,0,0,0,0,0,0,0,0,0,0,0,0,0,0,0,0,0,0,0,0,0,0,0,0,0,0,0,1,0,0,0,0,0,0
2020,0,0,0.45977011494252873,0.4772727272727273,0.2,0.8,0.3,0.6,174.2,175.0,4.6,7.4,1.3230955259975816,1.3371348151023974,5.614942528735632,5.829545454545454,1.0,0.6666666666666666,0.5,1463.4165544827076,1489.55743697794,-26.14088249523229,-0.017502612330198564,-0.6000000000000001,-0.3,-0.014039289104815778,-0.21460292580982188,0.33333333333333337,-0.8000000000000114,-2.8000000000000007,1,0,0,0,0,0,0,0,0,0,0,1,0,0,0,0,0,0,0,0,0,0,0,0,0,0,0,0,0,1,0,0,0,0,0,0,0,0,0,0,1,0,0,0,0,0,0,0,0,0,0,0,0,0,0,0,0,0,0,0,0,0,0,0,0,0,0,0,0,0,0,0
2020,0,0,0.4393063583815029,0.6121212121212121,0.6,0.4,0.7,0.4,143.8,159.2,6.4,7.4,1.2950123456790124,1.3286030595813205,5.820809248554913,6.284848484848485,0.5,1.0,0.2857142857142857,1508.5312804921946,1590.7104928702008,-82.17921237800624,-0.17281485373970917,0.19999999999999996,0.29999999999999993,-0.03359071390230817,-0.4640392362935719,-0.5,-15.399999999999977,-1.0,1,0,0,1,0,0,0,0,0,0,0,0,0,0,0,0,1,0,0,0,0,0,0,0,0,0,0,0,0,0,0,0,0,0,0,0,0,0,0,0,1,0,0,0,0,0,0,0,0,0,0,0,0,0,0,0,0,0,0,0,0,0,0,0,0,0,0,0,0,0,0,0
2020,1,1,0.5327102803738317,0.5227272727272727,0.2,0.4,0.3,0.2,172.4,174.2,6.0,5.2,1.3046269474673138,1.3036695018226003,6.037383177570093,5.676136363636363,0.0,0.3333333333333333,0.4117647058823529,1517.2436926299322,1526.3274867288433,-9.083794098911085,0.009983007646559017,-0.2,0.09999999999999998,0.0009574456447134505,0.3612468139337297,-0.3333333333333333,-1.799999999999983,0.7999999999999998,0,0,0,0,0,0,0,0,0,0,0,0,0,0,0,1,0,0,0,0,0,0,1,0,0,0,0,0,0,0,0,0,0,0,0,0,0,0,0,0,0,0,0,0,0,0,0,0,0,0,0,0,0,0,0,0,0,0,0,0,0,0,0,0,0,1,0,0,0,0,0,0
2020,0,0,0.46285714285714286,0.5174825174825175,0.4,0.6,0.4,0.5,182.8,172.0,5.6,5.8,1.325048076923077,1.2878395860284606,5.64,5.748251748251748,1.0,0.5,0.4444444444444444,1474.1675330042654,1516.7654926293649,-42.59795962509952,-0.054625374625374645,-0.19999999999999996,-0.09999999999999998,0.03720849089461642,-0.10825174825174866,0.5,10.800000000000011,-0.20000000000000018,0,0,0,0,0,0,0,0,0,0,0,1,0,0,0,0,0,0,0,0,0,0,0,0,0,0,0,1,0,0,0,0,0,0,0,0,0,0,0,0,0,0,0,0,0,0,0,0,0,0,0,0,0,0,0,0,0,0,0,0,0,0,0,0,1,0,0,0,0,0,0,0
2020,0,0,0.5277777777777778,0.4425287356321839,0.2,0.6,0.3,0.7,168.8,141.4,6.0,6.4,1.3031947890818858,1.2957836352034555,6.0092592592592595,5.827586206896552,0.0,0.0,0.6,1507.5050856830887,1520.8534431583646,-13.348357475275861,0.08524904214559387,-0.39999999999999997,-0.39999999999999997,0.007411153878430277,0.18167305236270792,0.0,27.400000000000006,-0.40000000000000036,1,0,0,0,0,0,0,0,0,0,0,0,0,0,0,1,0,0,1,0,0,0,0,0,0,0,0,0,0,0,0,0,0,0,0,0,0,0,0,0,0,0,0,0,0,0,0,0,0,0,0,0,0,0,0,0,0,0,0,0,0,0,0,0,0,1,0,0,0,0,0,0
2020,0,0,0.5254237288135594,0.5208333333333334,0.6,0.8,0.3,0.6,168.2,179.0,4.6,5.4,1.303620631314352,1.291785860237025,5.666666666666667,5.722222222222222,0.0,0.0,0.5555555555555556,1536.0660936756867,1525.5455316665052,10.520562009181504,0.004590395480225995,-0.20000000000000007,-0.3,0.011834771077327,-0.05555555555555536,0.0,-10.800000000000011,-0.8000000000000007,1,0,0,0,0,0,0,1,0,0,0,0,0,0,0,0,0,0,0,0,0,0,0,0,0,0,0,1,0,0,0,0,0,0,0,0,0,0,0,0,1,0,0,0,0,0,0,0,0,0,0,0,0,0,0,0,0,0,0,0,0,0,0,0,0,0,0,0,0,0,0,0
2020,0,0,0.5775401069518716,0.4602272727272727,0.8,0.4,0.7,0.3,154.4,190.4,6.4,6.0,1.3083248596312835,1.3276628279256464,6.0855614973262036,5.642045454545454,0.3333333333333333,1.0,0.5416666666666666,1590.2595567963251,1465.387493967125,124.8720628292001,0.11731283422459893,0.4,0.39999999999999997,-0.01933796829436285,0.4435160427807494,-0.6666666666666667,-36.0,0.40000000000000036,1,0,0,0,0,0,0,0,0,1,0,0,0,0,0,0,0,0,0,0,0,0,0,0,0,0,1,0,0,0,0,0,0,0,0,0,0,0,0,0,0,0,0,0,0,0,0,0,0,0,0,0,0,0,0,0,0,0,0,0,0,0,0,0,0,1,0,0,0,0,0,0
2020,1,1,0.5321100917431193,0.608433734939759,0.2,0.4,0.4,0.4,158.8,159.2,5.8,7.2,1.303325908287887,1.3269153830766154,6.018348623853211,6.265060240963855,0.6666666666666666,0.6666666666666666,0.25,1517.8890933726202,1578.3883302040308,-60.4992368314106,-0.07632364319663976,-0.2,0.0,-0.023589474788728415,-0.24671161711064382,0.0,-0.39999999999997726,-1.4000000000000004,1,0,0,0,0,0,0,0,0,0,0,0,0,0,0,1,1,0,0,0,0,0,0,0,0,0,0,0,0,0,0,0,0,0,0,0,0,0,0,0,1,0,0,0,0,0,0,0,0,0,0,0,0,0,0,0,0,0,0,0,0,0,0,0,0,0,0,0,0,0,0,0
2020,1,1,0.5172413793103449,0.4745762711864407,0.6,0.6,0.6,0.6,171.0,164.6,5.4,6.4,1.2906666666666666,1.3354253162112582,5.724137931034483,5.813559322033898,1.0,0.0,0.5555555555555556,1515.8482452668893,1478.8064584563822,37.04178681050712,0.04266510812390417,0.0,0.0,-0.04475864954459152,-0.08942139099941482,1.0,6.400000000000006,-1.0,0,0,0,0,0,0,0,0,0,0,0,0,1,0,0,0,0,0,0,0,0,0,0,0,0,0,0,0,0,1,0,0,0,0,0,0,0,0,0,0,0,0,0,0,0,0,0,0,0,0,0,0,0,0,0,0,0,0,0,0,0,0,0,0,0,1,0,0,0,0,0,0
2020,0,0,0.44,0.5280898876404494,0.6,0.6,0.6,0.4,151.0,156.6,6.4,5.0,1.2951163584914867,1.303963487869325,5.817142857142857,5.685393258426966,0.5,1.0,0.4090909090909091,1510.4694354688331,1545.7633800753026,-35.293944606469495,-0.0880898876404494,0.0,0.19999999999999996,-0.00884712937783827,0.13174959871589031,-0.5,-5.599999999999994,1.4000000000000004,1,0,0,1,0,0,0,0,0,0,0,0,0,0,0,0,0,0,0,0,0,0,1,0,0,0,0,0,0,0,0,0,0,0,0,0,0,0,0,0,0,0,0,0,0,0,0,0,0,0,0,0,0,0,0,0,0,0,0,0,0,0,0,0,1,0,0,0,0,0,0,0
2020,1,1,0.4576271186440678,0.6047904191616766,0.4,0.2,0.3,0.3,185.6,160.4,5.6,6.4,1.3265722971689151,1.3265407554671969,5.632768361581921,6.25748502994012,1.0,0.5,0.4,1458.8344424320685,1566.664411032213,-107.82996860014441,-0.14716330051760884,0.2,0.0,3.154170171826287e-05,-0.6247166683581984,0.5,25.19999999999999,-0.8000000000000007,0,0,0,0,0,0,0,0,0,0,0,1,0,0,0,0,1,0,0,0,0,0,0,0,0,0,0,0,0,0,0,0,0,0,0,0,0,0,0,0,1,0,0,0,0,0,0,0,0,0,0,0,0,0,0,0,0,0,0,0,0,0,0,0,0,0,0,0,0,0,0,0
2020,1,1,0.5797872340425532,0.5363636363636364,0.8,0.4,0.7,0.4,165.8,156.6,6.6,5.6,1.3095321843123462,1.3031109758880353,6.095744680851064,6.009090909090909,0.0,0.0,0.46153846153846156,1596.8126083313816,1529.613012544438,67.19959578694352,0.04342359767891679,0.4,0.29999999999999993,0.006421208424310931,0.08665377176015543,0.0,9.200000000000017,1.0,1,0,0,0,0,0,0,0,0,1,0,0,0,0,0,0,0,0,0,0,0,0,0,0,0,0,0,0,0,0,1,0,0,0,0,0,0,0,0,0,0,0,0,0,0,0,0,0,0,0,0,0,0,0,0,0,0,0,0,0,0,0,0,0,1,0,0,0,0,0,0,0
2020,0,0,0.4431818181818182,0.47752808988764045,0.6,0.6,0.7,0.7,172.4,155.8,6.2,6.2,1.2985110820117367,1.3355736917906864,5.829545454545454,5.814606741573034,0.6666666666666666,0.5,0.38095238095238093,1521.481796946387,1489.8685855279796,31.613211418407445,-0.03434627170582227,0.0,0.0,-0.03706260977894971,0.014938712972420554,0.16666666666666663,16.599999999999994,0.0,1,0,0,1,0,0,0,0,0,0,0,0,0,0,0,0,0,0,0,0,0,0,0,0,0,0,0,0,0,1,0,0,0,0,0,0,0,0,0,0,1,0,0,0,0,0,0,0,0,0,0,0,0,0,0,0,0,0,0,0,0,0,0,0,0,0,0,0,0,0,0,0
2020,1,1,0.582010582010582,0.5136986301369864,0.8,0.4,0.7,0.5,181.0,169.6,7.2,4.2,1.3115843792364543,1.2904674188349068,6.1005291005291005,5.698630136986301,0.5,0.6666666666666666,0.5,1604.9022117669945,1504.786118195292,100.11609357170255,0.06831195187359562,0.4,0.19999999999999996,0.021116960401547535,0.4018989635427994,-0.16666666666666663,11.400000000000006,3.0,1,0,0,0,0,0,0,0,0,1,0,0,0,0,0,0,0,0,0,0,0,0,0,0,0,0,0,1,0,0,0,0,0,0,0,0,0,0,0,0,0,0,0,0,0,0,0,0,0,0,0,0,0,0,0,0,0,0,0,0,0,0,0,0,0,1,0,0,0,0,0,0
2020,1,1,0.5251396648044693,0.6071428571428571,0.4,0.4,0.4,0.4,161.6,167.0,4.6,5.6,1.3060834686276381,1.3280778925517718,5.675977653631285,6.244047619047619,0.5,0.6666666666666666,0.35,1534.7510185977487,1573.6567690176341,-38.90575041988541,-0.08200319233838782,0.0,0.0,-0.021994423924133644,-0.5680699654163339,-0.16666666666666663,-5.400000000000006,-1.0,1,0,0,0,0,0,0,1,0,0,0,0,0,0,0,0,1,0,0,0,0,0,0,0,0,0,0,0,0,0,0,0,0,0,0,0,0,0,0,0,0,0,0,0,0,0,0,0,0,0,0,0,0,0,0,0,0,0,0,0,0,0,0,0,0,1,0,0,0,0,0,0
2020,1,1,0.5315315315315315,0.4550561797752809,0.4,0.4,0.3,0.3,159.0,184.6,5.0,5.0,1.3035552877372703,1.3272727272727274,6.0,5.601123595505618,0.75,0.6666666666666666,0.7142857142857143,1521.5234091088253,1451.8420844466473,69.68132466217799,0.07647535175625064,0.0,0.0,-0.02371743953545713,0.39887640449438244,0.08333333333333337,-25.599999999999994,0.0,1,0,0,0,0,0,0,0,0,0,0,0,0,0,0,1,0,0,0,0,0,0,0,0,0,0,1,0,0,0,0,0,0,0,0,0,0,0,0,0,1,0,0,0,0,0,0,0,0,0,0,0,0,0,0,0,0,0,0,0,0,0,0,0,0,0,0,0,0,0,0,0
2020,0,0,0.4463276836158192,0.5102040816326531,0.6,0.4,0.7,0.5,178.6,173.8,6.4,4.0,1.3000723065798987,1.2901269877588377,5.8474576271186445,5.687074829931973,0.6666666666666666,0.6666666666666666,0.45,1530.5743983779612,1497.5904971322957,32.98390124566549,-0.06387639801683387,0.19999999999999996,0.19999999999999996,0.009945318821060978,0.1603827971866716,0.0,4.799999999999983,2.4000000000000004,1,0,0,1,0,0,0,0,0,0,0,0,0,0,0,0,0,0,0,0,0,0,0,0,0,0,0,1,0,0,0,0,0,0,0,0,0,0,0,0,0,0,0,0,0,0,0,0,0,0,0,0,0,0,0,0,0,0,0,0,0,0,0,0,1,0,0,0,0,0,0,0
2020,1,1,0.5277777777777778,0.45251396648044695,0.6,0.2,0.5,0.2,168.4,176.4,5.4,5.2,1.3061989747484337,1.327051414606636,5.6722222222222225,5.603351955307263,0.6,0.6666666666666666,0.68,1545.866158913927,1443.8212090388568,102.04494987507019,0.07526381129733084,0.39999999999999997,0.3,-0.020852439858202176,0.0688702669149599,-0.06666666666666665,-8.0,0.20000000000000018,1,0,0,0,0,0,0,1,0,0,0,0,0,0,0,0,0,0,0,0,0,0,0,0,0,0,1,0,0,0,0,0,0,0,0,0,0,0,0,0,0,0,0,0,0,0,0,0,0,0,0,0,0,0,0,0,0,0,0,0,0,0,0,0,0,1,0,0,0,0,0,0
2020,1,1,0.4748603351955307,0.6035502958579881,0.6,0.2,0.6,0.3,149.0,165.2,6.0,5.8,1.3340809314754725,1.32783099975436,5.804469273743017,6.266272189349112,0.4,0.6,0.34782608695652173,1480.7759840964054,1562.541628701456,-81.76564460505051,-0.12868996066245741,0.39999999999999997,0.3,0.006249931721112434,-0.46180291560609543,-0.19999999999999996,-16.19999999999999,0.20000000000000018,1,0,0,0,0,0,0,0,0,0,0,0,0,0,1,0,1,0,0,0,0,0,0,0,0,0,0,0,0,0,0,0,0,0,0,0,0,0,0,0,1,0,0,0,0,0,0,0,0,0,0,0,0,0,0,0,0,0,0,0,0,0,0,0,0,0,0,0,0,0,0,0
2020,1,1,0.5357142857142857,0.5067567567567568,0.6,0.2,0.4,0.4,168.6,158.2,6.0,4.4,1.3063950451458846,1.2887323943661972,6.035714285714286,5.702702702702703,0.8,0.0,0.5454545454545454,1529.5442845166158,1488.5370082869902,41.00727622962563,0.0289575289575289,0.39999999999999997,0.0,0.017662650779687317,0.33301158301158296,0.8,10.400000000000006,1.5999999999999996,0,0,0,0,0,0,0,0,0,0,0,0,0,0,0,1,0,0,0,0,0,0,0,0,0,0,0,1,0,0,0,0,0,0,0,0,0,0,0,0,1,0,0,0,0,0,0,0,0,0,0,0,0,0,0,0,0,0,0,0,0,0,0,0,0,0,0,0,0,0,0,0
2020,1,1,0.449438202247191,0.5842105263157895,0.8,0.8,0.7,0.8,186.0,189.8,7.6,7.8,1.3009773859716367,1.3127337566321648,5.870786516853933,6.121052631578947,0.0,0.6,0.5,1539.6278872232667,1612.0978328299907,-72.46994560672397,-0.13477232406859851,0.0,-0.10000000000000009,-0.011756370660528148,-0.25026611472501425,-0.6,-3.8000000000000114,-0.20000000000000018,0,0,0,1,0,0,0,0,0,0,0,0,0,0,0,0,0,0,0,0,0,0,0,0,1,0,0,0,0,0,0,0,0,0,0,0,0,0,0,0,0,0,0,0,0,0,0,0,0,0,0,0,0,0,0,0,0,0,0,0,0,0,0,0,0,1,0,0,0,0,0,0
2020,1,1,0.4777777777777778,0.5303867403314917,0.6,0.8,0.7,0.6,147.2,172.0,6.2,5.4,1.3338075591596719,1.3062948282370705,5.816666666666666,5.668508287292818,0.5,0.5,0.4166666666666667,1493.0868821024403,1553.0107092200167,-59.923827117576366,-0.05260896255371389,-0.20000000000000007,0.09999999999999998,0.027512730922601314,0.14815837937384835,0.0,-24.80000000000001,0.7999999999999998,1,0,0,0,0,0,0,0,0,0,0,0,0,0,1,0,0,0,0,0,0,0,1,0,0,0,0,0,0,0,0,0,0,0,0,0,0,0,0,0,0,0,0,0,0,0,0,0,0,0,0,0,0,0,0,0,0,0,0,0,0,0,0,0,1,0,0,0,0,0,0,0
2020,1,1,0.6,0.5309734513274337,0.2,0.6,0.3,0.4,151.6,171.8,5.2,6.4,1.326171875,1.3061963916001182,6.252941176470588,6.0265486725663715,0.5,0.6666666666666666,0.6923076923076923,1550.230730695421,1518.3694505934695,31.86128010195148,0.0690265486725663,-0.39999999999999997,-0.10000000000000003,0.019975483399881755,0.22639250390421672,-0.16666666666666663,-20.200000000000017,-1.2000000000000002,1,1,0,0,0,0,0,0,0,0,0,0,0,0,0,0,0,0,0,0,0,0,0,0,0,0,0,0,0,0,1,0,0,0,0,0,0,0,0,0,1,0,0,0,0,0,0,0,0,0,0,0,0,0,0,0,0,0,0,0,0,0,0,0,0,0,0,0,0,0,0,0
2020,1,1,0.44692737430167595,0.5100671140939598,0.6,0.2,0.6,0.5,183.4,145.6,7.2,4.8,1.3009477544411105,1.2891308026397428,5.865921787709497,5.691275167785235,0.75,0.3333333333333333,0.47619047619047616,1531.684006970304,1499.7118422101364,31.972164760167516,-0.06313973979228382,0.39999999999999997,0.09999999999999998,0.01181695180136777,0.17464661992426223,0.4166666666666667,37.80000000000001,2.4000000000000004,1,0,0,1,0,0,0,0,0,0,0,0,0,0,0,0,0,0,0,0,0,0,0,0,0,0,0,1,0,0,0,0,0,0,0,0,0,0,0,0,1,0,0,0,0,0,0,0,0,0,0,0,0,0,0,0,0,0,0,0,0,0,0,0,0,0,0,0,0,0,0,0
2020,1,1,0.48066298342541436,0.45,0.6,0.0,0.7,0.2,153.4,167.6,6.0,4.4,1.3350933433905336,1.3271801102906813,5.834254143646409,5.605555555555555,0.6666666666666666,0.6666666666666666,0.48,1504.7947272712388,1436.676658732767,68.11806853847179,0.030662983425414347,0.6,0.49999999999999994,0.007913233099852368,0.22869858809085386,0.0,-14.199999999999989,1.5999999999999996,0,0,0,0,0,0,0,0,0,0,0,0,0,0,1,0,0,0,0,0,0,0,0,0,0,0,1,0,0,0,0,0,0,0,0,0,0,0,0,0,0,0,0,0,0,0,0,0,0,0,0,0,0,0,0,0,0,0,0,0,0,0,0,0,1,0,0,0,0,0,0,0
2020,1,1,0.5274725274725275,0.5863874345549738,0.6,1.0,0.6,0.8,165.4,190.6,5.0,7.6,1.3040112596762843,1.3129866758954836,5.648351648351649,6.109947643979058,0.6666666666666666,0.6666666666666666,0.23076923076923078,1541.3028640512182,1620.0417130829535,-78.7388490317353,-0.05891490708244629,-0.4,-0.20000000000000007,-0.008975416219199284,-0.46159599562740894,0.0,-25.19999999999999,-2.5999999999999996,0,0,0,0,0,0,0,1,0,0,0,0,0,0,0,0,0,0,0,0,0,0,0,0,1,0,0,0,0,0,0,0,0,0,0,0,0,0,0,0,0,0,0,0,0,0,0,0,0,0,0,0,0,0,0,0,0,0,0,0,0,0,0,0,0,1,0,0,0,0,0,0
2020,1,1,0.6023391812865497,0.45,0.4,0.8,0.4,0.7,158.8,186.2,6.2,8.0,1.326424618969032,1.3006863905325443,6.2631578947368425,5.877777777777778,0.5,0.75,0.6818181818181818,1559.3162513849825,1540.7663629251012,18.54988845988123,0.15233918128654972,-0.4,-0.29999999999999993,0.025738228436487764,0.38538011695906427,-0.25,-27.399999999999977,-1.7999999999999998,0,1,0,0,0,0,0,0,0,0,0,0,0,0,0,0,0,0,1,0,0,0,0,0,0,0,0,0,0,0,0,0,0,0,0,0,0,0,0,0,0,0,0,0,0,0,0,0,0,0,0,0,0,0,0,0,0,0,0,0,0,0,0,0,1,0,0,0,0,0,0,0
2020,1,1,0.5066666666666667,0.47802197802197804,0.2,0.6,0.4,0.6,147.8,165.8,5.0,5.8,1.2884669243264437,1.3352861226976613,5.7,5.813186813186813,0.25,0.5,0.5263157894736842,1490.629486255339,1492.8588726562273,-2.2293864008881883,0.028644688644688665,-0.39999999999999997,-0.19999999999999996,-0.04681919837121762,-0.11318681318681278,-0.25,-18.0,-0.7999999999999998,0,0,0,0,0,0,0,0,0,0,0,0,1,0,0,0,0,0,0,0,0,0,0,0,0,0,0,0,0,1,0,0,0,0,0,0,0,0,0,0,1,0,0,0,0,0,0,0,0,0,0,0,0,0,0,0,0,0,0,0,0,0,0,0,0,0,0,0,0,0,0,0
2020,1,1,0.5988372093023255,0.5033112582781457,0.4,0.2,0.3,0.3,163.2,152.4,6.2,5.2,1.3271253498021809,1.2890668446224003,6.255813953488372,5.682119205298013,0.5,0.5,0.6363636363636364,1548.7828494165333,1480.6936522733513,68.08919714318199,0.09552595102417982,0.2,0.0,0.0380585051797806,0.5736947481903583,0.0,10.799999999999983,1.0,0,1,0,0,0,0,0,0,0,0,0,0,0,0,0,0,0,0,0,0,0,0,0,0,0,0,0,1,0,0,0,0,0,0,0,0,0,0,0,0,0,0,0,0,0,0,0,0,0,0,0,0,0,0,0,0,0,0,0,0,0,0,0,0,0,1,0,0,0,0,0,0
2020,1,1,0.4530386740331492,0.4530386740331492,0.8,0.2,0.7,0.3,177.6,158.4,7.2,4.4,1.3019249776439026,1.3276342687232856,5.867403314917127,5.607734806629834,0.8,0.5,0.4166666666666667,1551.2997648935504,1448.6125133477785,102.68725154577191,0.0,0.6000000000000001,0.39999999999999997,-0.025709291079383023,0.2596685082872936,0.30000000000000004,19.19999999999999,2.8,0,0,0,1,0,0,0,0,0,0,0,0,0,0,0,0,0,0,0,0,0,0,0,0,0,0,1,0,0,0,0,0,0,0,0,0,0,0,0,0,1,0,0,0,0,0,0,0,0,0,0,0,0,0,0,0,0,0,0,0,0,0,0,0,0,0,0,0,0,0,0,0
2020,1,1,0.5245901639344263,0.4808743169398907,0.4,0.6,0.5,0.6,160.2,170.0,3.6,5.8,1.303311567164179,1.3355382680393162,5.628415300546448,5.814207650273224,0.5714285714285714,0.5,0.56,1533.531131944359,1502.794706638215,30.73642530614393,0.04371584699453557,-0.19999999999999996,-0.09999999999999998,-0.032226700875137126,-0.1857923497267766,0.0714285714285714,-9.800000000000011,-2.1999999999999997,0,0,0,0,0,0,0,1,0,0,0,0,0,0,0,0,0,0,0,0,0,0,0,0,0,0,0,0,0,1,0,0,0,0,0,0,0,0,0,0,0,0,0,0,0,0,0,0,0,0,0,0,0,0,0,0,0,0,0,0,0,0,0,0,0,1,0,0,0,0,0,0
2020,0,0,0.506578947368421,0.5263157894736842,0.4,0.4,0.4,0.3,150.4,168.8,5.4,6.2,1.2884785493144626,1.3049084249084248,5.677631578947368,6.026315789473684,0.2,0.5714285714285714,0.5,1492.628707031401,1509.283929903908,-16.65522287250701,-0.019736842105263164,0.0,0.10000000000000003,-0.01642987559396225,-0.34868421052631593,-0.3714285714285714,-18.400000000000006,-0.7999999999999998,0,0,0,0,0,0,0,0,0,0,0,0,1,0,0,0,0,0,0,0,0,0,0,0,0,0,0,0,0,0,1,0,0,0,0,0,0,0,0,0,1,0,0,0,0,0,0,0,0,0,0,0,0,0,0,0,0,0,0,0,0,0,0,0,0,0,0,0,0,0,0,0
2020,0,0,0.5953757225433526,0.5885416666666666,0.2,1.0,0.3,0.9,152.0,181.4,6.0,6.8,1.325354950115119,1.3136925528707413,6.236994219653179,6.104166666666667,0.3333333333333333,0.5,0.41379310344827586,1536.8477946584835,1627.8134451898127,-90.96565053132917,0.006834055876685952,-0.8,-0.6000000000000001,0.011662397244377676,0.1328275529865124,-0.16666666666666669,-29.400000000000006,-0.7999999999999998,0,1,0,0,0,0,0,0,0,0,0,0,0,0,0,0,0,0,0,0,0,0,0,0,1,0,0,0,0,0,0,0,0,0,0,0,0,0,0,0,0,0,0,0,0,0,0,0,0,0,0,0,0,0,0,0,0,0,0,0,0,0,0,0,1,0,0,0,0,0,0,0
2020,0,0,0.5217391304347826,0.45054945054945056,0.4,0.6,0.4,0.6,135.0,171.2,3.2,6.4,1.2998933259125272,1.302105755732335,5.608695652173913,5.862637362637362,0.5,0.0,0.5652173913043478,1522.6487672025503,1538.4273445982176,-15.778577395667298,0.07118967988533204,-0.19999999999999996,-0.19999999999999996,-0.0022124298198078485,-0.25394171046344916,0.5,-36.19999999999999,-3.2,1,0,0,0,0,0,0,1,0,0,0,0,0,0,0,0,0,0,1,0,0,0,0,0,0,0,0,0,0,0,0,0,0,0,0,0,0,0,0,0,0,0,0,0,0,0,0,0,0,0,0,0,0,0,0,0,0,0,0,0,0,0,0,0,0,1,0,0,0,0,0,0
2020,0,0,0.45604395604395603,0.5304347826086957,0.4,0.4,0.4,0.4,163.2,167.2,4.6,6.4,1.3279892810940677,1.3054344667247892,5.604395604395604,6.026086956521739,0.6,0.625,0.26666666666666666,1461.4849336431114,1518.804920921677,-57.31998727856558,-0.07439082656473966,0.0,0.0,0.02255481436927842,-0.4216913521261354,-0.025000000000000022,-4.0,-1.8000000000000007,1,0,0,0,0,0,0,0,0,0,0,1,0,0,0,0,0,0,0,0,0,0,0,0,0,0,0,0,0,0,1,0,0,0,0,0,0,0,0,0,1,0,0,0,0,0,0,0,0,0,0,0,0,0,0,0,0,0,0,0,0,0,0,0,0,0,0,0,0,0,0,0
2020,1,1,0.5906735751295337,0.5032679738562091,1.0,0.4,0.9,0.3,166.4,153.6,7.0,4.2,1.314499162766734,1.2882323870188348,6.119170984455959,5.65359477124183,0.7142857142857143,0.6,0.5238095238095238,1635.253472919937,1483.1077160136322,152.14575690630477,0.08740560127332453,0.6,0.6000000000000001,0.02626677574789915,0.46557621321412856,0.11428571428571432,12.800000000000011,2.8,0,0,0,0,0,0,0,0,0,1,0,0,0,0,0,0,0,0,0,0,0,0,0,0,0,0,0,1,0,0,0,0,0,0,0,0,0,0,0,0,0,0,0,0,0,0,0,0,0,0,0,0,0,0,0,0,0,0,0,0,0,0,0,0,0,1,0,0,0,0,0,0
2020,1,1,0.483695652173913,0.5919540229885057,0.8,0.2,0.7,0.2,159.6,143.4,6.6,4.0,1.3342768317015452,1.3228913364802366,5.826086956521739,6.2011494252873565,0.5714285714285714,0.5714285714285714,0.375,1513.6770713800238,1529.4077669283593,-15.730695548335461,-0.10825837081459272,0.6000000000000001,0.49999999999999994,0.011385495221308606,-0.3750624687656172,0.0,16.19999999999999,2.5999999999999996,0,0,0,0,0,0,0,0,0,0,0,0,0,0,1,0,1,0,0,0,0,0,0,0,0,0,0,0,0,0,0,0,0,0,0,0,0,0,0,0,1,0,0,0,0,0,0,0,0,0,0,0,0,0,0,0,0,0,0,0,0,0,0,0,0,0,0,0,0,0,0,0
2020,0,0,0.5243243243243243,0.45901639344262296,0.4,0.6,0.5,0.5,140.4,152.8,4.0,6.6,1.3013464908235728,1.3261518673342827,5.627027027027027,5.628415300546448,0.3333333333333333,0.75,0.6923076923076923,1533.1025992046214,1473.1199283304322,59.982670874189125,0.06530793088170134,-0.19999999999999996,0.0,-0.02480537651070991,-0.001388273519420835,-0.4166666666666667,-12.400000000000006,-2.5999999999999996,0,0,0,0,0,0,0,1,0,0,0,0,0,0,0,0,0,0,0,0,0,0,0,0,0,0,1,0,0,0,0,0,0,0,0,0,0,0,0,0,0,0,0,0,0,0,0,0,0,0,0,0,0,0,0,0,0,0,0,0,0,0,0,0,1,0,0,0,0,0,0,0
2020,0,0,0.5258620689655172,0.44808743169398907,0.4,0.4,0.4,0.6,155.2,161.4,6.8,5.6,1.3020810830272918,1.3008141428239126,6.0344827586206895,5.863387978142076,0.5555555555555556,0.6666666666666666,0.625,1507.1699262343561,1527.9735125961465,-20.803586361790394,0.07777463727152817,0.0,-0.19999999999999996,0.001266940203379141,0.17109478047861337,-0.11111111111111105,-6.200000000000017,1.2000000000000002,1,0,0,0,0,0,0,0,0,0,0,0,0,0,0,1,0,0,1,0,0,0,0,0,0,0,0,0,0,0,0,0,0,0,0,0,0,0,0,0,1,0,0,0,0,0,0,0,0,0,0,0,0,0,0,0,0,0,0,0,0,0,0,0,0,0,0,0,0,0,0,0
2020,0,0,0.4810810810810811,0.5876288659793815,0.6,0.8,0.6,0.8,154.8,163.8,5.4,6.0,1.333148814466279,1.3158097027673386,5.805405405405406,6.097938144329897,0.6666666666666666,0.625,0.36,1504.1295280616393,1621.134361709231,-117.00483364759157,-0.10654778489830036,-0.20000000000000007,-0.20000000000000007,0.017339111698940535,-0.29253273892449094,0.04166666666666663,-9.0,-0.5999999999999996,0,0,0,0,0,0,0,0,0,0,0,0,0,0,1,0,0,0,0,0,0,0,0,0,1,0,0,0,0,0,0,0,0,0,0,0,0,0,0,0,0,0,0,0,0,0,0,0,0,0,0,0,0,0,0,0,0,0,0,0,0,0,0,0,0,1,0,0,0,0,0,0
2020,0,0,0.521505376344086,0.5942857142857143,0.2,0.4,0.5,0.3,137.4,147.0,3.4,4.4,1.3008391031225641,1.3229156786493408,5.60752688172043,6.2,0.5,0.625,0.38095238095238093,1521.393109823498,1538.9553102467437,-17.562200423245713,-0.0727803379416283,-0.2,0.2,-0.022076575526776665,-0.5924731182795702,-0.125,-9.599999999999994,-1.0000000000000004,0,0,0,0,0,0,0,1,0,0,0,0,0,0,0,0,1,0,0,0,0,0,0,0,0,0,0,0,0,0,0,0,0,0,0,0,0,0,0,0,1,0,0,0,0,0,0,0,0,0,0,0,0,0,0,0,0,0,0,0,0,0,0,0,0,0,0,0,0,0,0,0
2020,0,0,0.46195652173913043,0.5064935064935064,0.8,0.4,0.5,0.3,156.4,160.2,7.2,4.4,1.3260978842023488,1.2907027498908774,5.646739130434782,5.64935064935065,0.5,0.6666666666666666,0.42105263157894735,1484.8294177115556,1497.2268272243382,-12.397409512782588,-0.04453698475437601,0.4,0.2,0.035395134311471343,-0.002611518915867528,-0.16666666666666663,-3.799999999999983,2.8,0,0,0,0,0,0,0,0,0,0,0,1,0,0,0,0,0,0,0,0,0,0,0,0,0,0,0,1,0,0,0,0,0,0,0,0,0,0,0,0,0,0,0,0,0,0,0,0,0,0,0,0,0,0,0,0,0,0,0,0,0,0,0,0,0,1,0,0,0,0,0,0
2020,0,0,0.478494623655914,0.5299145299145299,0.4,0.4,0.5,0.5,148.8,158.8,4.6,6.8,1.3331498555112151,1.3061879951466704,5.801075268817204,6.068376068376068,0.5,0.0,0.5,1497.375408476684,1517.7679870068544,-20.39257853017034,-0.05141990625861592,0.0,0.0,0.026961860364544732,-0.2673007995588641,0.5,-10.0,-2.2,0,0,0,0,0,0,0,0,0,0,0,0,0,0,1,0,0,0,0,0,0,0,0,0,0,0,0,0,0,0,1,0,0,0,0,0,0,0,0,0,0,0,0,0,0,0,0,0,0,0,0,0,0,0,0,0,0,0,0,0,0,0,0,0,1,0,0,0,0,0,0,0
2020,0,0,0.44565217391304346,0.5897435897435898,0.4,0.8,0.5,0.8,155.2,158.4,5.0,5.2,1.299713148884982,1.3160980583761737,5.842391304347826,6.097435897435897,0.5714285714285714,0.0,0.48,1517.3754518236483,1627.8884812941862,-110.51302947053796,-0.1440914158305463,-0.4,-0.30000000000000004,-0.016384909491191646,-0.2550445930880709,0.5714285714285714,-3.200000000000017,-0.20000000000000018,0,0,0,1,0,0,0,0,0,0,0,0,0,0,0,0,0,0,0,0,0,0,0,0,1,0,0,0,0,0,0,0,0,0,0,0,0,0,0,0,1,0,0,0,0,0,0,0,0,0,0,0,0,0,0,0,0,0,0,0,0,0,0,0,0,0,0,0,0,0,0,0
2020,0,0,0.4594594594594595,0.5965909090909091,0.8,0.4,0.4,0.4,161.0,149.2,6.6,3.8,1.3267308740686898,1.3235113856018104,5.632432432432433,6.193181818181818,0.4,0.4,0.38095238095238093,1475.1860924750229,1548.4502595653169,-73.264167090294,-0.13713144963144958,0.4,0.0,0.003219488466879472,-0.5607493857493857,0.0,11.800000000000011,2.8,0,0,0,0,0,0,0,0,0,0,0,1,0,0,0,0,1,0,0,0,0,0,0,0,0,0,0,0,0,0,0,0,0,0,0,0,0,0,0,0,0,0,0,0,0,0,0,0,0,0,0,0,0,0,0,0,0,0,0,0,0,0,0,0,0,1,0,0,0,0,0,0
2020,0,0,0.5187165775401069,0.5096774193548387,0.2,0.6,0.4,0.4,149.4,167.8,3.8,3.8,1.3015047879616963,1.2932306357127359,5.598930481283422,5.638709677419355,0.3333333333333333,0.16666666666666666,0.5789473684210527,1511.8981605049248,1506.870152460871,5.028008044053877,0.009039158185268237,-0.39999999999999997,0.0,0.008274152248960442,-0.039779196135932615,0.16666666666666666,-18.400000000000006,0.0,1,0,0,0,0,0,0,1,0,0,0,0,0,0,0,0,0,0,0,0,0,0,0,0,0,0,0,1,0,0,0,0,0,0,0,0,0,0,0,0,1,0,0,0,0,0,0,0,0,0,0,0,0,0,0,0,0,0,0,0,0,0,0,0,0,0,0,0,0,0,0,0
2020,0,0,0.47593582887700536,0.44324324324324327,0.4,0.2,0.5,0.5,138.6,145.0,5.2,3.6,1.3310832383124287,1.2974788369525212,5.7967914438502675,5.816216216216216,0.5,0.0,0.5909090909090909,1487.9616809766242,1510.4531687087035,-22.49148773207935,0.032692585633762095,0.2,0.0,0.0336044013599075,-0.01942477236594886,0.5,-6.400000000000006,1.6,0,0,0,0,0,0,0,0,0,0,0,0,0,0,1,0,0,0,1,0,0,0,0,0,0,0,0,0,0,0,0,0,0,0,0,0,0,0,0,0,0,0,0,0,0,0,0,0,0,0,0,0,0,0,0,0,0,0,0,0,0,0,0,0,0,1,0,0,0,0,0,0
2020,0,0,0.5918367346938775,0.5338983050847458,0.8,0.6,0.9,0.6,147.4,151.4,6.2,7.2,1.3159498814764645,1.3064321679313524,6.112244897959184,6.076271186440678,0.6666666666666666,0.25,0.5,1634.810764409131,1527.1817145069142,107.62904990221682,0.05793842960913176,0.20000000000000007,0.30000000000000004,0.009517713545112105,0.0359737115185057,0.41666666666666663,-4.0,-1.0,0,0,0,0,0,0,0,0,0,1,0,0,0,0,0,0,0,0,0,0,0,0,0,0,0,0,0,0,0,0,1,0,0,0,0,0,0,0,0,0,0,0,0,0,0,0,0,0,0,0,0,0,0,0,0,0,0,0,0,0,0,0,0,0,1,0,0,0,0,0,0,0
2020,0,0,0.5888324873096447,0.44623655913978494,0.6,0.2,0.8,0.5,147.4,138.8,5.2,4.2,1.3155744609164421,1.2975792797327599,6.081218274111675,5.82258064516129,0.25,0.5,0.5384615384615384,1621.808383097531,1519.8067144363388,102.0016686611923,0.14259592816985972,0.39999999999999997,0.30000000000000004,0.017995181183682263,0.25863762895038533,-0.25,8.599999999999994,1.0,1,0,0,0,0,0,0,0,0,1,0,0,0,0,0,0,0,0,1,0,0,0,0,0,0,0,0,0,0,0,0,0,0,0,0,0,0,0,0,0,1,0,0,0,0,0,0,0,0,0,0,0,0,0,0,0,0,0,0,0,0,0,0,0,0,0,0,0,0,0,0,0
2020,0,0,0.4734042553191489,0.5378151260504201,0.2,0.8,0.4,0.6,133.2,152.2,4.8,7.6,1.3305515239477503,1.3072212837837838,5.787234042553192,6.092436974789916,0.4,0.3333333333333333,0.4666666666666667,1478.608135248989,1540.1840958185142,-61.57596056952525,-0.06441087073127122,-0.6000000000000001,-0.19999999999999996,0.023330240163966565,-0.3052029322367238,0.06666666666666671,-19.0,-2.8,0,0,0,0,0,0,0,0,0,0,0,0,0,0,1,0,0,0,0,0,0,0,0,0,0,0,0,0,0,0,1,0,0,0,0,0,0,0,0,0,0,0,0,0,0,0,0,0,0,0,0,0,0,0,0,0,0,0,0,0,0,0,0,0,0,1,0,0,0,0,0,0
2020,1,1,0.44385026737967914,0.5416666666666666,0.2,0.8,0.4,0.6,134.6,147.4,4.2,7.8,1.2966467992174349,1.3052124764496547,5.818181818181818,6.1,0.2,0.5,0.35294117647058826,1512.6610199281174,1548.4301232075065,-35.76910327938913,-0.09781639928698749,-0.6000000000000001,-0.19999999999999996,-0.008565677232219793,-0.2818181818181813,-0.3,-12.800000000000011,-3.5999999999999996,1,0,0,1,0,0,0,0,0,0,0,0,0,0,0,0,0,0,0,0,0,0,0,0,0,0,0,0,0,0,1,0,0,0,0,0,0,0,0,0,0,0,0,0,0,0,0,0,0,0,0,0,0,0,0,0,0,0,0,0,0,0,0,0,0,1,0,0,0,0,0,0
2020,1,1,0.44680851063829785,0.5909090909090909,0.4,0.6,0.4,0.8,145.4,164.2,4.6,5.0,1.2978646398841838,1.3172847265870522,5.829787234042553,6.090909090909091,0.4444444444444444,0.4,0.4444444444444444,1523.6869155256577,1628.9540776057524,-105.26716208009475,-0.1441005802707931,-0.19999999999999996,-0.4,-0.019420086702868433,-0.2611218568665379,0.0444444444444444,-18.799999999999983,-0.40000000000000036,0,0,0,1,0,0,0,0,0,0,0,0,0,0,0,0,0,0,0,0,0,0,0,0,1,0,0,0,0,0,0,0,0,0,0,0,0,0,0,0,1,0,0,0,0,0,0,0,0,0,0,0,0,0,0,0,0,0,0,0,0,0,0,0,0,0,0,0,0,0,0,0
2021,0,0,0.592964824120603,0.4708994708994709,0.8,0.0,0.8,0.4,156.6,142.4,6.0,4.0,1.3176794427993495,1.3290185819953093,6.0954773869346734,5.777777777777778,0.625,0.2222222222222222,0.6538461538461539,1636.013674464778,1470.3621078599965,165.65156660478146,0.12206535322113216,0.8,0.4,-0.011339139195959858,0.31769960915689577,0.4027777777777778,14.199999999999989,2.0,0,0,0,0,0,0,0,0,0,1,0,0,0,0,0,0,0,0,0,0,0,0,0,0,0,0,0,0,0,1,0,0,0,0,0,0,0,0,0,0,0,0,0,0,0,0,0,0,0,1,0,0,0,0,0,0,0,0,0,0,0,0,0,0,0,0,0,0,0,0,0,0
2021,0,0,0.5988700564971752,0.4444444444444444,0.6,0.4,0.5,0.4,144.2,150.4,4.0,5.2,1.323533549022366,1.2977009942862285,6.192090395480226,5.825396825396825,0.5,0.3333333333333333,0.6521739130434783,1556.3722570259388,1516.6273186666322,39.744938359306616,0.15442561205273075,0.19999999999999996,0.09999999999999998,0.025832554736137547,0.36669357008340064,0.16666666666666669,-6.200000000000017,-1.2000000000000002,0,1,0,0,0,0,0,0,0,0,0,0,0,0,0,0,0,0,1,0,0,0,0,0,0,0,0,0,0,0,0,0,0,0,0,0,0,0,0,0,0,0,0,0,0,0,0,0,0,0,0,0,0,0,0,0,0,0,0,0,0,0,0,0,0,0,0,0,0,0,1,0
2021,0,0,0.5212765957446809,0.5371900826446281,0.4,0.8,0.4,0.6,158.0,159.0,5.2,7.0,1.3029657173952476,1.3058245711123408,5.617021276595745,6.074380165289257,0.2222222222222222,0.0,0.6111111111111112,1521.7534529023037,1537.4042276099663,-15.65077470766255,-0.015913486899947205,-0.4,-0.19999999999999996,-0.002858853717093268,-0.4573588886935118,0.2222222222222222,-1.0,-1.7999999999999998,1,0,0,0,0,0,0,1,0,0,0,0,0,0,0,0,0,0,0,0,0,0,0,0,0,0,0,0,0,0,1,0,0,0,0,0,0,0,0,0,0,0,0,0,0,0,0,0,0,1,0,0,0,0,0,0,0,0,0,0,0,0,0,0,0,0,0,0,0,0,0,0
2021,0,0,0.45698924731182794,0.5064102564102564,0.6,0.6,0.4,0.4,156.2,158.6,5.6,4.6,1.3263904576876158,1.2917183037879196,5.60752688172043,5.647435897435898,0.45454545454545453,0.5,0.4,1467.264095014401,1497.014860063492,-29.750765049091115,-0.04942100909842845,0.0,0.0,0.034672153899696134,-0.03990901571546779,-0.04545454545454547,-2.4000000000000057,1.0,1,0,0,0,0,0,0,0,0,0,0,1,0,0,0,0,0,0,0,0,0,0,0,0,0,0,0,1,0,0,0,0,0,0,0,0,0,0,0,0,0,0,0,0,0,0,0,0,0,0,0,0,0,0,0,0,0,0,0,0,0,0,0,0,0,0,0,0,0,0,1,0
2021,0,0,0.59,0.5238095238095238,0.6,0.6,0.7,0.5,155.2,178.6,6.4,5.8,1.3174971992863367,1.3041713641488162,6.105,5.613756613756614,0.5555555555555556,0.3,0.7777777777777778,1621.577034896022,1532.203613962483,89.37342093353914,0.06619047619047613,0.0,0.19999999999999996,0.013325835137520503,0.4912433862433865,0.2555555555555556,-23.400000000000006,0.6000000000000005,1,0,0,0,0,0,0,0,0,1,0,0,0,0,0,0,0,0,0,0,0,0,1,0,0,0,0,0,0,0,0,0,0,0,0,0,0,0,0,0,0,0,0,0,0,0,0,0,0,1,0,0,0,0,0,0,0,0,0,0,0,0,0,0,0,0,0,0,0,0,0,0
2021,0,0,0.47368421052631576,0.5327868852459017,0.2,0.6,0.4,0.5,145.4,150.6,5.4,6.2,1.328684186922594,1.3067690830532885,5.794736842105263,6.073770491803279,0.3,0.0,0.4375,1484.7987474287524,1526.954066549787,-42.15531912103461,-0.05910267471958591,-0.39999999999999997,-0.09999999999999998,0.021915103869305508,-0.2790336496980155,0.3,-5.199999999999989,-0.7999999999999998,1,0,0,0,0,0,0,0,0,0,0,0,0,0,1,0,0,0,0,0,0,0,0,0,0,0,0,0,0,0,1,0,0,0,0,0,0,0,0,0,0,0,0,0,0,0,0,0,0,1,0,0,0,0,0,0,0,0,0,0,0,0,0,0,0,0,0,0,0,0,0,0
2021,0,0,0.4473684210526316,0.5031847133757962,0.6,0.4,0.4,0.4,166.4,176.8,6.4,4.8,1.2994673947097526,1.2945520710692497,5.831578947368421,5.649681528662421,0.4,0.4444444444444444,0.5,1527.7663059224976,1486.1606510004892,41.6056549220084,-0.055816292323164596,0.19999999999999996,0.0,0.004915323640502844,0.18189741870600074,-0.0444444444444444,-10.400000000000006,1.6000000000000005,0,0,0,1,0,0,0,0,0,0,0,0,0,0,0,0,0,0,0,0,0,0,0,0,0,0,0,1,0,0,0,0,0,0,0,0,0,0,0,0,0,0,0,0,0,0,0,0,0,0,0,0,0,0,0,0,0,0,0,0,0,0,0,0,0,0,0,0,0,0,1,0
2021,0,0,0.45989304812834225,0.5955056179775281,0.6,0.6,0.5,0.4,167.0,156.8,6.0,4.0,1.328810818096051,1.3247086247086246,5.614973262032086,6.174157303370786,0.5,0.4666666666666667,0.36363636363636365,1478.1183040774038,1545.2332697700733,-67.11496569266956,-0.13561256984918585,0.0,0.09999999999999998,0.004102193387426345,-0.5591840413387006,0.033333333333333326,10.199999999999989,2.0,0,0,0,0,0,0,0,0,0,0,0,1,0,0,0,0,1,0,0,0,0,0,0,0,0,0,0,0,0,0,0,0,0,0,0,0,0,0,0,0,0,0,0,0,0,0,0,0,0,0,0,0,0,0,0,0,0,0,0,0,0,0,0,0,0,0,0,0,0,0,1,0
2021,1,1,0.5920398009950248,0.5284552845528455,0.6,0.4,0.7,0.5,163.4,155.0,6.0,6.4,1.3170822324966975,1.3052967974433942,6.109452736318408,6.0894308943089435,0.6,0.0,0.4666666666666667,1629.059937355576,1515.7466581356848,113.31327921989123,0.06358451644217933,0.19999999999999996,0.19999999999999996,0.011785435053303317,0.020021842009464663,0.6,8.400000000000006,-0.40000000000000036,1,0,0,0,0,0,0,0,0,1,0,0,0,0,0,0,0,0,0,0,0,0,0,0,0,0,0,0,0,0,1,0,0,0,0,0,0,0,0,0,0,0,0,0,0,0,0,0,0,1,0,0,0,0,0,0,0,0,0,0,0,0,0,0,0,0,0,0,0,0,0,0
2021,1,1,0.47643979057591623,0.5210526315789473,0.4,0.4,0.4,0.4,142.4,168.2,6.2,6.0,1.327803790412486,1.3034040453872717,5.81151832460733,5.636842105263158,0.36363636363636365,0.2727272727272727,0.46153846153846156,1496.0061558428547,1524.720711502929,-28.71455566007421,-0.04461284100303109,0.0,0.0,0.024399745025214248,0.174676219344172,0.09090909090909094,-25.799999999999983,0.20000000000000018,1,0,0,0,0,0,0,0,0,0,0,0,0,0,1,0,0,0,0,0,0,0,1,0,0,0,0,0,0,0,0,0,0,0,0,0,0,0,0,0,0,0,0,0,0,0,0,0,0,1,0,0,0,0,0,0,0,0,0,0,0,0,0,0,0,0,0,0,0,0,0,0
2021,0,0,0.4574468085106383,0.44502617801047123,0.4,0.4,0.5,0.3,163.0,165.0,4.8,6.4,1.3261850511548943,1.2988382961677127,5.6063829787234045,5.837696335078534,0.46153846153846156,0.36363636363636365,0.6,1470.0263535818444,1516.5744904429596,-46.548136861115154,0.012420630500167062,0.0,0.2,0.027346754987181532,-0.2313133563551295,0.09790209790209792,-2.0,-1.6000000000000005,0,0,0,0,0,0,0,0,0,0,0,1,0,0,0,0,0,0,1,0,0,0,0,0,0,0,0,0,0,0,0,0,0,0,0,0,0,0,0,0,0,0,0,0,0,0,0,0,0,0,0,0,0,0,0,0,0,0,0,0,0,0,0,0,0,0,0,0,0,0,1,0
2021,0,0,0.5977653631284916,0.5063291139240507,0.8,0.6,0.5,0.5,155.4,176.0,5.6,6.0,1.3237723939478325,1.2943366126030311,6.184357541899441,5.6645569620253164,0.5,0.5,0.6086956521739131,1553.3252202656327,1497.3524664800273,55.97275378560539,0.09143624920444093,0.20000000000000007,0.0,0.029435781344801404,0.5198005798741248,0.0,-20.599999999999994,-0.40000000000000036,1,1,0,0,0,0,0,0,0,0,0,0,0,0,0,0,0,0,0,0,0,0,0,0,0,0,0,1,0,0,0,0,0,0,0,0,0,0,0,0,0,0,0,0,0,0,0,0,0,0,0,0,0,0,0,0,0,0,0,0,0,0,0,0,0,0,0,0,0,0,1,0
2021,1,1,0.594059405940594,0.4479166666666667,0.8,0.6,0.7,0.4,163.6,176.0,8.0,6.2,1.3164811696578915,1.300991940483571,6.128712871287129,5.828125,0.6363636363636364,0.25,0.5714285714285714,1635.9094394042286,1525.2426863213273,110.66675308290132,0.14614273927392735,0.20000000000000007,0.29999999999999993,0.015489229174320496,0.3005878712871288,0.38636363636363635,-12.400000000000006,1.7999999999999998,0,0,0,0,0,0,0,0,0,1,0,0,0,0,0,0,0,0,1,0,0,0,0,0,0,0,0,0,0,0,0,0,0,0,0,0,0,0,0,0,0,0,0,0,0,0,0,0,0,1,0,0,0,0,0,0,0,0,0,0,0,0,0,0,0,0,0,0,0,0,0,0
2021,1,1,0.455026455026455,0.5241935483870968,0.2,0.2,0.5,0.5,172.0,152.2,3.8,5.8,1.3276605198844702,1.3039724826330343,5.597883597883598,6.080645161290323,0.2,0.0,0.3125,1461.3581577034768,1508.8971560870323,-47.53899838355551,-0.06916709336064175,0.0,0.0,0.023688037251435867,-0.4827615634067248,0.2,19.80000000000001,-2.0,0,0,0,0,0,0,0,0,0,0,0,1,0,0,0,0,0,0,0,0,0,0,0,0,0,0,0,0,0,0,1,0,0,0,0,0,0,0,0,0,0,0,0,0,0,0,0,0,0,1,0,0,0,0,0,0,0,0,0,0,0,0,0,0,0,0,0,0,0,0,0,0
2021,0,0,0.6,0.518324607329843,0.8,0.4,0.6,0.3,163.0,171.6,6.2,6.4,1.324567474048443,1.303657448706512,6.2,5.628272251308901,0.5294117647058824,0.1111111111111111,0.6363636363636364,1561.7279892516642,1513.8961167790428,47.8318724726214,0.081675392670157,0.4,0.3,0.020910025341930982,0.5717277486910994,0.41830065359477125,-8.599999999999994,-0.20000000000000018,1,1,0,0,0,0,0,0,0,0,0,0,0,0,0,0,0,0,0,0,0,0,1,0,0,0,0,0,0,0,0,0,0,0,0,0,0,0,0,0,0,0,0,0,0,0,0,0,0,0,0,0,0,0,0,0,0,0,0,0,0,0,0,0,0,0,0,0,0,0,1,0
2021,0,0,0.5031446540880503,0.4791666666666667,0.4,0.6,0.4,0.5,165.4,159.2,6.8,6.8,1.2930706665258265,1.3293131734137364,5.685534591194968,5.822916666666667,0.45454545454545453,0.3,0.5,1488.9496974939957,1506.8307505667408,-17.88105307274509,0.02397798742138363,-0.19999999999999996,-0.09999999999999998,-0.036242506887909975,-0.13738207547169878,0.15454545454545454,6.200000000000017,0.0,0,0,0,0,0,0,0,0,0,0,0,0,1,0,0,0,0,0,0,0,0,0,0,0,0,0,0,0,0,1,0,0,0,0,0,0,0,0,0,0,0,0,0,0,0,0,0,0,0,0,0,0,0,0,0,0,0,0,0,0,0,0,0,0,0,0,0,0,0,0,1,0
2021,0,0,0.5911330049261084,0.45263157894736844,0.6,0.2,0.6,0.5,151.0,159.0,7.2,3.4,1.3156238505864564,1.3259226519337017,6.1182266009852215,5.573684210526316,0.5833333333333334,0.16666666666666666,0.56,1622.8277176493148,1452.7179645530703,170.1097530962445,0.13850142597874,0.39999999999999997,0.09999999999999998,-0.010298801347245368,0.544542390458906,0.41666666666666674,-8.0,3.8000000000000003,0,0,0,0,0,0,0,0,0,1,0,0,0,0,0,0,0,0,0,0,0,0,0,0,0,0,1,0,0,0,0,0,0,0,0,0,0,0,0,0,0,0,0,0,0,0,0,0,0,1,0,0,0,0,0,0,0,0,0,0,0,0,0,0,0,0,0,0,0,0,0,0
2021,0,0,0.515625,0.5,0.4,0.2,0.3,0.4,177.6,163.6,6.2,6.0,1.3055050348223396,1.2936732766761094,5.614583333333333,5.65,0.1,0.4166666666666667,0.6,1505.2641964028098,1479.4639016564074,25.800294746402415,0.015625,0.2,-0.10000000000000003,0.011831758146230165,-0.03541666666666732,-0.31666666666666665,14.0,0.20000000000000018,0,0,0,0,0,0,0,1,0,0,0,0,0,0,0,0,0,0,0,0,0,0,0,0,0,0,0,1,0,0,0,0,0,0,0,0,0,0,0,0,0,0,0,0,0,0,0,0,0,0,0,0,0,0,0,0,0,0,0,0,0,0,0,0,0,0,0,0,0,0,1,0
2021,1,1,0.6022099447513812,0.48186528497409326,0.8,0.8,0.6,0.5,171.4,165.0,7.2,7.8,1.326820766831774,1.3313763573761808,6.220994475138122,5.839378238341969,0.5555555555555556,0.36363636363636365,0.64,1570.3599096278972,1516.316546404329,54.04336322356812,0.12034465977728798,0.0,0.09999999999999998,-0.004555590544406796,0.38161623679615264,0.19191919191919193,6.400000000000006,-0.5999999999999996,1,1,0,0,0,0,0,0,0,0,0,0,0,0,0,0,0,0,0,0,0,0,0,0,0,0,0,0,0,1,0,0,0,0,0,0,0,0,0,0,0,0,0,0,0,0,0,0,0,0,0,0,0,0,0,0,0,0,0,0,0,0,0,0,0,0,0,0,0,0,1,0
2021,0,0,0.45549738219895286,0.5129533678756477,0.4,0.2,0.5,0.3,154.8,166.0,4.4,5.2,1.3253133934462282,1.304115752790154,5.575916230366492,5.606217616580311,0.5,0.5,0.3333333333333333,1467.2570744517957,1494.5229662138847,-27.26589176208904,-0.057455985676694854,0.2,0.2,0.021197640656074324,-0.030301386213818837,0.0,-11.199999999999989,-0.7999999999999998,0,0,0,0,0,0,0,0,0,0,0,1,0,0,0,0,0,0,0,0,0,0,1,0,0,0,0,0,0,0,0,0,0,0,0,0,0,0,0,0,0,0,0,0,0,0,0,0,0,0,0,0,1,0,0,0,0,0,0,0,0,0,0,0,0,0,0,0,0,0,0,0
2021,0,0,0.4793814432989691,0.45077720207253885,0.8,0.6,0.4,0.5,163.2,165.8,7.8,6.4,1.3294262259098293,1.3001365458309475,5.829896907216495,5.844559585492228,0.5,0.5,0.5652173913043478,1507.8596143203495,1538.324408076241,-30.464793755891606,0.028604241226430238,0.20000000000000007,-0.09999999999999998,0.029289680078881775,-0.014662678275733754,0.0,-2.6000000000000227,1.3999999999999995,1,0,0,0,0,0,0,0,0,0,0,0,0,0,1,0,0,0,1,0,0,0,0,0,0,0,0,0,0,0,0,0,0,0,0,0,0,0,0,0,0,0,0,0,0,0,0,0,0,0,0,0,1,0,0,0,0,0,0,0,0,0,0,0,0,0,0,0,0,0,0,0
2021,1,1,0.528,0.6043956043956044,0.2,0.8,0.5,0.7,150.0,178.8,6.4,7.8,1.3019474001204578,1.3279675315791875,6.112,6.236263736263736,1.0,0.5,0.2857142857142857,1517.5373492374388,1578.8168417118768,-61.27949247443803,-0.07639560439560433,-0.6000000000000001,-0.19999999999999996,-0.026020131458729612,-0.12426373626373621,0.5,-28.80000000000001,-1.3999999999999995,0,0,0,0,0,0,0,0,0,0,0,0,0,0,0,1,1,0,0,0,0,0,0,0,0,0,0,0,0,0,0,1,0,0,0,0,0,0,0,0,0,0,0,0,0,0,0,0,0,0,0,0,0,0,0,0,0,0,0,0,0,0,0,0,0,0,0,0,0,0,0,0
2021,0,0,0.5031055900621118,0.5882352941176471,0.4,0.4,0.5,0.6,164.2,145.8,6.4,6.0,1.2925659472422062,1.3144239762514742,5.670807453416149,6.0931372549019605,0.0,0.5,0.5,1490.2051318453325,1608.2886077505893,-118.08347590525682,-0.08512970405553533,0.0,-0.09999999999999998,-0.021858029009268032,-0.42232980148581145,-0.5,18.399999999999977,0.40000000000000036,0,0,0,0,0,0,0,0,0,0,0,0,1,0,0,0,0,0,0,0,0,0,0,0,1,0,0,0,0,0,0,1,0,0,0,0,0,0,0,0,0,0,0,0,0,0,0,0,0,0,0,0,0,0,0,0,0,0,0,0,0,0,0,0,0,0,0,0,0,0,0,0
2021,0,0,0.5154639175257731,0.4484536082474227,0.2,0.6,0.4,0.5,153.8,168.6,6.0,6.4,1.3038647342995169,1.3006352683461118,5.623711340206185,5.84020618556701,1.0,0.0,0.5833333333333334,1503.7397978779845,1527.4498011826597,-23.710003304675183,0.06701030927835044,-0.39999999999999997,-0.09999999999999998,0.0032294659534051195,-0.21649484536082486,1.0,-14.799999999999983,-0.40000000000000036,0,0,0,0,0,0,0,1,0,0,0,0,0,0,0,0,0,0,1,0,0,0,0,0,0,0,0,0,0,0,0,0,0,0,0,0,0,0,0,0,0,0,0,0,0,0,0,0,0,0,0,0,1,0,0,0,0,0,0,0,0,0,0,0,0,0,0,0,0,0,0,0
2021,0,0,0.453125,0.48205128205128206,0.2,0.8,0.4,0.5,135.2,165.4,4.0,6.8,1.3235049652215758,1.3298109252871053,5.572916666666667,5.82051282051282,0.0,1.0,0.5384615384615384,1458.040242787696,1518.7342212139308,-60.693978426234935,-0.02892628205128206,-0.6000000000000001,-0.09999999999999998,-0.006305960065529526,-0.2475961538461533,-1.0,-30.200000000000017,-2.8,1,0,0,0,0,0,0,0,0,0,0,1,0,0,0,0,0,0,0,0,0,0,0,0,0,0,0,0,0,1,0,0,0,0,0,0,0,0,0,0,0,0,0,0,0,0,0,0,0,0,0,0,1,0,0,0,0,0,0,0,0,0,0,0,0,0,0,0,0,0,0,0
2021,0,0,0.6065573770491803,0.5902439024390244,1.0,0.6,0.8,0.6,175.8,148.4,7.8,5.2,1.328947965340471,1.3153740284974094,6.218579234972678,6.082926829268293,0.6666666666666666,0.6666666666666666,0.4,1587.0711408625045,1615.0149804724479,-27.943839609943325,0.016313474610155976,0.4,0.20000000000000007,0.01357393684306163,0.13565240570438508,0.0,27.400000000000006,2.5999999999999996,0,1,0,0,0,0,0,0,0,0,0,0,0,0,0,0,0,0,0,0,0,0,0,0,1,0,0,0,0,0,0,1,0,0,0,0,0,0,0,0,0,0,0,0,0,0,0,0,0,0,0,0,0,0,0,0,0,0,0,0,0,0,0,0,0,0,0,0,0,0,0,0
2021,0,0,0.5,0.5238095238095238,0.4,0.2,0.4,0.5,155.0,149.8,5.8,6.4,1.2931213094374805,1.3024089189727255,5.654320987654321,6.087301587301587,0.0,0.6666666666666666,0.46153846153846156,1483.478759123474,1509.283050086811,-25.804290963337053,-0.023809523809523836,0.2,-0.09999999999999998,-0.00928760953524499,-0.43298059964726576,-0.6666666666666666,5.199999999999989,-0.6000000000000005,1,0,0,0,0,0,0,0,0,0,0,0,1,0,0,0,0,0,0,0,0,0,0,0,0,0,0,0,0,0,1,1,0,0,0,0,0,0,0,0,0,0,0,0,0,0,0,0,0,0,0,0,0,0,0,0,0,0,0,0,0,0,0,0,0,0,0,0,0,0,0,0
2021,0,0,0.45595854922279794,0.4512820512820513,0.4,0.6,0.4,0.6,149.8,161.8,4.8,6.2,1.3241526345559762,1.3015395350865715,5.585492227979275,5.841025641025641,0.5,0.5,0.5769230769230769,1469.7695999689254,1536.76842983825,-66.99882986932471,0.004676497940746649,-0.19999999999999996,-0.19999999999999996,0.022613099469404707,-0.2555334130463658,0.0,-12.0,-1.4000000000000004,0,0,0,0,0,0,0,0,0,0,0,1,0,0,0,0,0,0,1,0,0,0,0,0,0,0,0,0,0,0,0,0,0,0,0,0,0,0,0,0,0,0,0,0,0,0,0,0,0,0,0,0,1,0,0,0,0,0,0,0,0,0,0,0,0,0,0,0,0,0,0,0
2021,1,1,0.6032608695652174,0.5922330097087378,0.8,0.6,0.8,0.6,198.0,161.8,7.4,4.6,1.3311082044111677,1.3174130154639174,6.217391304347826,6.072815533980583,0.6666666666666666,0.5,0.3870967741935484,1577.8736994352694,1624.212421899683,-46.33872246441365,0.011027859856479583,0.20000000000000007,0.20000000000000007,0.013695188947250303,0.14457577036724345,0.16666666666666663,36.19999999999999,2.8000000000000007,1,1,0,0,0,0,0,0,0,0,0,0,0,0,0,0,0,0,0,0,0,0,0,0,1,0,0,0,0,0,0,0,0,0,0,0,0,0,0,0,1,0,0,0,0,0,0,0,0,0,0,0,0,0,0,0,0,0,0,0,0,0,0,0,0,0,0,0,0,0,0,0
2021,1,1,0.47959183673469385,0.5128205128205128,0.6,0.2,0.5,0.3,164.6,156.2,6.0,4.6,1.3290622421057203,1.3037001441614608,5.816326530612245,5.61025641025641,0.5,0.5,0.48148148148148145,1507.0048640327013,1494.4211692223942,12.583694810307179,-0.03322867608581892,0.39999999999999997,0.2,0.025362097944259476,0.20607012035583505,0.0,8.400000000000006,1.4000000000000004,0,0,0,0,0,0,0,0,0,0,0,0,0,0,1,0,0,0,0,0,0,0,1,0,0,0,0,0,0,0,0,0,0,0,0,0,0,0,0,0,0,0,0,0,0,0,0,0,0,0,0,0,0,0,0,0,0,0,0,0,0,0,0,0,0,0,0,0,0,0,0,1
2021,0,0,0.5030674846625767,0.4536082474226804,0.4,0.4,0.5,0.3,169.0,144.0,5.8,4.6,1.2959246681074406,1.3243453797879248,5.668711656441718,5.572164948453608,0.14285714285714285,0.6666666666666666,0.5714285714285714,1494.2201037007233,1461.674428304911,32.54567539581217,0.04945923723989626,0.0,0.2,-0.028420711680484212,0.09654670798810994,-0.5238095238095237,25.0,1.2000000000000002,1,0,0,0,0,0,0,0,0,0,0,0,1,0,0,0,0,0,0,0,0,0,0,0,0,0,1,0,0,0,0,0,0,0,0,0,0,0,0,0,1,0,0,0,0,0,0,0,0,0,0,0,0,0,0,0,0,0,0,0,0,0,0,0,0,0,0,0,0,0,0,0
2021,1,1,0.5196850393700787,0.45408163265306123,0.2,0.8,0.4,0.6,147.4,165.8,5.8,6.0,1.3023822058436432,1.3026304366698498,6.062992125984252,5.841836734693878,0.6,0.4,0.6111111111111112,1498.5417055095618,1544.8636015022644,-46.32189599270259,0.06560340671701748,-0.6000000000000001,-0.19999999999999996,-0.00024823082620661907,0.22115539129037387,0.19999999999999996,-18.400000000000006,-0.20000000000000018,0,0,0,0,0,0,0,0,0,0,0,0,0,0,0,1,0,0,1,0,0,0,0,0,0,0,0,0,0,0,0,0,0,0,0,0,0,0,0,0,1,0,0,0,0,0,0,0,0,0,0,0,0,0,0,0,0,0,0,0,0,0,0,0,0,0,0,0,0,0,0,0
2021,0,0,0.5893719806763285,0.5153061224489796,0.4,0.4,0.6,0.4,159.0,141.8,4.0,5.8,1.316316717422664,1.3041035023523262,6.0772946859903385,5.63265306122449,0.5,1.0,0.7857142857142857,1612.8865387748097,1504.783198783792,108.10333999101772,0.0740658582273489,0.0,0.19999999999999996,0.01221321507033779,0.4446416247658487,-0.5,17.19999999999999,-1.7999999999999998,0,0,0,0,0,0,0,0,0,1,0,0,0,0,0,0,0,0,0,0,0,0,1,0,0,0,0,0,0,0,0,0,0,0,0,0,0,0,0,0,0,0,0,0,0,0,0,0,0,0,0,0,0,0,0,0,0,0,0,0,0,0,0,0,0,0,0,0,0,0,0,1
2021,0,0,0.47715736040609136,0.6054054054054054,0.4,0.8,0.5,0.8,142.2,191.6,4.6,7.2,1.3262607493193899,1.3306422676713312,5.791878172588833,6.227027027027027,0.4,0.25,0.34615384615384615,1496.6428344713036,1589.1995825601427,-92.55674808883919,-0.12824804499931408,-0.4,-0.30000000000000004,-0.004381518351941338,-0.43514885443819473,0.15000000000000002,-49.400000000000006,-2.6000000000000005,0,0,0,0,0,0,0,0,0,0,0,0,0,0,1,0,1,0,0,0,0,0,0,0,0,0,0,0,0,0,0,0,0,0,0,0,0,0,0,0,0,0,0,0,0,0,0,0,0,0,0,0,0,0,0,0,0,0,0,0,0,0,0,0,1,0,0,0,0,0,0,0
2021,0,0,0.45685279187817257,0.5060975609756098,0.8,0.6,0.7,0.5,154.0,177.4,7.0,4.8,1.3023888720895072,1.297101078787259,5.8578680203045685,5.658536585365853,0.5,0.5,0.4782608695652174,1553.5381941713188,1503.2860941866243,50.252099984694496,-0.04924476909743719,0.20000000000000007,0.19999999999999996,0.005287793302248156,0.1993314349387152,0.0,-23.400000000000006,2.2,1,0,0,1,0,0,0,0,0,0,0,0,0,0,0,0,0,0,0,0,0,0,0,0,0,0,0,1,0,0,0,0,0,0,0,0,0,0,0,0,0,0,0,0,0,0,0,0,0,0,0,0,0,0,0,0,0,0,0,0,0,0,0,0,0,0,0,0,0,0,0,1
2021,0,0,0.4512820512820513,0.515625,0.4,0.2,0.3,0.3,156.6,145.6,6.4,4.6,1.3249257521628717,1.3004177000391595,5.5948717948717945,6.03125,0.8,0.4,0.29411764705882354,1452.60843781901,1489.8671128405074,-37.25867502149731,-0.06434294871794871,0.2,0.0,0.02450805212371221,-0.43637820512820547,0.4,11.0,1.8000000000000007,1,0,0,0,0,0,0,0,0,0,0,1,0,0,0,0,0,0,0,0,0,0,0,0,0,0,0,0,0,0,1,0,0,0,0,0,0,0,0,0,0,0,0,0,0,0,0,0,0,0,0,0,0,0,0,0,0,0,0,0,0,0,0,0,1,0,0,0,0,0,0,0
2021,1,1,0.5177664974619289,0.6075268817204301,0.6,0.8,0.5,0.8,133.2,179.0,6.4,6.4,1.305739945333854,1.330938462224999,5.634517766497462,6.225806451612903,1.0,0.5,0.34782608695652173,1517.7979956089753,1596.5968664177803,-78.79887080880508,-0.08976038425850119,-0.20000000000000007,-0.30000000000000004,-0.02519851689114483,-0.5912886851154413,0.5,-45.80000000000001,0.0,0,0,0,0,0,0,0,1,0,0,0,0,0,0,0,0,1,0,0,0,0,0,0,0,0,0,0,0,0,0,0,0,0,0,0,0,0,0,0,0,0,0,0,0,0,0,0,0,0,0,0,0,0,0,0,0,0,0,0,0,0,0,0,0,0,0,0,0,0,0,0,1
2021,0,0,0.47474747474747475,0.5865384615384616,0.2,0.4,0.5,0.5,137.2,162.6,3.6,3.8,1.3260112625198814,1.315778982618402,5.782828282828283,6.0625,0.5,0.42857142857142855,0.37037037037037035,1489.245550613666,1599.8717419496263,-110.62619133596036,-0.11179098679098681,-0.2,0.0,0.010232279901479346,-0.2796717171717171,0.07142857142857145,-25.400000000000006,-0.19999999999999973,1,0,0,0,0,0,0,0,0,0,0,0,0,0,1,0,0,0,0,0,0,0,0,0,1,0,0,0,0,0,0,0,0,0,0,0,0,0,0,0,1,0,0,0,0,0,0,0,0,0,0,0,0,0,0,0,0,0,0,0,0,0,0,0,0,0,0,0,0,0,0,0
2021,1,1,0.503030303030303,0.5116279069767442,0.6,0.2,0.4,0.2,166.2,142.2,6.0,5.0,1.295011176590124,1.2978310132729038,5.66060606060606,6.038759689922481,0.25,0.5454545454545454,0.5,1494.7224635919924,1478.7988140574143,15.92364953457809,-0.008597603946441157,0.39999999999999997,0.2,-0.0028198366827798527,-0.3781536293164205,-0.2954545454545454,24.0,1.0,0,0,0,0,0,0,0,0,0,0,0,0,1,0,0,0,0,0,0,0,0,0,0,0,0,0,0,0,0,0,1,0,0,0,0,0,0,0,0,0,1,0,0,0,0,0,0,0,0,0,0,0,0,0,0,0,0,0,0,0,0,0,0,0,0,0,0,0,0,0,0,0
2021,0,0,0.4595959595959596,0.5151515151515151,0.8,0.6,0.7,0.4,157.2,140.8,6.4,7.2,1.301954887218045,1.3060194174757283,5.858585858585859,5.646464646464646,0.8,0.25,0.44,1562.1018247659506,1510.0279052278115,52.07391953813908,-0.055555555555555525,0.20000000000000007,0.29999999999999993,-0.004064530257683163,0.21212121212121282,0.55,16.399999999999977,-0.7999999999999998,0,0,0,1,0,0,0,0,0,0,0,0,0,0,0,0,0,0,0,0,0,0,1,0,0,0,0,0,0,0,0,0,0,0,0,0,0,0,0,0,0,0,0,0,0,0,0,0,0,0,0,0,0,0,0,0,0,0,0,0,0,0,0,0,1,0,0,0,0,0,0,0
2021,0,0,0.45408163265306123,0.583732057416268,0.4,0.4,0.4,0.4,155.2,158.6,6.6,4.8,1.3233002226408632,1.314231288197476,5.6020408163265305,6.062200956937799,0.5,0.0,0.46153846153846156,1463.6767366021031,1586.7910768197773,-123.11434021767423,-0.12965042476320676,0.0,0.0,0.009068934443387189,-0.46016014061126853,0.5,-3.4000000000000057,1.7999999999999998,0,0,0,0,0,0,0,0,0,0,0,1,0,0,0,0,0,0,0,0,0,0,0,0,1,0,0,0,0,0,0,0,0,0,0,0,0,0,0,0,0,0,0,0,0,0,0,0,0,0,0,0,0,0,0,0,0,0,0,0,0,0,0,0,0,0,0,0,0,0,0,1
2021,0,0,0.5,0.47738693467336685,0.4,0.4,0.4,0.6,172.2,145.8,4.8,4.8,1.295249154339375,1.325865754595981,5.644578313253012,5.8040201005025125,0.2222222222222222,0.5555555555555556,0.47619047619047616,1484.2644647573482,1502.326215743515,-18.06175098616677,0.022613065326633153,0.0,-0.19999999999999996,-0.030616600256606175,-0.15944178724950042,-0.33333333333333337,26.399999999999977,0.0,0,0,0,0,0,0,0,0,0,0,0,0,1,0,0,0,0,0,0,0,0,0,0,0,0,0,0,0,0,1,0,0,0,0,0,0,0,0,0,0,1,0,0,0,0,0,0,0,0,0,0,0,0,0,0,0,0,0,0,0,0,0,0,0,0,0,0,0,0,0,0,0
2021,0,0,0.5153846153846153,0.6096256684491979,0.2,0.8,0.2,0.8,151.4,175.2,4.0,5.8,1.2986378822924698,1.3313065861885318,6.030769230769231,6.224598930481283,0.3333333333333333,0.4,0.26666666666666666,1489.2568128920586,1604.366956798944,-115.11014390688547,-0.09424105306458253,-0.6000000000000001,-0.6000000000000001,-0.032668703896062024,-0.19382969971205277,-0.06666666666666671,-23.799999999999983,-1.7999999999999998,0,0,0,0,0,0,0,0,0,0,0,0,0,0,0,1,1,0,0,0,0,0,0,0,0,0,0,0,0,0,0,0,0,0,0,0,0,0,0,0,0,0,0,0,0,0,0,0,0,0,0,0,0,0,0,0,0,0,0,0,0,0,0,0,1,0,0,0,0,0,0,0
2021,0,0,0.5175879396984925,0.4517766497461929,0.6,0.4,0.4,0.3,141.6,157.6,7.2,6.4,1.3052645139127448,1.3221176370373526,5.663316582914573,5.593908629441624,0.5,0.5714285714285714,0.6785714285714286,1521.5155898544406,1457.0790272323338,64.43656262210675,0.06581128995229957,0.19999999999999996,0.10000000000000003,-0.01685312312460785,0.06940795347294859,-0.0714285714285714,-16.0,0.7999999999999998,0,0,0,0,0,0,0,1,0,0,0,0,0,0,0,0,0,0,0,0,0,0,0,0,0,0,1,0,0,0,0,0,0,0,0,0,0,0,0,0,1,0,0,0,0,0,0,0,0,0,0,0,0,0,0,0,0,0,0,0,0,0,0,0,0,0,0,0,0,0,0,0
2021,0,0,0.6117021276595744,0.49700598802395207,0.8,0.4,0.9,0.4,168.4,167.8,6.6,4.8,1.3303315234185318,1.2947315604616156,6.2287234042553195,5.62874251497006,1.0,0.0,0.625,1611.1699504521887,1474.7838559330987,136.38609451908997,0.11469613963562236,0.4,0.5,0.03559996295691614,0.5999808892852592,1.0,0.5999999999999943,1.7999999999999998,0,1,0,0,0,0,0,0,0,0,0,0,0,0,0,0,0,0,0,0,0,0,0,0,0,0,0,1,0,0,0,0,0,0,0,0,0,0,0,0,0,0,0,0,0,0,0,0,0,0,0,0,0,0,0,0,0,0,0,0,0,0,0,0,0,0,0,0,0,0,0,1
2021,0,0,0.5857142857142857,0.457286432160804,0.4,0.8,0.5,0.7,151.6,148.6,5.2,6.8,1.3136209212293593,1.3004829266207958,6.061904761904762,5.864321608040201,0.5,0.6666666666666666,0.5517241379310345,1593.3887861895466,1550.6141401393215,42.7746460502251,0.12842785355348174,-0.4,-0.19999999999999996,0.013137994608563464,0.19758315386456093,-0.16666666666666663,3.0,-1.5999999999999996,0,0,0,0,0,0,0,0,0,1,0,0,0,0,0,0,0,0,1,0,0,0,0,0,0,0,0,0,0,0,0,0,0,0,0,0,0,0,0,0,0,0,0,0,0,0,0,0,0,0,0,0,0,0,0,0,0,0,0,0,0,0,0,0,1,0,0,0,0,0,0,0
2021,1,1,0.48,0.45454545454545453,0.4,0.4,0.6,0.4,142.2,155.4,5.8,6.2,1.326339532706303,1.3224576271186441,5.82,5.601010101010101,0.3333333333333333,0.8333333333333334,0.4444444444444444,1511.8068245677644,1468.9126847504851,42.89413981727921,0.025454545454545452,0.0,0.19999999999999996,0.003881905587658885,0.21898989898989907,-0.5,-13.200000000000017,-0.40000000000000036,1,0,0,0,0,0,0,0,0,0,0,0,0,0,1,0,0,0,0,0,0,0,0,0,0,0,1,0,0,0,0,0,0,0,0,0,0,0,0,0,0,0,0,0,0,0,0,0,0,0,0,0,0,0,0,0,0,0,0,0,0,0,0,0,1,0,0,0,0,0,0,0
2021,1,1,0.5114503816793893,0.515,0.2,0.6,0.2,0.4,144.0,143.8,4.2,7.6,1.2968321754095227,1.3053989407141637,6.015267175572519,5.66,0.5833333333333334,0.4,0.3684210526315789,1482.453819238814,1509.6819323362893,-27.228113097475216,-0.003549618320610737,-0.39999999999999997,-0.2,-0.008566765304641066,0.35526717557251875,0.18333333333333335,0.19999999999998863,-3.3999999999999995,0,0,0,0,0,0,0,0,0,0,0,0,0,0,0,1,0,0,0,0,0,0,1,0,0,0,0,0,0,0,0,0,0,0,0,0,0,0,0,0,1,0,0,0,0,0,0,0,0,0,0,0,0,0,0,0,0,0,0,0,0,0,0,0,0,0,0,0,0,0,0,0
2021,0,0,0.6084656084656085,0.46,0.8,0.8,0.8,0.7,162.6,143.8,6.0,7.2,1.3313284748441478,1.2995152649034782,6.211640211640212,5.875,0.7,0.45454545454545453,0.625,1597.4343793577366,1561.8391105481628,35.59526880957378,0.14846560846560847,0.0,0.10000000000000009,0.03181320994066961,0.3366402116402121,0.24545454545454543,18.799999999999983,-1.2000000000000002,0,1,0,0,0,0,0,0,0,0,0,0,0,0,0,0,0,0,1,0,0,0,0,0,0,0,0,0,0,0,0,0,0,0,0,0,0,0,0,0,1,0,0,0,0,0,0,0,0,0,0,0,0,0,0,0,0,0,0,0,0,0,0,0,0,0,0,0,0,0,0,0
2021,0,0,0.5,0.5829383886255924,0.4,0.2,0.4,0.4,161.8,133.6,4.0,5.6,1.297041065815079,1.312185534591195,5.619047619047619,6.061611374407583,0.5,0.4,0.4782608695652174,1488.5194270275508,1582.1638157807054,-93.64438875315454,-0.08293838862559244,0.2,0.0,-0.015144468776115971,-0.4425637553599646,0.09999999999999998,28.200000000000017,-1.5999999999999996,0,0,0,0,0,0,0,0,0,0,0,0,1,0,0,0,0,0,0,0,0,0,0,0,1,0,0,0,0,0,0,0,0,0,0,0,0,0,0,0,0,0,0,0,0,0,0,0,0,0,0,0,0,0,0,0,0,0,0,0,0,0,0,0,1,0,0,0,0,0,0,0
2021,0,0,0.5075757575757576,0.48258706467661694,0.2,0.6,0.2,0.6,134.0,146.0,4.4,6.0,1.294180898165718,1.326263652527305,6.0,5.82089552238806,0.5,0.0,0.5294117647058824,1473.235906877476,1520.5784666033005,-47.34255972582446,0.02498869289914063,-0.39999999999999997,-0.39999999999999997,-0.03208275436158714,0.17910447761193993,0.5,-12.0,-1.5999999999999996,1,0,0,0,0,0,0,0,0,0,0,0,0,0,0,1,0,0,0,0,0,0,0,0,0,0,0,0,0,1,0,0,0,0,0,0,0,0,0,0,0,0,0,0,0,0,0,0,0,0,0,0,0,0,0,0,0,0,0,0,0,0,0,0,0,0,0,0,0,0,0,1
2021,0,0,0.6052631578947368,0.45226130653266333,0.6,0.4,0.7,0.4,158.6,153.8,5.8,7.0,1.3299423681453022,1.322093905420214,6.21578947368421,5.608040201005025,0.6363636363636364,0.625,0.6521739130434783,1586.4134347137144,1460.141042714949,126.27239199876544,0.1530018513620735,0.19999999999999996,0.29999999999999993,0.007848462725088101,0.6077492726791851,0.011363636363636354,4.799999999999983,-1.2000000000000002,0,1,0,0,0,0,0,0,0,0,0,0,0,0,0,0,0,0,0,0,0,0,0,0,0,0,1,0,0,0,0,0,0,0,0,0,0,0,0,0,1,0,0,0,0,0,0,0,0,0,0,0,0,0,0,0,0,0,0,0,0,0,0,0,0,0,0,0,0,0,0,0
2021,0,0,0.5174129353233831,0.4970414201183432,0.6,0.2,0.5,0.4,148.8,142.8,7.2,3.6,1.3037990821009688,1.2935925411624678,5.6716417910447765,5.597633136094674,0.4,0.4,0.5714285714285714,1518.8998446976273,1481.1513035010269,37.7485411966004,0.02037151520503988,0.39999999999999997,0.09999999999999998,0.01020654093850104,0.07400865495010223,0.0,6.0,3.6,1,0,0,0,0,0,0,1,0,0,0,0,0,0,0,0,0,0,0,0,0,0,0,0,0,0,0,1,0,0,0,0,0,0,0,0,0,0,0,0,0,0,0,0,0,0,0,0,0,0,0,0,0,0,0,0,0,0,0,0,0,0,0,0,1,0,0,0,0,0,0,0
2021,1,1,0.5849056603773585,0.5112781954887218,0.4,0.4,0.4,0.3,125.2,135.4,6.0,5.2,1.313144784842898,1.2929584536211873,6.0754716981132075,6.0,0.5,1.0,0.5,1589.5319393072293,1484.5901638878356,104.94177541939371,0.0736274648886367,0.0,0.10000000000000003,0.020186331221710763,0.07547169811320753,-0.5,-10.200000000000003,0.7999999999999998,1,0,0,0,0,0,0,0,0,1,0,0,0,0,0,0,0,0,0,0,0,0,0,0,0,0,0,0,0,0,1,0,0,0,0,0,0,0,0,0,0,0,0,0,0,0,0,0,0,0,0,0,0,0,0,0,0,0,0,0,0,0,0,0,0,0,0,0,0,0,0,1
2021,0,0,0.4626865671641791,0.4801980198019802,0.8,0.6,0.8,0.5,138.2,155.0,7.0,7.2,1.298578800439895,1.3252190026954178,5.870646766169155,5.826732673267327,0.5,0.6,0.4166666666666667,1572.860055192185,1509.224209592941,63.63584559924402,-0.017511452637801073,0.20000000000000007,0.30000000000000004,-0.02664020225552277,0.04391409290182757,-0.09999999999999998,-16.80000000000001,-0.20000000000000018,0,0,0,1,0,0,0,0,0,0,0,0,0,0,0,0,0,0,0,0,0,0,0,0,0,0,0,0,0,1,0,0,0,0,0,0,0,0,0,0,1,0,0,0,0,0,0,0,0,0,0,0,0,0,0,0,0,0,0,0,0,0,0,0,0,0,0,0,0,0,0,0
2021,0,0,0.4603960396039604,0.6020942408376964,0.6,0.4,0.7,0.6,143.2,154.0,5.8,5.4,1.2985947492426793,1.3284269028700446,5.856435643564357,6.204188481675392,0.46153846153846156,0.5833333333333334,0.4,1561.0486786468323,1572.93101978624,-11.8823411394078,-0.14169820123373594,0.19999999999999996,0.09999999999999998,-0.029832153627365354,-0.3477528381110355,-0.1217948717948718,-10.800000000000011,0.39999999999999947,0,0,0,1,0,0,0,0,0,0,0,0,0,0,0,0,1,0,0,0,0,0,0,0,0,0,0,0,0,0,0,0,0,0,0,0,0,0,0,0,1,0,0,0,0,0,0,0,0,0,0,0,0,0,0,0,0,0,0,0,0,0,0,0,0,0,0,0,0,0,0,0
2021,1,1,0.4827586206896552,0.5198019801980198,0.8,0.6,0.5,0.6,157.0,151.2,7.4,8.0,1.3252335665507562,1.3040280654296463,5.822660098522167,5.693069306930693,0.42857142857142855,0.5,0.4642857142857143,1521.0355861382936,1527.8176094531086,-6.782023314814978,-0.037043359508364626,0.20000000000000007,-0.09999999999999998,0.02120550112110986,0.12959079159147446,-0.07142857142857145,5.800000000000011,-0.5999999999999996,0,0,0,0,0,0,0,0,0,0,0,0,0,0,1,0,0,0,0,0,0,0,1,0,0,0,0,0,0,0,0,0,0,0,0,0,0,0,0,0,0,0,0,0,0,0,0,0,0,0,0,0,0,0,0,0,0,0,0,0,0,0,0,0,1,0,0,0,0,0,0,0
2021,0,0,0.458128078817734,0.5221674876847291,0.4,0.8,0.6,0.7,146.8,144.8,5.8,7.8,1.2989453419268435,1.3032380151387721,5.857142857142857,5.699507389162561,0.7142857142857143,0.5714285714285714,0.4230769230769231,1551.3905466384606,1537.6224319202804,13.768114718180186,-0.0640394088669951,-0.4,-0.09999999999999998,-0.00429267321192861,0.15763546798029537,0.1428571428571429,2.0,-2.0,0,0,0,1,0,0,0,0,0,0,0,0,0,0,0,0,0,0,0,0,0,0,1,0,0,0,0,0,0,0,0,0,0,0,0,0,0,0,0,0,0,0,0,0,0,0,0,0,0,0,0,0,0,0,0,0,0,0,0,0,0,0,0,0,1,0,0,0,0,0,0,0
2021,0,0,0.6041666666666666,0.5245098039215687,0.4,0.8,0.6,0.7,154.2,146.0,5.2,7.0,1.3289564616447822,1.3021670013386881,6.197916666666667,5.696078431372549,0.6153846153846154,0.5,0.6666666666666666,1582.5891517946118,1548.018502813172,34.57064898143972,0.07965686274509798,-0.4,-0.09999999999999998,0.02678946030609408,0.5018382352941178,0.11538461538461542,8.199999999999989,-1.7999999999999998,1,1,0,0,0,0,0,0,0,0,0,0,0,0,0,0,0,0,0,0,0,0,1,0,0,0,0,0,0,0,0,0,0,0,0,0,0,0,0,0,1,0,0,0,0,0,0,0,0,0,0,0,0,0,0,0,0,0,0,0,0,0,0,0,0,0,0,0,0,0,0,0
2022,0,0,0.6062176165803109,0.5219512195121951,0.4,0.8,0.6,0.7,164.8,146.0,5.6,6.6,1.330125451108438,1.3020430241750927,6.212435233160622,5.682926829268292,0.5789473684210527,0.09090909090909091,0.68,1591.597399392412,1539.010255215372,52.587144177040045,0.08426639706811578,-0.4,-0.09999999999999998,0.028082426933345284,0.5295084038923292,0.4880382775119617,18.80000000000001,-1.0,0,1,0,0,0,0,0,0,0,0,0,0,0,0,0,0,0,0,0,0,0,0,1,0,0,0,0,0,0,0,0,0,0,0,0,0,0,0,0,0,0,0,0,0,0,0,0,0,0,0,0,0,0,0,0,0,0,0,0,0,0,0,0,0,0,0,0,0,0,0,1,0
2022,0,0,0.5868544600938967,0.45588235294117646,0.6,0.4,0.5,0.6,141.2,148.4,7.0,5.8,1.3159106877976423,1.2978599383795486,6.084507042253521,5.862745098039215,0.75,0.0,0.5333333333333333,1596.6000941733016,1540.994475745569,55.60561842773268,0.13097210715272029,0.19999999999999996,-0.09999999999999998,0.018050749418093703,0.22176194421430573,0.75,-7.200000000000017,1.2000000000000002,0,0,0,0,0,0,0,0,0,1,0,0,0,0,0,0,0,0,1,0,0,0,0,0,0,0,0,0,0,0,0,0,0,0,0,1,0,0,0,0,0,0,0,0,0,0,0,0,0,0,0,0,0,0,0,0,0,0,0,0,0,0,0,0,0,0,0,0,0,0,0,0
2022,0,0,0.4803921568627451,0.455,0.6,0.6,0.5,0.5,151.6,145.0,6.6,6.2,1.3240258387163992,1.3233231131084884,5.823529411764706,5.61,0.5,0.0,0.4642857142857143,1511.2307636711218,1473.6234576424233,37.60730602869853,0.025392156862745097,0.0,0.0,0.0007027256079108479,0.2135294117647053,0.5,6.599999999999994,0.39999999999999947,0,0,0,0,0,0,0,0,0,0,0,0,0,0,1,0,0,0,0,0,0,0,0,0,0,0,1,0,0,0,0,0,0,0,0,0,0,0,1,0,0,0,0,0,0,0,0,0,0,0,0,0,0,0,0,0,0,0,0,0,0,0,0,0,0,0,0,0,0,0,0,0
2022,0,0,0.5,0.5,0.5,0.5,0.5,0.5,0.0,0.0,0.0,0.0,0.0,0.0,0.0,0.0,0.5,0.5,0.5,1500.0,1500.0,0.0,0.0,0.0,0.0,0.0,0.0,0.0,0.0,0.0,0,0,0,0,0,0,0,0,1,0,0,0,0,0,0,0,0,0,0,0,1,0,0,0,0,0,0,0,0,0,0,0,0,0,0,0,0,0,0,0,0,0,0,0,0,0,0,0,0,0,0,0,0,0,0,0,0,0,0,0,0,0,0,0,0,0,0,0,0,0,1,0
2022,0,0,0.49411764705882355,0.5074626865671642,0.2,0.4,0.4,0.3,135.6,150.0,3.2,5.6,1.2915946893045753,1.2949931498318594,5.588235294117647,6.022388059701493,0.3333333333333333,0.3333333333333333,0.4666666666666667,1472.2335387455455,1477.5220090217633,-5.288470276217822,-0.01334503950834065,-0.2,0.10000000000000003,-0.0033984605272840973,-0.4341527655838462,0.0,-14.400000000000006,-2.3999999999999995,1,0,0,0,0,0,0,0,0,0,0,0,1,0,0,0,0,0,0,0,0,0,0,0,0,0,0,0,0,0,1,0,0,0,0,0,0,0,0,0,0,0,0,0,0,0,0,0,0,0,0,1,0,0,0,0,0,0,0,0,0,0,0,0,0,0,0,0,0,0,0,0
2022,0,0,0.5242718446601942,0.47804878048780486,0.8,0.4,0.7,0.4,148.8,162.0,6.0,5.8,1.301565606361829,1.3255534366967914,5.679611650485437,5.819512195121951,1.0,0.3333333333333333,0.5517241379310345,1550.5123815202312,1500.1525460665316,50.35983545369959,0.046223064172389305,0.4,0.29999999999999993,-0.023987830334962323,-0.13990054463651447,0.6666666666666667,-13.199999999999989,0.20000000000000018,0,0,0,0,0,0,0,1,0,0,0,0,0,0,0,0,0,0,0,0,0,0,0,0,0,0,0,0,0,1,0,0,0,0,0,0,0,0,1,0,0,0,0,0,0,0,0,0,0,0,0,0,0,0,0,0,0,0,0,0,0,0,0,0,0,0,0,0,0,0,0,0
2022,0,0,0.6030927835051546,0.0,0.4,0.0,0.6,0.0,153.2,158.0,5.8,5.0,1.328561661396462,1.2741935483870968,6.201030927835052,5.0,0.5,0.5,0.5,1580.0952730875526,1490.0,90.09527308755264,0.6030927835051546,0.4,0.6,0.05436811300936517,1.2010309278350517,0.0,-4.800000000000011,0.7999999999999998,0,1,0,0,0,0,0,0,0,0,0,0,0,0,0,0,0,0,0,0,0,0,0,1,0,0,0,0,0,0,0,0,0,0,0,1,0,0,0,0,0,0,0,0,0,0,0,0,0,0,0,0,0,0,0,0,0,0,0,0,0,0,0,0,0,0,0,0,0,0,0,0
2022,0,0,0.4577114427860697,0.5217391304347826,0.6,0.6,0.5,0.6,161.6,140.2,5.2,5.4,1.3250470022978902,1.3006719155777238,5.592039800995025,5.685990338164252,0.42857142857142855,0.16666666666666666,0.3448275862068966,1484.7016752470136,1539.0729753501003,-54.371300103086696,-0.06402768764871292,0.0,-0.09999999999999998,0.024375086720166417,-0.09395053716922686,0.26190476190476186,21.400000000000006,-0.20000000000000018,0,0,0,0,0,0,0,0,0,0,0,1,0,0,0,0,0,0,0,0,0,0,1,0,0,0,0,0,0,0,0,0,0,0,0,0,0,0,0,0,0,0,0,0,0,0,0,0,0,0,0,0,0,0,0,0,0,0,0,0,0,0,0,0,0,0,0,0,0,0,1,0
2022,0,0,0.49707602339181284,0.5841121495327103,0.4,0.6,0.4,0.5,144.8,154.4,4.0,7.0,1.293658967191408,1.3165501165501166,5.5964912280701755,6.08411214953271,0.5,0.7142857142857143,0.4583333333333333,1482.3857414012855,1585.0131623189911,-102.62742091770565,-0.08703612614089745,-0.19999999999999996,-0.09999999999999998,-0.022891149358708507,-0.48762092146253444,-0.2142857142857143,-9.599999999999994,-3.0,1,0,0,0,0,0,0,0,0,0,0,0,1,0,0,0,0,0,0,0,0,0,0,0,1,0,0,0,0,0,0,0,0,0,0,0,0,0,1,0,0,0,0,0,0,0,0,0,0,0,0,0,0,0,0,0,0,0,0,0,0,0,0,0,0,0,0,0,0,0,0,0
2022,0,0,1.0,0.4585365853658537,1.0,0.4,1.0,0.6,161.0,157.8,6.0,5.2,1.3305785123966942,1.298984876735032,6.0,5.8585365853658535,0.5,0.6666666666666666,0.5,1510.0,1552.5814075998794,-42.58140759987941,0.5414634146341464,0.6,0.4,0.03159363566166218,0.14146341463414647,-0.16666666666666663,3.1999999999999886,0.7999999999999998,1,0,0,0,0,1,0,0,0,0,0,0,0,0,0,0,0,0,1,0,0,0,0,0,0,0,0,0,0,0,0,0,0,0,0,0,0,0,0,0,0,0,0,0,0,0,0,0,0,0,0,1,0,0,0,0,0,0,0,0,0,0,0,0,0,0,0,0,0,0,0,0
2022,0,0,0.45544554455445546,0.6,0.6,0.4,0.5,0.5,162.0,168.0,5.2,5.2,1.3242422982580135,1.3305419766206164,5.584158415841584,6.18974358974359,0.0,0.3333333333333333,0.375,1476.2539558576932,1567.5587255297855,-91.30476967209233,-0.14455445544554452,0.19999999999999996,0.0,-0.006299678362602812,-0.6055851739020062,-0.3333333333333333,-6.0,0.0,1,0,0,0,0,0,0,0,0,0,0,1,0,0,0,0,1,0,0,0,0,0,0,0,0,0,0,0,0,0,0,0,0,0,0,1,0,0,0,0,0,0,0,0,0,0,0,0,0,0,0,0,0,0,0,0,0,0,0,0,0,0,0,0,0,0,0,0,0,0,0,0
2022,0,0,0.5,0.5037037037037037,0.5,0.2,0.5,0.2,184.5,146.4,6.0,5.8,1.458498023715415,1.2941976147809429,6.0,6.022222222222222,0.5,0.5,0.5,1502.536547557767,1467.3698063660233,35.16674119174377,-0.0037037037037036535,0.3,0.3,0.16430040893447218,-0.022222222222222143,0.0,38.099999999999994,0.20000000000000018,1,0,0,0,0,0,0,0,1,0,0,0,0,0,0,0,0,0,0,0,0,0,0,0,0,0,0,0,0,0,1,0,0,0,0,0,0,0,1,0,0,0,0,0,0,0,0,0,0,0,0,0,0,0,0,0,0,0,0,0,0,0,0,0,0,0,0,0,0,0,0,0
2022,0,0,0.5,0.48058252427184467,0.6,0.4,0.5,0.5,153.6,155.6,5.0,6.6,1.2951211190719891,1.3243822959204719,5.6104651162790695,5.839805825242719,0.46153846153846156,0.3333333333333333,0.45454545454545453,1495.2565816385932,1511.5919522366626,-16.335370598069403,0.01941747572815533,0.19999999999999996,0.0,-0.02926117684848273,-0.22934070896364922,0.12820512820512825,-2.0,-1.5999999999999996,0,0,0,0,0,0,0,0,0,0,0,0,1,0,0,0,0,0,0,0,0,0,0,0,0,0,0,0,0,1,0,0,0,0,0,0,0,0,0,0,0,0,0,0,0,0,0,0,0,0,0,0,0,0,0,0,0,0,0,0,0,0,0,0,0,0,0,0,0,0,1,0
2022,0,0,0.5813953488372093,0.5240384615384616,0.4,0.6,0.4,0.7,161.0,140.6,7.4,6.0,1.316505604947816,1.3015481910393825,6.093023255813954,5.706730769230769,0.6666666666666666,1.0,0.7586206896551724,1572.1423220816835,1547.5206947394206,24.621627342262855,0.05735688729874777,-0.19999999999999996,-0.29999999999999993,0.014957413908433637,0.3862924865831845,-0.33333333333333337,20.400000000000006,1.4000000000000004,0,0,0,0,0,0,0,0,0,1,0,0,0,0,0,0,0,0,0,0,0,0,1,0,0,0,0,0,0,0,0,0,0,0,0,0,0,0,0,0,0,0,0,0,0,0,0,0,0,0,0,1,0,0,0,0,0,0,0,0,0,0,0,0,0,0,0,0,0,0,0,0
2022,0,0,0.4563106796116505,0.6666666666666666,0.2,0.6666666666666666,0.5,0.6666666666666666,161.4,179.33333333333334,5.4,7.0,1.2988704757193503,1.4385026737967914,5.859223300970874,7.0,0.5,1.0,0.5,1541.361915954962,1511.527809900109,29.834106054852782,-0.21035598705501612,-0.4666666666666666,-0.16666666666666663,-0.1396321980774411,-1.140776699029126,-0.5,-17.933333333333337,-1.5999999999999996,0,0,0,1,0,0,0,0,0,0,0,0,0,0,0,0,0,0,0,0,0,0,0,1,0,0,0,0,0,0,0,0,0,0,0,0,0,0,1,0,0,0,0,0,0,0,0,0,0,0,0,0,0,0,0,0,0,0,0,0,0,0,0,0,0,0,0,0,0,0,0,0
2022,0,0,0.458128078817734,1.0,0.6,1.0,0.5,1.0,164.4,166.0,5.8,7.5,1.3244025469279748,1.3551020408163266,5.605911330049261,7.5,0.5,0.5,0.5,1488.8230468206502,1521.2194916449175,-32.39644482426729,-0.541871921182266,-0.4,-0.5,-0.030699493888351803,-1.8940886699507393,0.0,-1.5999999999999943,-1.7000000000000002,0,0,0,0,0,0,0,0,0,0,0,1,0,0,0,0,0,0,0,0,1,0,0,0,0,0,0,0,0,0,0,0,0,0,0,1,0,0,0,0,0,0,0,0,0,0,0,0,0,0,0,0,0,0,0,0,0,0,0,0,0,0,0,0,0,0,0,0,0,0,0,0
2022,0,0,0.5969387755102041,0.5,0.4,0.2,0.4,0.2,166.4,151.0,6.0,6.4,1.329568050090959,1.293825495125391,6.198979591836735,6.029411764705882,0.75,0.0,0.75,1554.9896345668285,1458.3785440236813,96.61109054314716,0.09693877551020413,0.2,0.2,0.03574255496556811,0.1695678271308525,0.75,15.400000000000006,-0.40000000000000036,0,1,0,0,0,0,0,0,0,0,0,0,0,0,0,0,0,0,0,0,0,0,0,0,0,0,0,0,0,0,1,0,0,0,0,0,0,0,1,0,0,0,0,0,0,0,0,0,0,0,0,0,0,0,0,0,0,0,0,0,0,0,0,0,0,0,0,0,0,0,0,0
2022,0,0,0.5787037037037037,0.4830917874396135,0.4,0.6,0.3,0.6,167.4,162.8,7.2,5.8,1.3165711207725752,1.3248512210137493,6.087962962962963,5.826086956521739,0.5,0.5,0.6071428571428571,1561.4348386339614,1521.1221286220475,40.31271001191385,0.09561191626409021,-0.19999999999999996,-0.3,-0.008280100241174093,0.26187600644122355,0.0,4.599999999999994,1.4000000000000004,0,0,0,0,0,0,0,0,0,1,0,0,0,0,0,0,0,0,0,0,0,0,0,0,0,0,0,0,0,1,0,0,0,0,0,0,0,0,0,0,0,0,0,0,0,0,0,0,0,0,0,1,0,0,0,0,0,0,0,0,0,0,0,0,0,0,0,0,0,0,0,0
2022,0,0,0.45410628019323673,0.5263157894736842,0.2,0.6,0.4,0.7,158.4,145.8,5.6,5.8,1.2983758510376506,1.3030104712041886,5.85024154589372,5.698564593301436,0.3333333333333333,0.0,0.4074074074074074,1530.5053256968395,1558.2281781871427,-27.72285249030324,-0.07220950928044745,-0.39999999999999997,-0.29999999999999993,-0.004634620166537928,0.1516769525922843,0.3333333333333333,12.599999999999994,-0.20000000000000018,1,0,0,1,0,0,0,0,0,0,0,0,0,0,0,0,0,0,0,0,0,0,1,0,0,0,0,0,0,0,0,0,0,0,0,1,0,0,0,0,0,0,0,0,0,0,0,0,0,0,0,0,0,0,0,0,0,0,0,0,0,0,0,0,0,0,0,0,0,0,0,0
2022,0,0,0.49710982658959535,0.75,0.4,0.75,0.4,0.75,149.4,173.25,5.4,6.0,1.2954655556632109,1.3971774193548387,5.61271676300578,6.0,0.42857142857142855,0.0,0.5,1485.7264052532082,1522.3844001582315,-36.657994905023315,-0.25289017341040465,-0.35,-0.35,-0.10171186369162788,-0.38728323699421985,0.42857142857142855,-23.849999999999994,-0.5999999999999996,1,0,0,0,0,0,0,0,0,0,0,0,1,0,0,0,0,0,0,0,0,0,0,1,0,0,0,0,0,0,0,0,0,0,0,0,0,0,0,0,0,0,0,0,0,0,0,0,0,0,0,0,0,0,0,0,0,0,0,0,0,0,0,0,0,0,0,0,0,0,1,0
2022,0,0,1.0,0.5036496350364964,1.0,0.4,1.0,0.3,174.0,159.0,8.0,7.0,1.4146341463414633,1.2945977221511664,8.0,6.036496350364963,0.5,0.5,0.5,1530.2897400322836,1471.0897142418867,59.20002579039692,0.4963503649635036,0.6,0.7,0.12003642419029692,1.9635036496350367,0.0,15.0,1.0,0,0,0,0,0,1,0,0,0,0,0,0,0,0,0,0,0,0,0,0,0,0,0,0,0,0,0,0,0,0,1,0,0,0,0,0,0,0,1,0,0,0,0,0,0,0,0,0,0,0,0,0,0,0,0,0,0,0,0,0,0,0,0,0,0,0,0,0,0,0,0,0
2022,0,0,0.5939086294416244,0.4855769230769231,0.2,0.6,0.3,0.7,162.6,160.0,5.4,6.0,1.3290547933675616,1.3248907226602393,6.177664974619289,5.826923076923077,0.6,0.5,0.6666666666666666,1542.2784643486232,1532.2772426430404,10.001221705582793,0.1083317063647013,-0.39999999999999997,-0.39999999999999997,0.004164070707322276,0.35074189769621267,0.09999999999999998,2.5999999999999943,-0.5999999999999996,1,1,0,0,0,0,0,0,0,0,0,0,0,0,0,0,0,0,0,0,0,0,0,0,0,0,0,0,0,1,0,0,0,0,0,0,0,0,1,0,0,0,0,0,0,0,0,0,0,0,0,0,0,0,0,0,0,0,0,0,0,0,0,0,0,0,0,0,0,0,0,0
2022,0,0,0.45588235294117646,0.576036866359447,0.6,0.2,0.5,0.3,170.6,178.8,5.2,6.0,1.3254761610925994,1.3162026576800827,5.598039215686274,6.073732718894009,0.0,0.4,0.4444444444444444,1479.7527984332842,1550.2797246129685,-70.52692617968432,-0.12015451341827049,0.39999999999999997,0.2,0.009273503412516648,-0.47569350320773474,-0.4,-8.200000000000017,-0.7999999999999998,1,0,0,0,0,0,0,0,0,0,0,1,0,0,0,0,0,0,0,0,0,0,0,0,1,0,0,0,0,0,0,0,0,0,0,0,0,0,0,0,0,0,0,0,0,0,0,0,0,0,0,1,0,0,0,0,0,0,0,0,0,0,0,0,0,0,0,0,0,0,0,0
2022,0,0,0.75,0.5,0.75,0.6,0.75,0.4,171.0,164.4,6.75,6.6,1.3762575452716297,1.2955508474576272,6.75,5.626436781609195,0.0,0.6666666666666666,0.5,1518.6021270754584,1496.7776092448617,21.824517830596733,0.25,0.15000000000000002,0.35,0.08070669781400253,1.1235632183908049,-0.6666666666666666,6.599999999999994,0.15000000000000036,1,0,0,0,0,1,0,0,0,0,0,0,0,0,0,0,0,0,0,0,0,0,0,0,0,0,0,1,0,0,0,0,0,0,0,0,0,0,1,0,0,0,0,0,0,0,0,0,0,0,0,0,0,0,0,0,0,0,0,0,0,0,0,0,0,0,0,0,0,0,0,0
2022,0,0,0.5238095238095238,0.5072463768115942,0.6,0.4,0.7,0.4,147.0,164.4,6.2,7.2,1.3035532581708658,1.295519138900647,5.695238095238095,6.043478260869565,0.0,1.0,0.65,1547.4319394885986,1482.7773271987119,64.6546122898867,0.0165631469979296,0.19999999999999996,0.29999999999999993,0.008034119270218687,-0.34824016563147,-1.0,-17.400000000000006,-1.0,0,0,0,0,0,0,0,1,0,0,0,0,0,0,0,0,0,0,0,0,0,0,0,0,0,0,0,0,0,0,1,0,0,0,0,1,0,0,0,0,0,0,0,0,0,0,0,0,0,0,0,0,0,0,0,0,0,0,0,0,0,0,0,0,0,0,0,0,0,0,0,0
2022,0,0,0.6,0.573394495412844,0.6,0.0,0.6,0.3,171.0,169.0,6.0,5.4,1.3790322580645162,1.3170211144142083,6.0,6.068807339449541,1.0,0.6666666666666666,0.5,1511.333196166578,1538.2772262754736,-26.944030108895504,0.026605504587155937,0.6,0.3,0.06201114365030791,-0.06880733944954098,0.33333333333333337,2.0,0.5999999999999996,1,0,0,0,0,0,0,0,1,0,0,0,0,0,0,0,0,0,0,0,0,0,0,0,1,0,0,0,0,0,0,0,0,0,0,1,0,0,0,0,0,0,0,0,0,0,0,0,0,0,0,0,0,0,0,0,0,0,0,0,0,0,0,0,0,0,0,0,0,0,0,0
2022,0,0,0.48325358851674644,0.4567307692307692,0.6,0.4,0.6,0.4,171.0,167.0,5.6,6.4,1.3257883615084525,1.300526380217897,5.818181818181818,5.8701923076923075,0.38461538461538464,0.4166666666666667,0.6,1522.565021460756,1541.3015643953836,-18.73654293462755,0.026522819285977217,0.19999999999999996,0.19999999999999996,0.025261981290555457,-0.052010489510489144,-0.03205128205128205,4.0,-0.8000000000000007,1,0,0,0,0,0,0,0,0,0,0,0,0,0,1,0,0,0,1,0,0,0,0,0,0,0,0,0,0,0,0,0,0,0,0,0,0,0,0,0,0,0,0,0,0,0,0,0,0,0,0,0,0,0,0,0,0,0,0,0,0,0,0,0,0,0,0,0,0,0,1,0
2022,0,0,0.4585365853658537,0.5107913669064749,0.6,0.6,0.6,0.5,182.4,161.0,5.8,7.0,1.3266901293174005,1.2974531475252282,5.614634146341463,6.057553956834532,0.5,0.6666666666666666,0.3333333333333333,1491.755296770779,1494.61704897506,-2.861752204280947,-0.05225478154062119,0.0,0.09999999999999998,0.029236981792172267,-0.44291981049306894,-0.16666666666666663,21.400000000000006,-1.2000000000000002,0,0,0,0,0,0,0,0,0,0,0,1,0,0,0,0,0,0,0,0,0,0,0,0,0,0,0,0,0,0,1,0,0,0,0,0,0,0,1,0,0,0,0,0,0,0,0,0,0,0,0,0,0,0,0,0,0,0,0,0,0,0,0,0,0,0,0,0,0,0,0,0
2022,0,0,0.5959595959595959,0.8,0.2,0.8,0.3,0.8,167.4,175.2,5.4,7.2,1.3310310184603793,1.4106280193236715,6.191919191919192,7.2,0.8333333333333334,1.0,0.5,1551.9906855309075,1527.9747918645805,24.015893666326974,-0.20404040404040413,-0.6000000000000001,-0.5,-0.07959700086329224,-1.0080808080808081,-0.16666666666666663,-7.799999999999983,-1.7999999999999998,0,1,0,0,0,0,0,0,0,0,0,0,0,0,0,0,0,0,0,0,1,0,0,0,0,0,0,0,0,0,0,0,0,0,0,0,0,0,0,0,0,0,0,0,0,0,0,0,0,0,0,1,0,0,0,0,0,0,0,0,0,0,0,0,0,0,0,0,0,0,0,0
2022,0,0,0.49714285714285716,0.5213270142180095,0.6,0.4,0.4,0.6,178.4,155.4,6.6,5.8,1.295404499760651,1.3041470921756035,5.617142857142857,5.682464454976303,0.5,0.0,0.4090909090909091,1487.4049444557395,1535.5922177122504,-48.187273256510935,-0.024184157075152368,0.19999999999999996,-0.19999999999999996,-0.008742592414952455,-0.06532159783344582,0.5,23.0,0.7999999999999998,1,0,0,0,0,0,0,0,0,0,0,0,1,0,0,0,0,0,0,0,0,0,1,0,0,0,0,0,0,0,0,0,0,0,0,1,0,0,0,0,0,0,0,0,0,0,0,0,0,0,0,0,0,0,0,0,0,0,0,0,0,0,0,0,0,0,0,0,0,0,0,0
2022,0,0,0.4857142857142857,0.6666666666666666,0.8,0.8,0.6,0.6666666666666666,167.8,179.2,6.0,6.8,1.3266758308401392,1.4166666666666667,5.8238095238095235,6.5,0.4,1.0,0.5,1533.103780337542,1522.1071567345282,10.996623603013859,-0.18095238095238092,0.0,-0.06666666666666665,-0.08999083582652756,-0.6761904761904765,-0.6,-11.399999999999977,-0.7999999999999998,1,0,0,0,0,0,0,0,0,0,0,0,0,0,1,0,0,0,0,0,0,0,0,1,0,0,0,0,0,0,0,0,0,0,0,0,0,0,1,0,0,0,0,0,0,0,0,0,0,0,0,0,0,0,0,0,0,0,0,0,0,0,0,0,0,0,0,0,0,0,0,0
2022,0,0,0.4563106796116505,0.45454545454545453,0.4,0.4,0.5,0.4,171.0,174.6,6.0,6.0,1.3260320820780067,1.301002801347895,5.601941747572815,5.866028708133971,0.3333333333333333,0.5,0.5555555555555556,1481.8376627576588,1530.7628055185976,-48.9251427609388,0.0017652250661959745,0.0,0.09999999999999998,0.02502928073011179,-0.26408696056115577,-0.16666666666666669,-3.5999999999999943,0.0,0,0,0,0,0,0,0,0,0,0,0,1,0,0,0,0,0,0,1,0,0,0,0,0,0,0,0,0,0,0,0,0,0,0,0,1,0,0,0,0,0,0,0,0,0,0,0,0,0,0,0,0,0,0,0,0,0,0,0,0,0,0,0,0,0,0,0,0,0,0,0,0
2022,0,0,0.5707762557077626,0.592964824120603,0.0,0.2,0.3,0.3,169.8,175.0,5.0,6.0,1.3176421499829307,1.3311401682351962,6.059360730593608,6.1959798994974875,0.625,0.6666666666666666,0.59375,1527.5032657075235,1541.3005513572418,-13.797285649718333,-0.022188568412840448,-0.2,0.0,-0.013498018252265487,-0.13661916890387982,-0.04166666666666663,-5.199999999999989,-1.0,0,0,0,0,0,0,0,0,0,1,0,0,0,0,0,0,1,0,0,0,0,0,0,0,0,0,0,0,0,0,0,0,0,0,0,0,0,0,1,0,0,0,0,0,0,0,0,0,0,0,0,0,0,0,0,0,0,0,0,0,0,0,0,0,0,0,0,0,0,0,0,0
2022,0,0,0.5,0.45714285714285713,0.6,0.4,0.5,0.4,179.8,162.6,7.2,7.0,1.2979016986249228,1.3021862348178137,5.642045454545454,5.885714285714286,0.4666666666666667,0.38461538461538464,0.5,1498.7830604732542,1539.3638613819605,-40.58080090870635,0.04285714285714287,0.19999999999999996,0.09999999999999998,-0.004284536192890931,-0.24366883116883198,0.08205128205128204,17.200000000000017,0.20000000000000018,1,0,0,0,0,0,0,0,0,0,0,0,1,0,0,0,0,0,1,0,0,0,0,0,0,0,0,0,0,0,0,0,0,0,0,0,0,0,0,0,0,0,0,0,0,0,0,0,0,0,0,0,0,0,0,0,0,0,0,0,0,0,0,0,0,0,0,0,0,0,1,0
2022,1,1,0.8333333333333334,0.5188679245283019,0.8,0.4,0.8333333333333334,0.5,177.0,171.8,7.0,5.4,1.4097035040431267,1.3057245296700641,6.833333333333333,5.679245283018868,0.5,0.6666666666666666,0.5,1538.6649260382462,1524.2141016947357,14.450824343510476,0.3144654088050315,0.4,0.33333333333333337,0.10397897437306258,1.1540880503144653,-0.16666666666666663,5.199999999999989,1.5999999999999996,1,0,0,0,0,1,0,0,0,0,0,0,0,0,0,0,0,0,0,0,0,0,1,0,0,0,0,0,0,0,0,0,0,0,0,0,0,0,1,0,0,0,0,0,0,0,0,0,0,0,0,0,0,0,0,0,0,0,0,0,0,0,0,0,0,0,0,0,0,0,0,0
2022,0,0,0.4881516587677725,0.5142857142857142,0.8,0.8,0.6,0.5,177.6,161.6,5.6,7.8,1.3271791158843167,1.2975423526604628,5.834123222748815,6.085714285714285,1.0,1.0,0.4444444444444444,1542.7873777154466,1504.5346829881803,38.25269472726632,-0.026134055517941734,0.0,0.09999999999999998,0.02963676322385389,-0.2515910629654705,0.0,16.0,-2.2,0,0,0,0,0,0,0,0,0,0,0,0,0,0,1,0,0,0,0,0,0,0,0,0,0,0,0,0,0,0,1,0,0,0,0,1,0,0,0,0,0,0,0,0,0,0,0,0,0,0,0,0,0,0,0,0,0,0,0,0,0,0,0,0,0,0,0,0,0,0,0,0
2022,0,0,0.5714285714285714,0.5681818181818182,0.6,0.0,0.5714285714285714,0.2,169.6,166.8,6.6,4.8,1.397244546498278,1.3173752170958242,6.428571428571429,6.0636363636363635,0.0,0.6212121212121212,1.0,1512.4235593566236,1517.9001748874175,-5.476615530793879,0.0032467532467531646,0.6,0.3714285714285714,0.07986932940245373,0.36493506493506533,-0.6212121212121212,2.799999999999983,1.7999999999999998,1,0,0,0,0,0,0,0,1,0,0,0,0,0,0,0,0,0,0,0,0,0,0,0,1,0,0,0,0,0,0,0,0,0,0,0,0,0,0,0,0,0,0,0,0,0,0,0,0,0,0,0,0,0,0,0,0,0,0,0,0,0,0,0,0,0,0,0,0,0,1,0
2022,0,0,0.45410628019323673,0.595,0.4,0.4,0.5,0.4,166.6,164.2,5.4,6.6,1.3241907385650042,1.3305993952197506,5.579710144927536,6.2,0.4,0.55,0.4,1473.2366068942958,1550.9036421773478,-77.66703528305197,-0.14089371980676324,0.0,0.09999999999999998,-0.006408656654746325,-0.620289855072464,-0.15000000000000002,2.4000000000000057,-1.1999999999999993,1,0,0,0,0,0,0,0,0,0,0,1,0,0,0,0,1,0,0,0,0,0,0,0,0,0,0,0,0,0,0,0,0,0,0,0,0,0,0,0,0,0,0,0,0,0,0,0,0,0,0,0,0,0,0,0,0,0,0,0,0,0,0,0,0,0,0,0,0,0,1,0
2022,0,0,0.5028248587570622,0.4858490566037736,0.6,0.6,0.6,0.6,185.6,156.6,7.2,5.2,1.3007899342509814,1.3243210766642635,5.655367231638418,5.811320754716981,0.5,0.6,0.43478260869565216,1509.9457871331103,1531.6908039818381,-21.7450168487278,0.01697580215328859,0.0,0.0,-0.023531142413282025,-0.15595352307856292,-0.09999999999999998,29.0,2.0,1,0,0,0,0,0,0,0,0,0,0,0,1,0,0,0,0,0,0,0,0,0,0,0,0,0,0,0,0,1,0,0,0,0,0,0,0,0,0,0,0,0,0,0,0,0,0,0,0,0,0,1,0,0,0,0,0,0,0,0,0,0,0,0,0,0,0,0,0,0,0,0
2022,0,0,0.5177304964539007,0.8571428571428571,1.0,0.8,0.6,0.8571428571428571,144.6,174.0,8.4,6.8,1.2980431808719444,1.3831990794016111,6.113475177304965,7.0,0.16666666666666666,1.0,1.0,1515.6312567217888,1548.2492375601394,-32.617980838350604,-0.3394123606889564,0.19999999999999996,-0.2571428571428571,-0.08515589852966676,-0.8865248226950353,-0.8333333333333334,-29.400000000000006,1.6000000000000005,0,0,0,0,0,0,0,0,0,0,0,0,0,0,0,1,0,0,0,0,1,0,0,0,0,0,0,0,0,0,0,0,0,0,0,0,0,0,0,0,0,0,0,0,0,0,0,0,0,0,0,0,0,0,0,0,0,0,0,0,0,0,0,0,0,0,0,0,0,0,1,0
2022,0,0,0.5164319248826291,0.4549763033175355,0.2,0.4,0.4,0.3,173.2,172.6,5.2,6.2,1.3050623271473807,1.3038102142742065,5.694835680751174,5.867298578199052,0.23076923076923078,0.35714285714285715,0.5714285714285714,1514.6297901728426,1528.2011347221044,-13.571344549261767,0.0614556215650936,-0.2,0.10000000000000003,0.0012521128731741715,-0.17246289744787813,-0.12637362637362637,0.5999999999999943,-1.0,0,0,0,0,0,0,0,1,0,0,0,0,0,0,0,0,0,0,1,0,0,0,0,0,0,0,0,0,0,0,0,0,0,0,0,0,0,0,0,0,0,0,0,0,0,0,0,0,0,0,0,0,0,0,0,0,0,0,0,0,0,0,0,0,0,0,0,0,0,0,1,0
2022,0,0,0.625,0.4567307692307692,0.6,0.4,0.625,0.5,169.4,168.0,6.4,4.6,1.390562248995984,1.324629271437782,6.625,5.581730769230769,0.5,0.16666666666666666,0.5,1522.5811759684639,1485.4355371557565,37.145638812707375,0.16826923076923078,0.19999999999999996,0.125,0.06593297755820182,1.0432692307692308,0.33333333333333337,1.4000000000000057,1.8000000000000007,1,0,0,0,0,0,0,0,1,0,0,0,0,0,0,0,0,0,0,0,0,0,0,0,0,0,1,0,0,0,0,0,0,0,0,0,0,0,0,0,0,0,0,0,0,0,0,0,0,0,0,1,0,0,0,0,0,0,0,0,0,0,0,0,0,0,0,0,0,0,0,0
2022,1,1,0.4835680751173709,0.875,0.4,0.8,0.5,0.875,149.2,175.8,5.6,6.2,1.3224122125234166,1.409456740442656,5.821596244131455,6.875,0.5,1.0,0.5,1521.065748020549,1557.3131651233693,-36.247417102820236,-0.3914319248826291,-0.4,-0.375,-0.08704452791923933,-1.053403755868545,-0.5,-26.600000000000023,-0.6000000000000005,0,0,0,0,0,0,0,0,0,0,0,0,0,0,1,0,0,0,0,0,1,0,0,0,0,0,0,0,0,0,0,0,0,0,0,1,0,0,0,0,0,0,0,0,0,0,0,0,0,0,0,0,0,0,0,0,0,0,0,0,0,0,0,0,0,0,0,0,0,0,0,0
2022,0,0,0.5056179775280899,0.5656108597285068,0.8,0.0,0.6,0.2,180.6,161.0,8.0,5.0,1.3000376222723853,1.3159990982189824,5.679775280898877,6.0633484162895925,0.5,0.5555555555555556,0.48,1520.5708430943994,1507.7425582755773,12.828284818822112,-0.059992882200416875,0.8,0.39999999999999997,-0.015961475946597137,-0.3835731353907157,-0.05555555555555558,19.599999999999994,3.0,0,0,0,0,0,0,0,0,0,0,0,0,1,0,0,0,0,0,0,0,0,0,0,0,1,0,0,0,0,0,0,0,0,0,0,0,0,0,1,0,0,0,0,0,0,0,0,0,0,0,0,0,0,0,0,0,0,0,0,0,0,0,0,0,0,0,0,0,0,0,0,0
2022,1,1,0.6666666666666666,0.45754716981132076,0.6,0.6,0.6666666666666666,0.4,169.0,172.8,7.4,7.2,1.3732142857142857,1.3037081579474845,6.777777777777778,5.882075471698113,0.3333333333333333,0.4,1.0,1531.5160936103405,1537.810718571718,-6.294624961377622,0.20911949685534587,0.0,0.2666666666666666,0.0695061277668012,0.8957023060796647,-0.06666666666666671,-3.8000000000000114,0.20000000000000018,1,0,0,0,0,0,0,0,1,0,0,0,0,0,0,0,0,0,1,0,0,0,0,0,0,0,0,0,0,0,0,0,0,0,0,0,0,0,0,0,0,0,0,0,0,0,0,0,0,0,0,0,0,0,0,0,0,0,0,0,0,0,0,0,0,0,0,0,0,0,1,0
2022,0,0,0.5920398009950248,0.5140845070422535,0.4,0.8,0.4,0.6,174.2,152.6,5.8,8.0,1.3309432562739523,1.2998996398842906,6.189054726368159,6.105633802816901,0.7142857142857143,0.25,0.7058823529411765,1538.7047119158872,1506.5673291585588,32.137382757328396,0.07795529395277134,-0.4,-0.19999999999999996,0.031043616389661688,0.08342092355125796,0.4642857142857143,21.599999999999994,-2.2,1,1,0,0,0,0,0,0,0,0,0,0,0,0,0,0,0,0,0,0,0,0,0,0,0,0,0,0,0,0,1,0,0,0,0,0,0,0,0,0,0,0,0,0,0,0,0,0,0,0,0,1,0,0,0,0,0,0,0,0,0,0,0,0,0,0,0,0,0,0,0,0
2022,0,0,0.5027932960893855,0.514018691588785,0.6,0.0,0.6,0.3,179.2,170.0,7.4,5.6,1.2997054836146043,1.304431061301001,5.675977653631285,5.696261682242991,0.5,0.21428571428571427,0.43478260869565216,1510.2017830738296,1505.0202063232289,5.181576750600698,-0.011225395499399493,0.6,0.3,-0.004725577686396809,-0.020284028611706084,0.2857142857142857,9.199999999999989,1.8000000000000007,0,0,0,0,0,0,0,0,0,0,0,0,1,0,0,0,0,0,0,0,0,0,1,0,0,0,0,0,0,0,0,0,0,0,0,0,0,0,0,0,0,0,0,0,0,0,0,0,0,0,0,0,0,0,0,0,0,0,0,0,0,0,0,0,0,0,0,0,0,0,1,0
2022,1,1,0.8888888888888888,0.45454545454545453,1.0,0.4,0.8888888888888888,0.5,178.2,156.8,6.8,5.4,1.4112903225806452,1.3231108438564843,6.777777777777778,5.5933014354066986,0.6666666666666666,0.3333333333333333,1.0,1566.2736493717655,1476.5006195138799,89.7730298578856,0.4343434343434343,0.6,0.38888888888888884,0.08817947872416099,1.1844763423710791,0.3333333333333333,21.399999999999977,1.3999999999999995,0,0,0,0,0,1,0,0,0,0,0,0,0,0,0,0,0,0,0,0,0,0,0,0,0,0,1,0,0,0,0,0,0,0,0,0,0,0,1,0,0,0,0,0,0,0,0,0,0,0,0,0,0,0,0,0,0,0,0,0,0,0,0,0,0,0,0,0,0,0,0,0
2022,0,0,0.48130841121495327,0.594059405940594,0.4,0.6,0.5,0.4,144.6,183.8,5.6,6.6,1.3227559398675182,1.3325133251332513,5.813084112149533,6.188118811881188,0.5,0.75,0.32142857142857145,1512.105263772153,1547.7823527640335,-35.67708899188051,-0.11275099472564076,-0.19999999999999996,0.09999999999999998,-0.00975738526573311,-0.37503469973165515,-0.25,-39.20000000000002,-1.0,1,0,0,0,0,0,0,0,0,0,0,0,0,0,1,0,1,0,0,0,0,0,0,0,0,0,0,0,0,0,0,0,0,0,0,0,0,0,0,0,0,0,0,0,0,0,0,0,0,0,0,1,0,0,0,0,0,0,0,0,0,0,0,0,0,0,0,0,0,0,0,0
2022,0,0,0.45539906103286387,0.5104895104895105,0.4,0.6,0.4,0.5,167.6,156.8,5.8,7.0,1.3048508058082018,1.3016059078654318,5.868544600938967,6.076923076923077,0.6,1.0,0.42105263157894735,1527.6295645219097,1497.4896883104125,30.139876211497267,-0.05509044945664665,-0.19999999999999996,-0.09999999999999998,0.003244897942769942,-0.20837847598410963,-0.4,10.799999999999983,-1.2000000000000002,1,0,0,1,0,0,0,0,0,0,0,0,0,0,0,0,0,0,0,0,0,0,0,0,0,0,0,0,0,0,1,0,0,0,0,1,0,0,0,0,0,0,0,0,0,0,0,0,0,0,0,0,0,0,0,0,0,0,0,0,0,0,0,0,0,0,0,0,0,0,0,0
2022,0,0,0.5675675675675675,0.8,0.2,0.8,0.2,0.8,163.0,168.4,5.6,5.4,1.3161143113638063,1.3799196787148595,6.063063063063063,6.3,0.6,1.0,0.5,1518.111618296147,1553.745782005092,-35.634163708944925,-0.2324324324324325,-0.6000000000000001,-0.6000000000000001,-0.06380536735105324,-0.23693693693693696,-0.4,-5.400000000000006,0.1999999999999993,1,0,0,0,0,0,0,0,0,1,0,0,0,0,0,0,0,0,0,0,1,0,0,0,0,0,0,0,0,0,0,0,0,0,0,1,0,0,0,0,0,0,0,0,0,0,0,0,0,0,0,0,0,0,0,0,0,0,0,0,0,0,0,0,0,0,0,0,0,0,0,0
2022,1,1,0.45714285714285713,0.5,0.4,0.6,0.5,0.6,146.2,178.6,5.2,7.2,1.3236174885206629,1.2990984292220467,5.604761904761904,5.661111111111111,0.4375,0.47058823529411764,0.4090909090909091,1489.0284868805534,1500.052656362655,-11.02416948210157,-0.04285714285714287,-0.19999999999999996,-0.09999999999999998,0.024519059298616197,-0.05634920634920704,-0.03308823529411764,-32.400000000000006,-2.0,0,0,0,0,0,0,0,0,0,0,0,1,0,0,0,0,0,0,0,0,0,0,0,0,0,0,0,1,0,0,0,0,0,0,0,0,0,0,0,0,0,0,0,0,0,0,0,0,0,0,0,0,0,0,0,0,0,0,0,0,0,0,0,0,0,0,0,0,0,0,1,0
2022,0,0,0.7,0.5162790697674419,0.8,0.2,0.7,0.4,175.6,167.4,7.6,5.6,1.384185303514377,1.304282255824106,6.8,5.693023255813953,1.0,1.0,0.5,1541.6972476601488,1515.1693330344035,26.527914625745325,0.1837209302325581,0.6000000000000001,0.29999999999999993,0.0799030476902709,1.1069767441860465,0.0,8.199999999999989,2.0,1,0,0,0,0,0,0,0,1,0,0,0,0,0,0,0,0,0,0,0,0,0,1,0,0,0,0,0,0,0,0,0,0,0,0,0,0,0,0,0,0,0,0,0,0,0,0,0,0,0,0,1,0,0,0,0,0,0,0,0,0,0,0,0,0,0,0,0,0,0,0,0
2022,1,1,0.48372093023255813,0.5069444444444444,0.4,0.4,0.6,0.5,141.4,158.8,5.8,6.0,1.3229536664298682,1.3028857342331859,5.823255813953488,6.055555555555555,0.42857142857142855,0.14285714285714285,0.42105263157894735,1523.1285387876999,1488.3550141049016,34.773524682798325,-0.023223514211886287,0.0,0.09999999999999998,0.020067932196682348,-0.23229974160206712,0.2857142857142857,-17.400000000000006,-0.20000000000000018,1,0,0,0,0,0,0,0,0,0,0,0,0,0,1,0,0,0,0,0,0,0,0,0,0,0,0,0,0,0,1,0,0,0,0,0,0,0,0,0,0,0,0,0,0,0,0,0,0,0,0,0,0,0,0,0,0,0,0,0,0,0,0,0,0,0,0,0,0,0,1,0
2022,0,0,0.5911330049261084,0.45794392523364486,0.4,0.6,0.3,0.5,172.6,174.4,6.4,6.4,1.332517339861281,1.3064893828140505,6.197044334975369,5.878504672897196,0.7142857142857143,0.3333333333333333,0.6153846153846154,1536.7590777484866,1536.7642387274207,-0.005160978934100058,0.13318907969246357,-0.19999999999999996,-0.2,0.0260279570472306,0.3185396620781731,0.380952380952381,-1.8000000000000114,0.0,1,1,0,0,0,0,0,0,0,0,0,0,0,0,0,0,0,0,1,0,0,0,0,0,0,0,0,0,0,0,0,0,0,0,0,0,0,0,1,0,0,0,0,0,0,0,0,0,0,0,0,0,0,0,0,0,0,0,0,0,0,0,0,0,0,0,0,0,0,0,0,0
2022,0,0,0.5138888888888888,0.5695067264573991,0.2,0.4,0.3,0.2,152.6,161.2,6.4,5.6,1.3036858340583721,1.3165791727167802,5.699074074074074,6.058295964125561,0.5,0.6,0.26666666666666666,1505.9313874806694,1529.1336707439893,-23.20228326331994,-0.05561783756851024,-0.2,0.09999999999999998,-0.012893338658408027,-0.3592218900514865,-0.09999999999999998,-8.599999999999994,0.8000000000000007,1,0,0,0,0,0,0,1,0,0,0,0,0,0,0,0,0,0,0,0,0,0,0,0,1,0,0,0,0,0,0,0,0,0,0,0,0,0,1,0,0,0,0,0,0,0,0,0,0,0,0,0,0,0,0,0,0,0,0,0,0,0,0,0,0,0,0,0,0,0,0,0
2022,1,1,0.7272727272727273,0.7272727272727273,0.6,0.8,0.7,0.8,168.8,171.0,5.6,7.8,1.383601756954612,1.3893740902474527,6.2727272727272725,7.090909090909091,1.0,1.0,1.0,1542.7237295572497,1550.935193213883,-8.211463656633214,0.0,-0.20000000000000007,-0.10000000000000009,-0.00577233329284077,-0.8181818181818183,0.0,-2.1999999999999886,-2.2,1,0,0,0,0,1,0,0,0,0,0,0,0,0,0,0,0,0,0,0,0,0,0,1,0,0,0,0,0,0,0,0,0,0,0,0,0,0,0,0,0,0,0,0,0,0,0,0,0,0,0,1,0,0,0,0,0,0,0,0,0,0,0,0,0,0,0,0,0,0,0,0
2022,0,0,0.5027624309392266,0.4558139534883721,0.6,0.4,0.6,0.4,173.2,174.0,6.2,5.6,1.3004343406339525,1.3055368928585542,5.657458563535911,5.879069767441861,0.4,0.25,0.52,1509.7354617021272,1526.7640901825062,-17.028628480378984,0.04694847745085445,0.19999999999999996,0.19999999999999996,-0.005102552224601764,-0.22161120390594924,0.15000000000000002,-0.8000000000000114,0.6000000000000005,0,0,0,0,0,0,0,0,0,0,0,0,1,0,0,0,0,0,1,0,0,0,0,0,0,0,0,0,0,0,0,0,0,0,0,0,0,0,1,0,0,0,0,0,0,0,0,0,0,0,0,0,0,0,0,0,0,0,0,0,0,0,0,0,0,0,0,0,0,0,0,0
2022,0,0,0.5931372549019608,0.5669642857142857,0.6,0.4,0.4,0.2,180.4,147.6,7.0,6.6,1.3338744369140862,1.3155455017429356,6.215686274509804,6.071428571428571,0.5238095238095238,0.6119402985074627,0.42424242424242425,1546.759226293401,1518.4668463501823,28.292379943218748,0.026172969187675088,0.19999999999999996,0.2,0.01832893517115064,0.14425770308123287,-0.08813077469793884,32.80000000000001,0.40000000000000036,0,1,0,0,0,0,0,0,0,0,0,0,0,0,0,0,0,0,0,0,0,0,0,0,1,0,0,0,0,0,0,0,0,0,0,0,0,0,0,0,0,0,0,0,0,0,0,0,0,0,0,0,0,0,0,0,0,0,0,0,0,0,0,0,0,0,0,0,0,0,1,0
2022,0,0,0.4549763033175355,0.4861111111111111,0.4,0.4,0.4,0.6,153.8,143.6,5.4,6.2,1.3242373689227835,1.3239475337731699,5.597156398104265,5.842592592592593,0.25,0.3333333333333333,0.5517241379310345,1479.3456815410811,1532.1310049219949,-52.785323380913724,-0.03113480779357558,0.0,-0.19999999999999996,0.00028983514961367085,-0.24543619448832743,-0.08333333333333331,10.200000000000017,-0.7999999999999998,1,0,0,0,0,0,0,0,0,0,0,1,0,0,0,0,0,0,0,0,0,0,0,0,0,0,0,0,0,1,0,0,0,0,0,1,0,0,0,0,0,0,0,0,0,0,0,0,0,0,0,0,0,0,0,0,0,0,0,0,0,0,0,0,0,0,0,0,0,0,0,0
2022,1,1,0.5161290322580645,0.503448275862069,0.4,0.2,0.4,0.5,143.6,153.4,7.4,4.6,1.3037147804187,1.3010746475618211,5.71889400921659,6.0344827586206895,0.8,0.2,0.6190476190476191,1516.5982118744764,1479.3525479706066,37.245663903869854,0.01268075639599553,0.2,-0.09999999999999998,0.0026401328568788074,-0.31558874940409964,0.6000000000000001,-9.800000000000011,2.8000000000000007,1,0,0,0,0,0,0,1,0,0,0,0,0,0,0,0,0,0,0,0,0,0,0,0,0,0,0,0,0,0,1,0,0,0,0,0,0,0,0,0,0,0,0,0,0,0,0,0,0,0,0,1,0,0,0,0,0,0,0,0,0,0,0,0,0,0,0,0,0,0,0,0
2022,1,1,0.5902439024390244,0.75,0.4,0.6,0.4,0.7,168.6,166.4,6.6,6.0,1.3321883208729035,1.3632707774798927,6.209756097560976,6.583333333333333,0.5,1.0,0.0,1535.9467013440187,1552.9600304830974,-17.013329139078678,-0.15975609756097564,-0.19999999999999996,-0.29999999999999993,-0.03108245660698916,-0.37357723577235724,-0.5,2.1999999999999886,0.5999999999999996,0,1,0,0,0,0,0,0,0,0,0,0,0,0,0,0,0,0,0,0,1,0,0,0,0,0,0,0,0,0,0,0,0,0,0,0,0,0,0,0,0,0,0,0,0,0,0,0,0,0,0,0,0,0,0,0,0,0,0,0,0,0,0,0,0,0,0,0,0,0,1,0
2022,1,1,0.5,0.6666666666666666,0.4,0.8,0.5,0.7,160.8,154.8,5.0,7.4,1.3003169936141865,1.3636986301369862,5.637362637362638,6.833333333333333,0.6,1.0,1.0,1500.2251929455178,1540.6988922880353,-40.47369934251742,-0.16666666666666663,-0.4,-0.19999999999999996,-0.06338163652279971,-1.1959706959706953,-0.4,6.0,-2.4000000000000004,1,0,0,0,0,0,0,0,0,0,0,0,1,0,0,0,0,0,0,0,0,0,0,1,0,0,0,0,0,0,0,0,0,0,0,1,0,0,0,0,0,0,0,0,0,0,0,0,0,0,0,0,0,0,0,0,0,0,0,0,0,0,0,0,0,0,0,0,0,0,0,0
2022,0,0,0.4583333333333333,0.45754716981132076,0.6,0.6,0.5,0.5,164.8,172.6,6.4,7.0,1.3060156588110319,1.32600790513834,5.87962962962963,5.613207547169812,0.4,0.5,0.4642857142857143,1536.2743589391155,1490.8533827183012,45.42097622081428,0.0007861635220125507,0.0,0.0,-0.019992246327308116,0.266422082459818,-0.09999999999999998,-7.799999999999983,-0.5999999999999996,1,0,0,1,0,0,0,0,0,0,0,0,0,0,0,0,0,0,0,0,0,0,0,0,0,0,1,0,0,0,0,0,0,0,0,0,0,0,1,0,0,0,0,0,0,0,0,0,0,0,0,0,0,0,0,0,0,0,0,0,0,0,0,0,0,0,0,0,0,0,0,0
2022,0,0,0.5,0.5688888888888889,0.0,0.6,0.5,0.3,163.6,137.2,3.8,7.2,1.2989501462910906,1.3147819660014781,6.034246575342466,6.088888888888889,0.125,0.6176470588235294,0.47058823529411764,1470.420476536064,1529.2793712995647,-58.85889476350076,-0.06888888888888889,-0.6,0.2,-0.015831819710387496,-0.054642313546422905,-0.49264705882352944,26.400000000000006,-3.4000000000000004,1,0,0,0,0,0,0,0,0,0,0,0,0,0,0,1,0,0,0,0,0,0,0,0,1,0,0,0,0,0,0,0,0,0,0,0,0,0,0,0,0,0,0,0,0,0,0,0,0,0,0,0,0,0,0,0,0,0,0,0,0,0,0,0,0,0,0,0,0,0,1,0
2022,1,1,0.6153846153846154,0.518348623853211,0.6,0.6,0.6,0.4,152.0,149.4,7.0,7.2,1.3507556675062973,1.304111198120595,6.769230769230769,5.729357798165138,0.6666666666666666,0.6,1.0,1529.5392066928414,1525.530283309019,4.008923383822321,0.09703599153140441,0.0,0.19999999999999996,0.046644469385702214,1.0398729710656314,0.06666666666666665,2.5999999999999943,-0.20000000000000018,1,0,0,0,0,0,0,0,1,0,0,0,0,0,0,0,0,0,0,0,0,0,1,0,0,0,0,0,0,0,0,0,0,0,0,0,0,0,1,0,0,0,0,0,0,0,0,0,0,0,0,0,0,0,0,0,0,0,0,0,0,0,0,0,0,0,0,0,0,0,0,0
2022,1,1,0.7692307692307693,0.4838709677419355,0.6,0.4,0.7,0.5,154.0,161.0,5.8,7.8,1.3476101800124147,1.3233823069709285,6.461538461538462,5.857142857142857,1.0,0.4666666666666667,1.0,1562.4707385349718,1520.6233037447748,41.847434790196985,0.2853598014888338,0.19999999999999996,0.19999999999999996,0.024227873041486214,0.6043956043956049,0.5333333333333333,-7.0,-2.0,0,0,0,0,0,1,0,0,0,0,0,0,0,0,0,0,0,0,0,0,0,0,0,0,0,0,0,0,0,1,0,0,0,0,0,0,0,0,0,0,0,0,0,0,0,0,0,0,0,0,0,0,0,0,0,0,0,0,0,0,0,0,0,0,0,0,0,0,0,0,1,0
2022,1,1,0.587378640776699,0.5027322404371585,0.4,0.4,0.4,0.6,160.0,167.6,6.4,4.6,1.3308403699236027,1.3011420740063957,6.194174757281553,5.6502732240437155,0.25,0.6666666666666666,0.6,1526.4359932921443,1511.3848785407117,15.051114751432578,0.08464640033954052,0.0,-0.19999999999999996,0.029698295917206963,0.5439015332378379,-0.41666666666666663,-7.599999999999994,1.8000000000000007,0,1,0,0,0,0,0,0,0,0,0,0,0,0,0,0,0,0,0,0,0,0,0,0,0,0,0,1,0,0,0,0,0,0,0,1,0,0,0,0,0,0,0,0,0,0,0,0,0,0,0,0,0,0,0,0,0,0,0,0,0,0,0,0,0,0,0,0,0,0,0,0
2022,0,0,0.4608294930875576,0.5663716814159292,0.6,0.6,0.6,0.3,166.6,148.8,6.4,7.2,1.3059514487079091,1.3154836336888562,5.894009216589862,6.088495575221239,0.375,0.6086956521739131,0.4838709677419355,1544.9744353416427,1517.601298825031,27.373136516611567,-0.10554218832837159,0.0,0.3,-0.0095321849809471,-0.19448635863137653,-0.23369565217391308,17.799999999999983,-0.7999999999999998,0,0,0,1,0,0,0,0,0,0,0,0,0,0,0,0,0,0,0,0,0,0,0,0,1,0,0,0,0,0,0,0,0,0,0,0,0,0,0,0,0,0,0,0,0,0,0,0,0,0,0,0,0,0,0,0,0,0,0,0,0,0,0,0,0,0,0,0,0,0,1,0
2022,1,1,0.5034013605442177,0.45539906103286387,0.2,0.4,0.5,0.4,163.2,163.6,4.2,7.2,1.3006949191159718,1.3250216314009282,6.040816326530612,5.619718309859155,0.2222222222222222,0.4117647058823529,0.6842105263157895,1482.0985490105975,1482.153306315774,-0.05475730517650845,0.04800229951135382,-0.2,0.09999999999999998,-0.02432671228495642,0.42109801667145685,-0.1895424836601307,-0.4000000000000057,-3.0,0,0,0,0,0,0,0,0,0,0,0,0,0,0,0,1,0,0,0,0,0,0,0,0,0,0,1,0,0,0,0,0,0,0,0,0,0,0,0,0,0,0,0,0,0,0,0,0,0,0,0,0,0,0,0,0,0,0,0,0,0,0,0,0,0,0,0,0,0,0,1,0
2022,0,0,0.5054347826086957,0.7142857142857143,0.6,0.4,0.6,0.7,166.2,152.8,4.8,5.0,1.300790477921134,1.3496826312752452,5.6521739130434785,6.142857142857143,0.2222222222222222,0.5,0.0,1521.8178136543727,1551.2720634885466,-29.45424983417388,-0.20885093167701863,0.19999999999999996,-0.09999999999999998,-0.048892153354111345,-0.49068322981366475,-0.2777777777777778,13.399999999999977,-0.20000000000000018,0,0,0,0,0,0,0,0,0,0,0,0,1,0,0,0,0,0,0,0,1,0,0,0,0,0,0,0,0,0,0,0,0,0,0,0,0,0,0,0,0,1,0,0,0,0,0,0,0,0,0,0,0,0,0,0,0,0,0,0,0,0,0,0,0,0,0,0,0,0,0,0
2022,0,0,0.48623853211009177,0.6428571428571429,0.6,0.6,0.5,0.6,172.0,163.4,7.2,7.0,1.3240751546271443,1.3771929824561404,5.853211009174312,6.857142857142857,0.4,0.5,1.0,1531.8219787912,1539.4238257231023,-7.601846931902173,-0.15661861074705113,0.0,-0.09999999999999998,-0.0531178278289961,-1.0039318479685448,-0.09999999999999998,8.599999999999994,0.20000000000000018,1,0,0,0,0,0,0,0,0,0,0,0,0,0,1,0,0,0,0,0,0,0,0,1,0,0,0,0,0,0,0,0,0,0,0,0,0,0,0,0,0,1,0,0,0,0,0,0,0,0,0,0,0,0,0,0,0,0,0,0,0,0,0,0,0,0,0,0,0,0,0,0
2022,0,0,0.4885844748858447,0.5027027027027027,0.8,0.6,0.6,0.6,179.4,173.4,7.6,4.8,1.3256300081291372,1.3018203170874927,5.853881278538813,5.6378378378378375,0.5,0.5,0.5416666666666666,1542.0407426255988,1512.663549981014,29.37719264458474,-0.014118227816857953,0.20000000000000007,0.0,0.023809691041644543,0.21604344070097525,0.0,6.0,2.8,0,0,0,0,0,0,0,0,0,0,0,0,0,0,1,0,0,0,0,0,0,0,0,0,0,0,0,1,0,0,0,0,0,0,0,0,0,0,0,0,0,0,0,0,0,0,0,0,0,0,0,0,1,0,0,0,0,0,0,0,0,0,0,0,0,0,0,0,0,0,0,0
2022,1,1,0.5053763440860215,0.7333333333333333,0.6,0.6,0.6,0.7,167.6,162.4,5.4,5.8,1.3026788924847177,1.3616792249730894,5.650537634408602,6.133333333333334,1.0,0.5,0.0,1523.5070842460445,1560.4263271619052,-36.91924291586065,-0.22795698924731178,0.0,-0.09999999999999998,-0.059000332488371665,-0.48279569892473173,0.5,5.199999999999989,-0.39999999999999947,0,0,0,0,0,0,0,0,0,0,0,0,1,0,0,0,0,0,0,0,1,0,0,0,0,0,0,0,0,0,0,0,0,0,0,0,0,0,0,0,0,0,0,0,0,0,0,0,0,0,0,0,1,0,0,0,0,0,0,0,0,0,0,0,0,0,0,0,0,0,0,0
2023,0,0,0.5845410628019324,0.75,0.2,0.8,0.4,0.7,149.6,154.6,6.2,6.4,1.3301860372074414,1.3510908168442415,6.188405797101449,6.3125,0.5,1.0,0.0,1516.0030581784833,1569.3676875279534,-53.36462934947008,-0.1654589371980676,-0.6000000000000001,-0.29999999999999993,-0.02090477963680004,-0.12409420289855078,-0.5,-5.0,-0.20000000000000018,0,1,0,0,0,0,0,0,0,0,0,0,0,0,0,0,0,0,0,0,1,0,0,0,0,0,0,0,0,0,0,0,0,0,0,0,0,0,0,0,0,0,0,0,0,0,0,0,0,0,0,0,1,0,0,0,0,0,0,0,0,0,0,0,0,0,0,0,0,0,0,0
2023,0,0,0.45794392523364486,0.5159817351598174,0.6,0.6,0.5,0.3,169.0,161.8,7.2,6.0,1.3263586850045062,1.3057622628277554,5.630841121495327,5.703196347031963,0.5714285714285714,0.6666666666666666,0.3333333333333333,1492.1517302738541,1515.6456642787582,-23.493934004904077,-0.05803780992617252,0.0,0.2,0.02059642217675073,-0.07235522553663642,-0.09523809523809523,7.199999999999989,1.2000000000000002,1,0,0,0,0,0,0,0,0,0,0,1,0,0,0,0,0,0,0,0,0,0,1,0,0,0,0,0,0,0,0,0,0,0,0,0,0,0,0,0,0,0,0,0,0,0,0,0,0,0,0,0,0,0,0,0,0,1,0,0,0,0,0,0,0,0,0,0,0,0,0,0
2023,0,0,0.6,0.45871559633027525,0.4,0.6,0.6,0.5,163.0,160.6,6.4,6.8,1.3847826086956523,1.3056334735857877,6.666666666666667,5.889908256880734,0.5,0.5,1.0,1529.2050618887035,1534.1881992605136,-4.983137371810017,0.14128440366972472,-0.19999999999999996,0.09999999999999998,0.07914913510986454,0.7767584097859332,0.0,2.4000000000000057,-0.39999999999999947,1,0,0,0,0,0,0,0,1,0,0,0,0,0,0,0,0,0,1,0,0,0,0,0,0,0,0,0,0,0,0,0,0,0,1,0,0,0,0,0,0,0,0,0,0,0,0,0,0,0,0,0,0,0,0,0,0,0,0,0,0,0,0,0,0,0,0,0,0,0,0,0
2023,0,0,0.5026737967914439,0.5,0.6,0.2,0.5,0.4,161.6,156.8,5.6,4.8,1.3015021459227467,1.3003789378428823,5.636363636363637,6.033783783783784,0.3333333333333333,0.6744186046511628,0.5,1514.5657238799963,1472.1001250525173,42.46559882747897,0.002673796791443861,0.39999999999999997,0.09999999999999998,0.001123208079864435,-0.39742014742014753,-0.34108527131782945,4.799999999999983,0.7999999999999998,1,0,0,0,0,0,0,0,0,0,0,0,1,0,0,0,0,0,0,0,0,0,0,0,0,0,0,0,0,0,1,0,0,0,0,0,0,0,0,0,0,0,0,0,0,0,0,0,0,0,0,0,0,0,0,0,0,0,0,1,0,0,0,0,0,0,0,0,0,0,0,0
2023,0,0,0.5682819383259912,0.4863636363636364,0.6,0.6,0.4,0.5,148.6,176.2,7.4,6.6,1.3156102383829507,1.3251926040061632,6.092511013215859,5.840909090909091,0.75,0.5,0.5862068965517241,1528.3875349061602,1531.1972083605683,-2.8096734544080846,0.08191830196235478,0.0,-0.09999999999999998,-0.009582365623212574,0.2516019223067678,0.25,-27.599999999999994,0.8000000000000007,0,0,0,0,0,0,0,0,0,1,0,0,0,0,0,0,0,0,0,0,0,0,0,0,0,0,0,0,0,1,0,0,0,0,0,0,0,0,0,0,0,0,0,0,0,0,0,0,1,0,0,0,0,0,0,0,0,0,0,0,0,0,0,0,0,0,0,0,0,0,0,0
2023,0,0,0.5817307692307693,0.625,0.2,0.4,0.3,0.6,153.2,166.4,5.6,6.2,1.3308647873865265,1.394910941475827,6.1826923076923075,6.8125,0.7272727272727273,0.5,0.0,1507.5270499895337,1539.348478277596,-31.821428288062407,-0.043269230769230727,-0.2,-0.3,-0.06404615408930048,-0.6298076923076925,0.2272727272727273,-13.200000000000017,-0.6000000000000005,1,1,0,0,0,0,0,0,0,0,0,0,0,0,0,0,0,0,0,0,0,0,0,1,0,0,0,0,0,0,0,0,0,0,0,0,0,0,0,0,0,0,0,0,0,0,0,0,0,1,0,0,0,0,0,0,0,0,0,0,0,0,0,0,0,0,0,0,0,0,0,0
2023,0,0,0.45662100456621,0.7647058823529411,0.4,0.8,0.5,0.7,147.8,162.2,6.4,5.8,1.3047995657904938,1.3592928810320115,5.890410958904109,6.352941176470588,0.5384615384615384,0.5,0.0,1524.044782871621,1577.843695716903,-53.798912845282075,-0.3080848777867311,-0.4,-0.19999999999999996,-0.05449331524151768,-0.4625302175664787,0.038461538461538436,-14.399999999999977,0.6000000000000005,0,0,0,1,0,0,0,0,0,0,0,0,0,0,0,0,0,0,0,0,1,0,0,0,0,0,0,0,0,0,0,1,0,0,0,0,0,0,0,0,0,0,0,0,0,0,0,0,0,0,0,0,0,0,0,0,0,0,0,0,0,0,0,0,0,0,0,0,0,0,0,0
2023,0,0,0.4604651162790698,0.5053191489361702,0.6,0.6,0.5,0.5,178.2,166.6,7.0,5.6,1.3274450163781002,1.3034682080924855,5.637209302325582,5.648936170212766,0.5,0.5,0.391304347826087,1502.8269112550306,1523.349516042178,-20.52260478714743,-0.04485403265710047,0.0,0.0,0.02397680828561466,-0.0117268678871838,0.0,11.599999999999994,1.4000000000000004,1,0,0,0,0,0,0,0,0,0,0,1,0,0,0,0,0,0,0,0,0,0,0,0,0,0,0,1,0,0,0,0,0,1,0,0,0,0,0,0,0,0,0,0,0,0,0,0,0,0,0,0,0,0,0,0,0,0,0,0,0,0,0,0,0,0,0,0,0,0,0,0
2023,0,0,0.5136363636363637,0.48868778280542985,0.4,0.6,0.3,0.5,159.4,172.2,6.0,6.0,1.3064115501047893,1.3266057862021334,5.7,5.846153846153846,0.6081081081081081,0.45454545454545453,0.5333333333333333,1504.9704832975817,1541.116341220751,-36.14585792316939,0.02494858083093382,-0.19999999999999996,-0.2,-0.020194236097344165,-0.14615384615384563,0.15356265356265358,-12.799999999999983,0.0,1,0,0,0,0,0,0,1,0,0,0,0,0,0,0,0,0,0,0,0,0,0,0,0,0,0,0,0,0,1,0,0,0,0,0,0,0,0,0,0,0,1,0,0,0,0,0,0,0,0,0,0,0,0,0,0,0,0,0,0,0,0,0,0,0,0,0,0,0,0,0,0
2023,1,1,0.4966442953020134,0.5882352941176471,0.2,0.4,0.3,0.6,145.8,191.0,5.2,6.8,1.2985342842702308,1.4021894336030463,6.026845637583893,6.823529411764706,0.5,1.0,0.0,1463.3163328903356,1528.4351364142174,-65.11880352388175,-0.09159099881563365,-0.2,-0.3,-0.1036551493328155,-0.7966837741808126,-0.5,-45.19999999999999,-1.5999999999999996,0,0,0,0,0,0,0,0,0,0,0,0,0,0,0,1,0,0,0,0,0,0,0,1,0,0,0,0,0,0,0,0,0,0,1,0,0,0,0,0,0,0,0,0,0,0,0,0,0,0,0,0,0,0,0,0,0,0,0,0,0,0,0,0,0,0,0,0,0,0,0,0
2023,0,0,0.5026455026455027,0.45454545454545453,0.4,0.4,0.5,0.4,174.8,156.8,5.4,6.0,1.3047534822020783,1.3047571279756163,5.645502645502646,5.881818181818182,0.0,0.5,0.5,1512.7595140311294,1515.5809817232027,-2.8214676920733837,0.04810004810004814,0.0,0.09999999999999998,-3.645773537952479e-06,-0.23631553631553626,-0.5,18.0,-0.5999999999999996,1,0,0,0,0,0,0,0,0,0,0,0,1,0,0,0,0,0,1,0,0,0,0,0,0,0,0,0,0,0,0,0,0,1,0,0,0,0,0,0,0,0,0,0,0,0,0,0,0,0,0,0,0,0,0,0,0,0,0,0,0,0,0,0,0,0,0,0,0,0,0,0
2023,0,0,0.5657894736842105,0.583732057416268,0.4,0.2,0.4,0.4,147.4,155.0,6.8,5.0,1.3156091694303729,1.3329239302694136,6.074561403508772,6.186602870813397,0.6142857142857143,0.4782608695652174,0.5882352941176471,1518.4684020459774,1518.4403918529124,0.028010193065028943,-0.017942583732057482,0.2,0.0,-0.01731476083904071,-0.11204146730462483,0.13602484472049692,-7.599999999999994,1.7999999999999998,0,0,0,0,0,0,0,0,0,1,0,0,0,0,0,0,1,0,0,0,0,0,0,0,0,0,0,0,0,0,0,0,0,0,0,0,0,0,0,0,0,0,0,0,0,0,0,0,0,0,0,0,0,0,0,0,0,0,0,0,0,0,0,0,0,0,0,0,0,0,1,0
2023,1,1,0.7777777777777778,0.5158371040723982,0.8,0.6,0.7,0.4,167.4,180.0,6.4,6.6,1.3623188405797102,1.3077814249855184,6.444444444444445,5.719457013574661,1.0,0.5,1.0,1586.3074968653214,1516.0071074401412,70.30038942518013,0.26194067370537955,0.20000000000000007,0.29999999999999993,0.054537415594191785,0.7249874308697839,0.5,-12.599999999999994,-0.1999999999999993,0,0,0,0,0,1,0,0,0,0,0,0,0,0,0,0,0,0,0,0,0,0,1,0,0,0,0,0,0,0,0,0,0,0,0,0,0,0,0,0,0,0,0,0,0,0,0,0,0,0,0,0,1,0,0,0,0,0,0,0,0,0,0,0,0,0,0,0,0,0,0,0
2023,0,0,0.46296296296296297,0.49333333333333335,0.8,0.2,0.6,0.2,179.8,145.0,7.6,5.6,1.3285475922548602,1.2964470968821462,5.643518518518518,6.02,0.4,0.6590909090909091,0.35,1513.4169132660793,1455.1689597884472,58.24795347763211,-0.03037037037037038,0.6000000000000001,0.39999999999999997,0.03210049537271398,-0.3764814814814814,-0.25909090909090904,34.80000000000001,2.0,0,0,0,0,0,0,0,0,0,0,0,1,0,0,0,0,0,0,0,0,0,0,0,0,0,0,0,0,0,0,1,0,0,0,0,0,0,0,0,0,0,0,0,0,0,0,0,0,0,0,0,0,0,0,0,0,0,0,0,1,0,0,0,0,0,0,0,0,0,0,0,0
2023,0,0,0.4864864864864865,0.6111111111111112,0.6,0.6,0.5,0.6,165.8,185.6,5.6,7.2,1.3258817685047193,1.3955495004541325,5.851351351351352,6.888888888888889,0.5068493150684932,0.5,1.0,1530.0797170781916,1536.5825095161058,-6.502792437914195,-0.12462462462462465,0.0,-0.09999999999999998,-0.06966773194941323,-1.0375375375375375,0.006849315068493178,-19.799999999999983,-1.6000000000000005,0,0,0,0,0,0,0,0,0,0,0,0,0,0,1,0,0,0,0,0,0,0,0,1,0,0,0,0,0,0,0,0,0,0,0,0,0,0,0,0,0,0,0,0,0,0,0,0,1,0,0,0,0,0,0,0,0,0,0,0,0,0,0,0,0,0,0,0,0,0,0,0
2023,0,0,0.45248868778280543,0.5633187772925764,0.2,0.4,0.4,0.4,153.0,156.2,5.6,5.6,1.303796982378009,1.3153388477724568,5.873303167420814,6.06113537117904,0.5,0.75,0.46875,1505.4997751402302,1508.4675958478167,-2.9678207075864975,-0.11083008950977097,-0.2,0.0,-0.011541865394447903,-0.18783220375822562,-0.25,-3.1999999999999886,0.0,0,0,0,1,0,0,0,0,0,0,0,0,0,0,0,0,0,0,0,0,0,0,0,0,1,0,0,0,0,0,0,1,0,0,0,0,0,0,0,0,0,0,0,0,0,0,0,0,0,0,0,0,0,0,0,0,0,0,0,0,0,0,0,0,0,0,0,0,0,0,0,0
2023,0,0,0.5052631578947369,0.5857142857142857,0.6,0.4,0.6,0.4,177.0,167.4,6.6,5.6,1.30638990281015,1.3332018616391892,5.663157894736842,6.195238095238095,0.14285714285714285,0.7321428571428571,0.4230769230769231,1522.8407206141019,1528.4411980510731,-5.600477436971232,-0.08045112781954888,0.19999999999999996,0.19999999999999996,-0.026811958829039195,-0.5320802005012535,-0.5892857142857142,9.599999999999994,1.0,1,0,0,0,0,0,0,0,0,0,0,0,1,0,0,0,1,0,0,0,0,0,0,0,0,0,0,0,0,0,0,0,0,0,0,0,0,0,0,0,0,0,0,0,0,0,0,0,0,1,0,0,0,0,0,0,0,0,0,0,0,0,0,0,0,0,0,0,0,0,0,0
2023,0,0,0.4608294930875576,0.7368421052631579,0.6,0.8,0.6,0.6,166.6,174.6,6.2,7.4,1.327656780970034,1.3755888650963597,5.626728110599078,6.473684210526316,0.5909090909090909,0.5,0.5,1501.7559349605517,1574.311258134092,-72.55532317354027,-0.27601261217560025,-0.20000000000000007,0.0,-0.04793208412632577,-0.8469560999272376,0.09090909090909094,-8.0,-1.2000000000000002,0,0,0,0,0,0,0,0,0,0,0,1,0,0,0,0,0,0,0,0,1,0,0,0,0,0,0,0,0,0,0,0,0,0,0,0,0,0,0,0,0,0,0,0,0,0,0,0,0,0,0,0,0,0,0,0,0,1,0,0,0,0,0,0,0,0,0,0,0,0,0,0
2023,0,0,0.4966887417218543,0.5180180180180181,0.4,0.6,0.2,0.5,149.4,188.4,6.2,5.4,1.2970829636202308,1.3095549235144899,6.039735099337748,5.711711711711712,0.25,0.6133333333333333,0.36363636363636365,1466.8299380939748,1528.0033461713706,-61.173408077395834,-0.02132927629616377,-0.19999999999999996,-0.3,-0.012471959894259088,0.3280233876260361,-0.3633333333333333,-39.0,0.7999999999999998,1,0,0,0,0,0,0,0,0,0,0,0,0,0,0,1,0,0,0,0,0,0,1,0,0,0,0,0,0,0,0,0,0,0,0,0,0,0,0,0,0,1,0,0,0,0,0,0,0,0,0,0,0,0,0,0,0,0,0,0,0,0,0,0,0,0,0,0,0,0,0,0
2023,0,0,0.484304932735426,0.45045045045045046,0.4,0.0,0.5,0.3,174.2,155.6,6.4,4.6,1.3276917810824174,1.3041916625272247,5.865470852017937,5.864864864864865,0.5,0.5,0.6153846153846154,1520.266860637646,1495.5851938091575,24.68166682848846,0.03385448228497556,0.4,0.2,0.02350011855519263,0.0006059871530723626,0.0,18.599999999999994,1.8000000000000007,1,0,0,0,0,0,0,0,0,0,0,0,0,0,1,0,0,0,1,0,0,0,0,0,0,0,0,0,0,0,0,0,0,0,0,0,0,0,0,0,0,0,0,0,0,0,0,0,1,0,0,0,0,0,0,0,0,0,0,0,0,0,0,0,0,0,0,0,0,0,0,0
2023,0,0,0.631578947368421,0.45871559633027525,0.6,0.6,0.6,0.5,186.2,168.8,6.0,5.6,1.4096954096954097,1.3269548511047071,6.631578947368421,5.6192660550458715,1.0,0.5,1.0,1546.3953659566514,1493.814408064328,52.58095789232334,0.17286335103814576,0.0,0.09999999999999998,0.08274055859070262,1.0123128923225497,0.5,17.399999999999977,0.40000000000000036,0,0,0,0,0,0,0,0,1,0,0,0,0,0,0,0,0,0,0,0,0,0,0,0,0,0,1,0,0,0,0,0,0,0,1,0,0,0,0,0,0,0,0,0,0,0,0,0,0,0,0,0,0,0,0,0,0,0,0,0,0,0,0,0,0,0,0,0,0,0,0,0
2023,0,0,0.515695067264574,0.5652173913043478,0.4,0.4,0.5,0.5,194.0,170.2,4.6,5.6,1.310984471812132,1.3157913747020153,5.7040358744394615,6.078260869565217,0.26666666666666666,0.6056338028169014,0.2903225806451613,1516.260605783993,1518.3821771788894,-2.121571394896364,-0.049522324039773746,0.0,0.0,-0.004806902889883391,-0.3742249951257559,-0.3389671361502347,23.80000000000001,-1.0,0,0,0,0,0,0,0,1,0,0,0,0,0,0,0,0,0,0,0,0,0,0,0,0,1,0,0,0,0,0,0,0,0,0,0,0,0,0,0,0,0,0,0,0,0,0,0,0,0,0,0,0,0,0,0,0,0,0,0,0,0,0,0,0,0,0,0,0,0,0,1,0
2023,0,0,0.75,0.5078534031413613,0.8,0.6,0.7,0.6,167.2,179.8,7.8,6.2,1.371638141809291,1.3068445221954954,6.55,5.664921465968586,0.6666666666666666,0.5,1.0,1582.2527850303156,1533.0019013523377,49.25088367797798,0.2421465968586387,0.20000000000000007,0.09999999999999998,0.06479361961379548,0.8850785340314138,0.16666666666666663,-12.600000000000023,1.5999999999999996,0,0,0,0,0,1,0,0,0,0,0,0,0,0,0,0,0,0,0,0,0,0,0,0,0,0,0,1,0,0,0,0,0,0,0,0,0,0,0,0,0,0,0,0,0,0,0,0,0,0,0,0,1,0,0,0,0,0,0,0,0,0,0,0,0,0,0,0,0,0,0,0
2023,0,0,0.5829383886255924,0.48660714285714285,0.4,0.4,0.4,0.6,175.2,167.6,6.6,7.0,1.3333071700482713,1.3280463338002044,6.203791469194313,5.879464285714286,0.5555555555555556,0.5066666666666667,0.6551724137931034,1518.2800173128373,1529.5576577852219,-11.277640472384519,0.09633124576844959,0.0,-0.19999999999999996,0.005260836248066836,0.324327183480027,0.04888888888888887,7.599999999999994,-0.40000000000000036,1,1,0,0,0,0,0,0,0,0,0,0,0,0,0,0,0,0,0,0,0,0,0,0,0,0,0,0,0,1,0,0,0,0,0,0,0,0,0,0,0,0,0,0,0,0,0,0,1,0,0,0,0,0,0,0,0,0,0,0,0,0,0,0,0,0,0,0,0,0,0,0
2023,0,0,0.5670995670995671,0.5,0.6,0.4,0.6,0.3,169.4,156.4,5.6,6.2,1.317323259579061,1.3004955947136563,6.077922077922078,6.046052631578948,0.6363636363636364,0.6666666666666666,0.5,1528.3211142045102,1478.5726784813523,49.748435723157854,0.0670995670995671,0.19999999999999996,0.3,0.016827664865404657,0.03186944634312994,-0.030303030303030276,13.0,-0.6000000000000005,1,0,0,0,0,0,0,0,0,1,0,0,0,0,0,0,0,0,0,0,0,0,0,0,0,0,0,0,0,0,1,0,0,0,0,0,0,0,0,0,0,0,0,0,0,0,0,0,0,0,0,0,0,0,0,0,0,0,0,1,0,0,0,0,0,0,0,0,0,0,0,0
2023,0,0,0.6,0.5104166666666666,0.6,0.8,0.5,0.7,179.4,189.6,6.8,7.0,1.401545972335232,1.3079232476178044,6.7,5.671875,0.5,0.6808510638297872,0.0,1534.8934136902278,1544.4100363738232,-9.516622683595415,0.08958333333333335,-0.20000000000000007,-0.19999999999999996,0.0936227247174275,1.0281250000000002,-0.18085106382978722,-10.199999999999989,-0.20000000000000018,1,0,0,0,0,0,0,0,1,0,0,0,0,0,0,0,0,0,0,0,0,0,0,0,0,0,0,1,0,0,0,0,0,0,0,0,0,0,0,0,0,0,0,0,0,0,0,0,0,0,0,0,0,0,0,0,0,0,0,0,0,0,1,0,0,0,0,0,0,0,0,0
2023,0,0,0.48444444444444446,0.4611872146118721,0.4,0.6,0.5,0.6,179.8,169.0,7.6,5.6,1.3299551670873677,1.3269208704631505,5.88,5.63013698630137,1.0,0.5652173913043478,0.43333333333333335,1519.2331751532533,1505.3163603307516,13.916814822501692,0.023257229832572335,-0.19999999999999996,-0.09999999999999998,0.00303429662421717,0.24986301369863018,0.4347826086956522,10.800000000000011,2.0,1,0,0,0,0,0,0,0,0,0,0,0,0,0,1,0,0,0,0,0,0,0,0,0,0,0,1,0,0,0,0,0,0,0,0,0,0,0,0,0,0,0,0,0,0,0,0,0,0,0,0,0,0,0,0,0,0,1,0,0,0,0,0,0,0,0,0,0,0,0,0,0
2023,0,0,0.5133928571428571,0.4484304932735426,0.4,0.0,0.5,0.3,189.4,154.0,5.6,4.8,1.3116388825454823,1.3038335741994371,5.700892857142857,5.865470852017937,0.0,0.4666666666666667,0.5517241379310345,1506.3216687583722,1486.2943966615817,20.02727209679051,0.06496236386931448,0.4,0.2,0.007805308346045203,-0.1645779948750805,-0.4666666666666667,35.400000000000006,0.7999999999999998,0,0,0,0,0,0,0,1,0,0,0,0,0,0,0,0,0,0,1,0,0,0,0,0,0,0,0,0,0,0,0,1,0,0,0,0,0,0,0,0,0,0,0,0,0,0,0,0,0,0,0,0,0,0,0,0,0,0,0,0,0,0,0,0,0,0,0,0,0,0,0,0
2023,0,0,0.49673202614379086,0.5849056603773585,0.4,0.6,0.3,0.4,160.6,190.4,6.2,7.2,1.3011975720457156,1.3355723044480026,6.03921568627451,6.212264150943396,0.14285714285714285,0.7192982456140351,0.2777777777777778,1469.994847405113,1528.6044999448059,-58.60965253969289,-0.08817363423356761,-0.19999999999999996,-0.10000000000000003,-0.034374732402286945,-0.17304846466888613,-0.5764411027568923,-29.80000000000001,-1.0,0,0,0,0,0,0,0,0,0,0,0,0,0,0,0,1,1,0,0,0,0,0,0,0,0,0,0,0,0,0,0,0,0,0,0,0,0,0,0,0,0,0,0,0,0,0,0,0,0,1,0,0,0,0,0,0,0,0,0,0,0,0,0,0,0,0,0,0,0,0,0,0
2023,1,1,0.7142857142857143,0.6190476190476191,0.6,0.6,0.7,0.5,176.0,171.6,7.4,6.2,1.374321179208689,1.3949612403100775,6.571428571428571,6.666666666666667,0.5,0.6666666666666666,1.0,1570.84465000883,1545.1672556276842,25.67739438114586,0.09523809523809523,0.0,0.19999999999999996,-0.020640061101388607,-0.09523809523809579,-0.16666666666666663,4.400000000000006,1.2000000000000002,1,0,0,0,0,1,0,0,0,0,0,0,0,0,0,0,0,0,0,0,0,0,0,1,0,0,0,0,0,0,0,0,0,0,1,0,0,0,0,0,0,0,0,0,0,0,0,0,0,0,0,0,0,0,0,0,0,0,0,0,0,0,0,0,0,0,0,0,0,0,0,0
2023,0,0,0.4590909090909091,0.5689655172413793,0.4,0.6,0.5,0.6,160.8,175.8,5.0,6.2,1.3269230769230769,1.318443958878103,5.622727272727273,6.094827586206897,0.4444444444444444,0.6111111111111112,0.4642857142857143,1495.7167043699671,1536.8989452807496,-41.18224091078241,-0.10987460815047023,-0.19999999999999996,-0.09999999999999998,0.008479118044973921,-0.4721003134796238,-0.16666666666666674,-15.0,-1.2000000000000002,1,0,0,0,0,0,0,0,0,0,0,1,0,0,0,0,0,0,0,0,0,0,0,0,1,0,0,0,0,0,0,0,0,0,0,0,0,0,0,0,0,0,0,0,0,0,0,0,0,0,0,0,0,0,0,0,0,0,0,0,0,0,0,0,0,0,0,0,0,0,1,0
2023,0,0,0.48672566371681414,0.5077720207253886,0.4,0.6,0.5,0.6,180.2,177.8,8.2,6.8,1.3303457586439662,1.3071929368995066,5.898230088495575,5.678756476683938,0.5,0.6666666666666666,0.52,1528.8328311140378,1534.1361944363668,-5.303363322329005,-0.02104635700857449,-0.19999999999999996,-0.09999999999999998,0.02315282174445965,0.2194736118116376,-0.16666666666666663,2.3999999999999773,1.3999999999999995,1,0,0,0,0,0,0,0,0,0,0,0,0,0,1,0,0,0,0,0,0,0,0,0,0,0,0,1,0,0,0,0,0,0,0,0,0,0,0,0,0,0,0,0,0,0,0,0,1,0,0,0,0,0,0,0,0,0,0,0,0,0,0,0,0,0,0,0,0,0,0,0
2023,0,0,0.5868544600938967,0.5111111111111111,0.8,0.4,0.5,0.4,182.4,185.6,7.6,5.8,1.3351218943193748,1.309990910468111,6.215962441314554,5.702222222222222,0.45454545454545453,0.6052631578947368,0.6538461538461539,1536.9334000682256,1495.7458751253716,41.187524942854,0.07574334898278567,0.4,0.09999999999999998,0.02513098385126389,0.5137402190923321,-0.1507177033492823,-3.1999999999999886,1.7999999999999998,1,1,0,0,0,0,0,0,0,0,0,0,0,0,0,0,0,0,0,0,0,0,1,0,0,0,0,0,0,0,0,0,0,0,0,0,0,0,0,0,0,1,0,0,0,0,0,0,0,0,0,0,0,0,0,0,0,0,0,0,0,0,0,0,0,0,0,0,0,0,0,0
2023,1,1,0.45089285714285715,0.4935064935064935,0.2,0.4,0.3,0.3,151.0,161.2,5.6,5.8,1.302706795381412,1.29985333260905,5.883928571428571,6.01948051948052,0.625,0.6521739130434783,0.45,1496.8701902945822,1461.6659472816932,35.20424301288904,-0.042613636363636354,-0.2,0.0,0.002853462772361981,-0.13555194805194848,-0.02717391304347827,-10.199999999999989,-0.20000000000000018,1,0,0,1,0,0,0,0,0,0,0,0,0,0,0,0,0,0,0,0,0,0,0,0,0,0,0,0,0,0,1,0,0,0,0,0,0,0,0,0,0,0,0,0,0,0,0,0,0,0,0,0,0,0,0,0,0,0,0,1,0,0,0,0,0,0,0,0,0,0,0,0
2023,0,0,0.7272727272727273,0.5665236051502146,0.6,0.6,0.7,0.5,166.6,181.8,7.4,7.4,1.363232023721275,1.3198288159771754,6.590909090909091,6.103004291845494,0.5,0.5,0.0,1580.1069378338389,1525.719145270581,54.38779256325779,0.1607491221225127,0.0,0.19999999999999996,0.04340320774409956,0.48790479906359696,0.0,-15.200000000000017,0.0,1,0,0,0,0,1,0,0,0,0,0,0,0,0,0,0,0,0,0,0,0,0,0,0,1,0,0,0,0,0,0,0,0,0,0,0,0,0,0,0,0,0,0,0,0,0,0,0,0,0,0,0,1,0,0,0,0,0,0,0,0,0,0,0,0,0,0,0,0,0,0,0
2023,0,0,0.5088495575221239,0.4889867841409692,0.2,0.6,0.4,0.6,182.0,193.4,4.6,8.0,1.3106320431161196,1.3311933111865926,5.6946902654867255,5.898678414096916,0.6153846153846154,0.5064935064935064,0.5483870967741935,1486.9258251050026,1538.9854623265214,-52.05963722151887,0.01986277338115472,-0.39999999999999997,-0.19999999999999996,-0.020561268070472982,-0.20398814861019066,0.10889110889110898,-11.400000000000006,-3.4000000000000004,1,0,0,0,0,0,0,1,0,0,0,0,0,0,0,0,0,0,0,0,0,0,0,0,0,0,0,0,0,1,0,0,0,0,0,0,0,0,0,0,0,0,0,0,0,0,0,0,1,0,0,0,0,0,0,0,0,0,0,0,0,0,0,0,0,0,0,0,0,0,0,0
2023,1,1,0.5051546391752577,0.5887850467289719,0.6,0.8,0.5,0.5,175.8,186.0,7.6,7.8,1.3079373278236914,1.3378608466836932,5.695876288659794,6.224299065420561,0.6666666666666666,0.5,0.4444444444444444,1523.9835632238833,1545.7534500885947,-21.769886864711452,-0.0836304075537142,-0.20000000000000007,0.0,-0.029923518860001774,-0.5284227767607668,0.16666666666666663,-10.199999999999989,-0.20000000000000018,1,0,0,0,0,0,0,0,0,0,0,0,1,0,0,0,1,0,0,0,0,0,0,0,0,0,0,0,0,0,0,0,0,0,0,0,0,0,0,0,0,0,0,0,0,0,0,0,0,0,0,0,0,0,0,0,0,0,0,0,0,0,1,0,0,0,0,0,0,0,0,0
2023,0,0,0.5909090909090909,0.46153846153846156,0.6,0.4,0.5,0.6,156.2,164.2,6.0,4.8,1.3798593113661606,1.3285459850695365,6.636363636363637,5.624434389140271,0.5,0.5416666666666666,0.5,1535.9049678026754,1506.8965043801359,29.008463422539535,0.12937062937062938,0.19999999999999996,-0.09999999999999998,0.05131332629662411,1.0119292472233656,-0.04166666666666663,-8.0,1.2000000000000002,1,0,0,0,0,0,0,0,1,0,0,0,0,0,0,0,0,0,0,0,0,0,0,0,0,0,1,0,0,0,0,0,0,0,0,0,0,0,0,0,0,0,0,0,0,0,0,0,0,0,0,0,0,0,0,0,0,1,0,0,0,0,0,0,0,0,0,0,0,0,0,0
2023,0,0,0.5110132158590308,0.7391304347826086,0.2,0.6,0.4,0.7,180.6,175.4,5.4,7.6,1.311988896391327,1.3761955366631244,5.704845814977974,6.695652173913044,0.5974025974025974,1.0,0.5,1498.4131077490606,1588.5541939734514,-90.14108622439085,-0.22811721892357784,-0.39999999999999997,-0.29999999999999993,-0.06420664027179734,-0.9908063589350702,-0.4025974025974026,5.199999999999989,-2.1999999999999993,0,0,0,0,0,0,0,1,0,0,0,0,0,0,0,0,0,0,0,0,1,0,0,0,0,0,0,0,0,0,0,0,0,0,0,0,0,0,0,0,0,1,0,0,0,0,0,0,0,0,0,0,0,0,0,0,0,0,0,0,0,0,0,0,0,0,0,0,0,0,0,0
2023,1,1,0.49032258064516127,0.4533333333333333,0.4,0.4,0.3,0.4,164.4,147.4,6.6,6.0,1.298758769562871,1.3021932469098583,6.038709677419355,5.884444444444444,0.5,0.5,0.5238095238095238,1452.6757533335508,1505.8603842427246,-53.18463090917385,0.036989247311827955,0.0,-0.10000000000000003,-0.003434477346987208,0.15426523297491102,0.0,17.0,0.5999999999999996,1,0,0,0,0,0,0,0,0,0,0,0,0,0,0,1,0,0,1,0,0,0,0,0,0,0,0,0,0,0,0,1,0,0,0,0,0,0,0,0,0,0,0,0,0,0,0,0,0,0,0,0,0,0,0,0,0,0,0,0,0,0,0,0,0,0,0,0,0,0,0,0
2023,1,1,0.586046511627907,0.4594594594594595,0.6,0.4,0.5,0.5,188.2,175.8,7.2,5.4,1.338173554673959,1.3297130142927178,6.21860465116279,5.621621621621622,0.7241379310344828,0.2857142857142857,0.5769230769230769,1535.1276811105556,1497.7295003415286,37.39818076902702,0.1265870521684475,0.19999999999999996,0.0,0.008460540381241222,0.5969830295411684,0.43842364532019706,12.399999999999977,1.7999999999999998,0,1,0,0,0,0,0,0,0,0,0,0,0,0,0,0,0,0,0,0,0,0,0,0,0,0,1,0,0,0,0,0,0,0,0,0,0,0,0,0,0,0,0,0,0,0,0,0,0,1,0,0,0,0,0,0,0,0,0,0,0,0,0,0,0,0,0,0,0,0,0,0
2023,1,1,0.5076923076923077,0.5641025641025641,0.6,0.6,0.6,0.5,176.4,180.8,7.0,8.0,1.3096420619969174,1.319555413515145,5.697435897435898,6.102564102564102,0.5,0.6027397260273972,0.46153846153846156,1534.6093322019224,1517.2718891309685,17.337443070953896,-0.05641025641025643,0.0,0.09999999999999998,-0.009913351518227698,-0.4051282051282046,-0.10273972602739723,-4.400000000000006,-1.0,0,0,0,0,0,0,0,0,0,0,0,0,1,0,0,0,0,0,0,0,0,0,0,0,1,0,0,0,0,0,0,0,0,0,0,0,0,0,0,0,0,0,0,0,0,0,0,0,0,0,0,0,0,0,0,0,0,0,0,0,0,0,0,0,0,0,0,0,0,0,1,0
2023,1,1,0.4868421052631579,0.6086956521739131,0.6,0.6,0.5,0.6,186.8,182.2,7.2,6.4,1.3318099059933861,1.407773851590106,5.894736842105263,6.782608695652174,0.5,0.5,0.6666666666666666,1527.4981796824634,1545.0719718412827,-17.573792158819288,-0.12185354691075517,0.0,-0.09999999999999998,-0.07596394559671982,-0.887871853546911,0.0,4.600000000000023,0.7999999999999998,1,0,0,0,0,0,0,0,0,0,0,0,0,0,1,0,0,0,0,0,0,0,0,1,0,0,0,0,0,0,0,0,0,0,1,0,0,0,0,0,0,0,0,0,0,0,0,0,0,0,0,0,0,0,0,0,0,0,0,0,0,0,0,0,0,0,0,0,0,0,0,0
2023,1,1,0.45132743362831856,0.75,0.4,0.8,0.3,0.8,156.6,170.6,6.4,7.6,1.3032371806894483,1.3859529491987725,5.884955752212389,6.708333333333333,0.6666666666666666,0.6,0.0,1494.3414532763015,1596.0164126890945,-101.67495941279299,-0.29867256637168144,-0.4,-0.5,-0.08271576850932427,-0.8233775811209441,0.06666666666666665,-14.0,-1.1999999999999993,1,0,0,1,0,0,0,0,0,0,0,0,0,0,0,0,0,0,0,0,1,0,0,0,0,0,0,0,0,0,0,0,0,0,0,0,0,0,0,0,0,0,0,0,0,0,0,0,0,0,0,0,1,0,0,0,0,0,0,0,0,0,0,0,0,0,0,0,0,0,0,0
2023,0,0,0.4618834080717489,0.5659574468085107,0.6,0.6,0.6,0.5,185.4,189.0,5.4,7.4,1.3310186922903686,1.3212896839425865,5.614349775784754,6.1063829787234045,0.52,0.5,0.4827586206896552,1508.8017684272427,1527.7704870668324,-18.968718639589724,-0.1040740387367618,0.0,0.09999999999999998,0.00972900834778212,-0.49203320293865094,0.020000000000000018,-3.5999999999999943,-2.0,0,0,0,0,0,0,0,0,0,0,0,1,0,0,0,0,0,0,0,0,0,0,0,0,1,0,0,0,0,0,0,0,0,0,0,0,0,0,0,0,0,0,0,0,0,0,0,0,0,0,0,0,0,0,0,0,0,1,0,0,0,0,0,0,0,0,0,0,0,0,0,0
2023,1,1,0.5087719298245614,0.4935897435897436,0.2,0.4,0.3,0.4,175.4,174.8,5.2,6.0,1.3126470258765544,1.3003376386730263,5.692982456140351,6.038461538461538,0.625,0.6382978723404256,0.6086956521739131,1490.9508890334175,1464.194684299974,26.75620473344361,0.015182186234817818,-0.2,-0.10000000000000003,0.012309387203528033,-0.3454790823211873,-0.013297872340425565,0.5999999999999943,-0.7999999999999998,1,0,0,0,0,0,0,1,0,0,0,0,0,0,0,0,0,0,0,0,0,0,0,0,0,0,0,0,0,0,1,0,0,0,0,0,0,0,0,0,0,0,0,0,0,0,0,0,0,0,0,0,0,0,0,0,0,0,0,1,0,0,0,0,0,0,0,0,0,0,0,0
2023,1,1,0.5051020408163265,0.72,0.4,0.6,0.5,0.7,183.8,164.8,6.6,7.6,1.3112520754395676,1.3706247955511939,5.688775510204081,6.76,0.673469387755102,0.5,0.25,1524.1107342660584,1583.1707468572042,-59.06001259114578,-0.2148979591836735,-0.19999999999999996,-0.19999999999999996,-0.05937272011162631,-1.0712244897959184,0.173469387755102,19.0,-1.0,0,0,0,0,0,0,0,0,0,0,0,0,1,0,0,0,0,0,0,0,1,0,0,0,0,0,0,0,0,0,0,0,0,0,0,0,0,0,0,0,0,0,0,0,0,0,0,0,0,0,0,0,0,0,0,0,0,0,0,0,0,0,1,0,0,0,0,0,0,0,0,0
2023,0,0,0.5677966101694916,0.5833333333333334,0.6,0.6,0.6,0.5,195.0,193.8,6.8,6.8,1.3234983451869586,1.3393254120352625,6.093220338983051,6.217592592592593,0.5384615384615384,0.711864406779661,0.5714285714285714,1537.2250652738137,1524.0554130248415,13.16965224897217,-0.015536723163841804,0.0,0.09999999999999998,-0.015827066848303817,-0.12437225360954152,-0.17340286831812257,1.1999999999999886,0.0,0,0,0,0,0,0,0,0,0,1,0,0,0,0,0,0,1,0,0,0,0,0,0,0,0,0,0,0,0,0,0,0,0,0,0,0,0,0,0,0,0,0,0,0,0,0,0,0,0,1,0,0,0,0,0,0,0,0,0,0,0,0,0,0,0,0,0,0,0,0,0,0
2023,1,1,0.4890829694323144,0.45374449339207046,0.6,0.6,0.5,0.3,177.2,148.2,7.4,6.8,1.3304605141483263,1.302057275137214,5.9126637554585155,5.88546255506608,0.5,0.47058823529411764,0.6296296296296297,1538.0035631492701,1507.1871191081918,30.816444041078284,0.03533847604024393,0.0,0.2,0.028403239011112413,0.027201200392435787,0.02941176470588236,29.0,0.6000000000000005,0,0,0,0,0,0,0,0,0,0,0,0,0,0,1,0,0,0,1,0,0,0,0,0,0,0,0,0,0,0,0,1,0,0,0,0,0,0,0,0,0,0,0,0,0,0,0,0,0,0,0,0,0,0,0,0,0,0,0,0,0,0,0,0,0,0,0,0,0,0,0,0
2023,0,0,0.7307692307692307,0.5833333333333334,0.8,0.4,0.7,0.5,153.2,161.2,8.2,7.8,1.3718560967844635,1.3852403520649965,6.884615384615385,6.875,0.5,0.5,1.0,1591.487049297096,1534.566588374476,56.92046092262012,0.14743589743589736,0.4,0.19999999999999996,-0.013384255280532997,0.009615384615385025,0.0,-8.0,0.39999999999999947,1,0,0,0,0,1,0,0,0,0,0,0,0,0,0,0,0,0,0,0,0,0,0,1,0,0,0,0,0,0,0,0,0,0,0,0,0,0,0,0,0,0,0,0,0,0,0,0,0,0,0,0,1,0,0,0,0,0,0,0,0,0,0,0,0,0,0,0,0,0,0,0
2023,1,1,0.5025380710659898,0.49044585987261147,0.2,0.2,0.5,0.3,171.6,162.4,5.4,6.4,1.3099182307333814,1.300383264132865,5.66497461928934,6.057324840764331,0.66,0.3333333333333333,0.5294117647058824,1515.7944318261666,1454.9632709777716,60.83116084839503,0.012092211193378333,0.0,0.2,0.009534966600516448,-0.39235022147499166,0.3266666666666667,9.199999999999989,-1.0,0,0,0,0,0,0,0,0,0,0,0,0,1,0,0,0,0,0,0,0,0,0,0,0,0,0,0,0,0,0,1,0,0,0,0,0,0,0,0,0,0,0,0,0,0,0,0,0,0,0,0,0,0,0,0,0,0,0,0,0,0,0,1,0,0,0,0,0,0,0,0,0
2023,1,1,0.45982142857142855,0.5109170305676856,0.4,0.4,0.5,0.4,196.0,172.6,4.6,5.8,1.3326484871124393,1.3128066002675784,5.607142857142857,5.703056768558952,0.2727272727272727,0.5897435897435898,0.3548387096774194,1499.3471902202614,1500.1823023556199,-0.8351121353584858,-0.05109560199625701,0.0,0.09999999999999998,0.01984188684486088,-0.09591391141609495,-0.31701631701631705,23.400000000000006,-1.2000000000000002,0,0,0,0,0,0,0,0,0,0,0,1,0,0,0,0,0,0,0,0,0,0,1,0,0,0,0,0,0,0,0,0,0,0,0,0,0,0,0,0,0,1,0,0,0,0,0,0,0,0,0,0,0,0,0,0,0,0,0,0,0,0,0,0,0,0,0,0,0,0,0,0
2023,0,0,0.48695652173913045,0.5654008438818565,0.6,0.4,0.5,0.5,169.8,184.4,6.8,5.6,1.33100147275405,1.3227106997616043,5.9,6.084388185654008,0.5,0.6081081081081081,0.43333333333333335,1527.1189132609911,1526.8461936503747,0.2727196106163774,-0.07844432214272606,0.19999999999999996,0.0,0.008290772992445739,-0.18438818565400794,-0.10810810810810811,-14.599999999999994,1.2000000000000002,0,0,0,0,0,0,0,0,0,0,0,0,0,0,1,0,0,0,0,0,0,0,0,0,1,0,0,0,0,0,0,0,0,0,0,0,0,0,0,0,0,0,0,0,0,0,0,0,0,0,0,0,0,0,0,0,0,0,0,0,0,0,0,0,0,0,0,0,0,0,1,0
2023,1,1,0.5852534562211982,0.45614035087719296,0.6,0.8,0.6,0.4,176.6,155.4,6.8,6.4,1.3390969120958816,1.3040243993156289,6.225806451612903,5.87719298245614,0.7166666666666667,0.3333333333333333,0.6296296296296297,1534.4342846482805,1518.0717689964708,16.362515651809645,0.12911310534400522,-0.20000000000000007,0.19999999999999996,0.035072512780252696,0.3486134691567626,0.38333333333333336,21.19999999999999,0.39999999999999947,1,1,0,0,0,0,0,0,0,0,0,0,0,0,0,0,0,0,1,0,0,0,0,0,0,0,0,0,0,0,0,0,0,0,0,0,0,0,0,0,0,0,0,0,0,0,0,0,0,1,0,0,0,0,0,0,0,0,0,0,0,0,0,0,0,0,0,0,0,0,0,0
2023,0,0,0.5130434782608696,0.5,0.6,0.2,0.5,0.4,183.6,185.6,6.0,5.2,1.3135659058118456,1.312036412677006,5.708695652173913,5.666666666666667,0.5949367088607594,0.2,0.5833333333333334,1510.1582659424869,1504.0612445638437,6.097021378643149,0.013043478260869601,0.39999999999999997,0.09999999999999998,0.0015294931348395213,0.042028985507245764,0.39493670886075943,-2.0,0.7999999999999998,0,0,0,0,0,0,0,1,0,0,0,0,0,0,0,0,0,0,0,0,0,0,0,0,0,0,0,1,0,0,0,0,0,0,0,0,0,0,0,0,0,1,0,0,0,0,0,0,0,0,0,0,0,0,0,0,0,0,0,0,0,0,0,0,0,0,0,0,0,0,0,0
2023,0,0,0.5672268907563025,0.7407407407407407,0.6,0.8,0.6,0.7,184.2,171.6,5.2,8.2,1.3247991617184771,1.3888548683404776,6.084033613445378,6.888888888888889,0.6133333333333333,0.75,0.5,1536.8540431501372,1599.863248602374,-63.009205452236756,-0.1735138499844382,-0.20000000000000007,-0.09999999999999998,-0.06405570662200044,-0.8048552754435114,-0.13666666666666671,12.599999999999994,-2.999999999999999,1,0,0,0,0,0,0,0,0,1,0,0,0,0,0,0,0,0,0,0,1,0,0,0,0,0,0,0,0,0,0,0,0,0,0,0,0,0,0,0,0,0,0,0,0,0,0,0,0,0,0,0,0,0,0,0,0,0,0,0,0,0,0,0,0,0,0,0,0,0,1,0
2023,1,1,0.4936708860759494,0.56,0.4,0.4,0.4,0.5,170.2,163.6,5.8,6.6,1.3032626513669292,1.3845404352062358,6.031645569620253,6.68,0.625,0.5,0.0,1466.6964582400944,1526.190389069198,-59.49393082910365,-0.06632911392405066,0.0,-0.09999999999999998,-0.08127778383930662,-0.6483544303797464,0.125,6.599999999999994,-0.7999999999999998,0,0,0,0,0,0,0,0,0,0,0,0,0,0,0,1,0,0,0,0,0,0,0,1,0,0,0,0,0,0,0,0,0,0,0,0,0,0,0,0,0,0,0,0,0,0,0,0,0,0,0,0,0,0,0,0,0,0,0,1,0,0,0,0,0,0,0,0,0,0,0,0
2023,0,0,0.4577777777777778,0.45414847161572053,0.4,0.6,0.4,0.4,201.8,157.8,4.8,6.0,1.3330606781677572,1.3031727814594054,5.604444444444445,5.88646288209607,0.5,0.5,0.5172413793103449,1489.3712266333944,1508.5423721810828,-19.17114554768841,0.0036293061620572553,-0.19999999999999996,0.0,0.02988789670835179,-0.28201843765162504,0.0,44.0,-1.2000000000000002,1,0,0,0,0,0,0,0,0,0,0,1,0,0,0,0,0,0,1,0,0,0,0,0,0,0,0,0,0,0,0,1,0,0,0,0,0,0,0,0,0,0,0,0,0,0,0,0,0,0,0,0,0,0,0,0,0,0,0,0,0,0,0,0,0,0,0,0,0,0,0,0
2023,1,1,0.48484848484848486,0.5025125628140703,0.4,0.4,0.4,0.5,174.8,179.4,5.6,5.0,1.3322948356119195,1.313859722805544,5.891774891774892,5.678391959798995,0.42857142857142855,0.6470588235294118,0.5384615384615384,1517.1110637612287,1514.236712933837,2.8743508273917087,-0.017664077965585445,0.0,-0.09999999999999998,0.018435112806375553,0.21338293197589664,-0.21848739495798325,-4.599999999999994,0.5999999999999996,1,0,0,0,0,0,0,0,0,0,0,0,0,0,1,0,0,0,0,0,0,0,0,0,0,0,0,1,0,0,0,0,0,0,0,0,0,0,0,0,0,0,0,0,0,0,0,0,0,0,0,0,0,0,0,0,0,0,0,0,0,0,1,0,0,0,0,0,0,0,0,0
2023,1,1,0.5871559633027523,0.5108225108225108,0.6,0.6,0.7,0.4,182.4,176.2,7.0,5.4,1.3388279083899883,1.3131997642899234,6.23394495412844,5.688311688311688,0.7213114754098361,0.25,0.6666666666666666,1543.9636814636685,1499.9827975724936,43.980883891174926,0.07633345248024148,0.0,0.29999999999999993,0.025628144100064976,0.5456332658167522,0.4713114754098361,6.200000000000017,1.5999999999999996,0,1,0,0,0,0,0,0,0,0,0,0,0,0,0,0,0,0,0,0,0,0,1,0,0,0,0,0,0,0,0,0,0,0,0,0,0,0,0,0,0,0,0,0,0,0,0,0,0,1,0,0,0,0,0,0,0,0,0,0,0,0,0,0,0,0,0,0,0,0,0,0
2023,0,0,0.7142857142857143,0.49056603773584906,0.6,0.4,0.6,0.4,168.4,179.8,7.4,5.8,1.3948067276482738,1.3044026478932436,6.821428571428571,6.012578616352202,0.5714285714285714,0.5,0.5,1588.0693221108254,1458.3922883657942,129.67703374503117,0.22371967654986524,0.19999999999999996,0.19999999999999996,0.09040407975503029,0.8088499550763695,0.0714285714285714,-11.400000000000006,1.6000000000000005,1,0,0,0,0,1,0,0,0,0,0,0,0,0,0,0,0,0,0,0,0,0,0,0,0,0,0,0,0,0,1,0,0,0,0,0,0,0,0,0,0,0,0,0,0,0,0,0,0,0,0,0,1,0,0,0,0,0,0,0,0,0,0,0,0,0,0,0,0,0,0,0
2023,0,0,0.5769230769230769,0.5690376569037657,0.4,0.8,0.5,0.7,169.8,197.4,6.6,5.6,1.39,1.3268521739130434,6.653846153846154,6.092050209205021,0.4,0.5,1.0,1534.4945589434983,1548.6479696416857,-14.153410698187372,0.00788542001931114,-0.4,-0.19999999999999996,0.06314782608695646,0.5617959446411334,-0.09999999999999998,-27.599999999999994,1.0,1,0,0,0,0,0,0,0,1,0,0,0,0,0,0,0,0,0,0,0,0,0,0,0,1,0,0,0,0,0,0,0,0,0,1,0,0,0,0,0,0,0,0,0,0,0,0,0,0,0,0,0,0,0,0,0,0,0,0,0,0,0,0,0,0,0,0,0,0,0,0,0
2023,0,0,0.45217391304347826,0.46017699115044247,0.4,0.4,0.4,0.4,156.2,192.4,6.2,5.2,1.302277585317314,1.3329756133663917,5.891304347826087,5.615044247787611,0.3333333333333333,0.5555555555555556,0.4666666666666667,1497.9911415909592,1499.922457223518,-1.9313156325588352,-0.008003078106964212,0.0,0.0,-0.03069802804907762,0.2762601000384759,-0.22222222222222227,-36.20000000000002,1.0,1,0,0,1,0,0,0,0,0,0,0,0,0,0,0,0,0,0,0,0,0,0,0,0,0,0,1,0,0,0,0,0,0,0,0,0,0,0,0,0,0,0,0,0,1,0,0,0,0,0,0,0,0,0,0,0,0,0,0,0,0,0,0,0,0,0,0,0,0,0,0,0
2023,0,0,0.4875,0.4870689655172414,0.4,0.4,0.4,0.5,183.2,171.2,5.8,6.4,1.3039302677592777,1.3325062940124786,6.03125,5.9094827586206895,0.6122448979591837,0.2222222222222222,0.55,1451.9605172923423,1527.028335181536,-75.06781788919375,0.0004310344827586077,0.0,-0.09999999999999998,-0.02857602625320088,0.1217672413793105,0.3900226757369615,12.0,-0.6000000000000005,0,0,0,0,0,0,0,0,0,0,0,0,0,0,0,1,0,0,0,0,0,0,0,0,0,0,0,0,0,1,0,0,0,0,0,0,0,0,0,0,0,0,0,0,0,0,0,0,0,0,0,0,0,0,0,0,0,0,0,1,0,0,0,0,0,0,0,0,0,0,0,0
2023,0,0,0.4581497797356828,0.5,0.4,0.2,0.4,0.4,191.8,150.8,4.6,4.8,1.3341805724389435,1.3127539267015707,5.599118942731278,5.675,0.5,0.5,0.4166666666666667,1489.8668700637463,1504.3194415135297,-14.452571449783363,-0.04185022026431717,0.2,0.0,0.02142664573737285,-0.07588105726872207,0.0,41.0,-0.20000000000000018,0,0,0,0,0,0,0,0,0,0,0,1,0,0,0,0,0,0,0,0,0,0,0,0,0,0,0,1,0,0,0,0,0,0,0,0,0,0,0,0,0,0,0,0,1,0,0,0,0,0,0,0,0,0,0,0,0,0,0,0,0,0,0,0,0,0,0,0,0,0,0,0
2023,1,1,0.5844748858447488,0.45454545454545453,0.4,0.6,0.6,0.5,164.2,161.2,6.2,6.6,1.337945112270356,1.3041197402692688,6.223744292237443,5.9004329004329,0.5,0.47368421052631576,0.6428571428571429,1532.7045283803557,1508.0467287507308,24.657799629624833,0.1299294312992943,-0.19999999999999996,0.09999999999999998,0.03382537200108726,0.32331139180454294,0.026315789473684237,3.0,-0.39999999999999947,1,1,0,0,0,0,0,0,0,0,0,0,0,0,0,0,0,0,1,0,0,0,0,0,0,0,0,0,0,0,0,1,0,0,0,0,0,0,0,0,0,0,0,0,0,0,0,0,0,0,0,0,0,0,0,0,0,0,0,0,0,0,0,0,0,0,0,0,0,0,0,0
2023,0,0,0.5925925925925926,0.5129310344827587,0.6,0.6,0.6,0.4,179.6,165.6,6.4,5.0,1.3909774436090225,1.312907957462413,6.592592592592593,5.689655172413793,0.0,0.5875,1.0,1544.9017016586256,1511.2419506558065,33.65975100281912,0.07966155810983389,0.0,0.19999999999999996,0.07806948614660958,0.9029374201787999,-0.5875,14.0,1.4000000000000004,1,0,0,0,0,0,0,0,1,0,0,0,0,0,0,0,0,0,0,0,0,0,1,0,0,0,0,0,0,0,0,0,0,0,0,0,0,0,0,0,0,1,0,0,0,0,0,0,0,0,0,0,0,0,0,0,0,0,0,0,0,0,0,0,0,0,0,0,0,0,0,0
2023,0,0,0.484472049689441,0.5666666666666667,0.2,0.6,0.3,0.6,181.0,189.0,5.0,5.0,1.305191100969766,1.3268351800554017,6.0062111801242235,6.083333333333333,0.2,0.618421052631579,0.47368421052631576,1444.0881374406858,1538.2408269265584,-94.15268948587254,-0.08219461697722563,-0.39999999999999997,-0.3,-0.021644079085635592,-0.07712215320910953,-0.41842105263157897,-8.0,0.0,0,0,0,0,0,0,0,0,0,0,0,0,0,0,0,1,0,0,0,0,0,0,0,0,1,0,0,0,0,0,0,0,0,0,0,0,0,0,0,0,0,0,0,0,0,0,0,0,0,0,0,0,0,0,0,0,0,0,0,0,0,0,0,0,0,0,0,0,0,0,1,0
2023,0,0,0.4892703862660944,0.7241379310344828,0.6,0.6,0.6,0.7,172.8,170.0,6.4,7.8,1.333442313281023,1.3974978675007108,5.905579399141631,6.896551724137931,0.5,0.5,0.5,1534.9007150331925,1594.5010931842774,-59.6003781510849,-0.23486754476838834,0.0,-0.09999999999999998,-0.0640555542196879,-0.9909723249962994,0.0,2.8000000000000114,-1.3999999999999995,0,0,0,0,0,0,0,0,0,0,0,0,0,0,1,0,0,0,0,0,1,0,0,0,0,0,0,0,0,0,0,0,0,0,0,0,0,0,0,0,0,0,0,0,0,0,0,0,1,0,0,0,0,0,0,0,0,0,0,0,0,0,0,0,0,0,0,0,0,0,0,0
2023,0,0,0.5863636363636363,0.7333333333333333,0.6,0.8,0.6,0.7,174.8,184.6,7.0,7.2,1.339841251927924,1.4046703296703296,6.236363636363636,6.833333333333333,0.7096774193548387,0.5,0.0,1541.9960090293048,1602.8022875230465,-60.80627849374173,-0.14696969696969697,-0.20000000000000007,-0.09999999999999998,-0.06482907774240565,-0.5969696969696967,0.20967741935483875,-9.799999999999983,-0.20000000000000018,1,1,0,0,0,0,0,0,0,0,0,0,0,0,0,0,0,0,0,0,1,0,0,0,0,0,0,0,0,0,0,0,0,0,0,0,0,0,0,0,0,0,0,0,0,0,0,0,0,1,0,0,0,0,0,0,0,0,0,0,0,0,0,0,0,0,0,0,0,0,0,0
2023,1,1,0.5684647302904564,0.6071428571428571,0.6,0.6,0.6,0.6,186.0,163.4,5.4,5.8,1.3285965577898113,1.3907879490150636,6.078838174273859,6.607142857142857,0.5,0.0,0.0,1545.595339024617,1553.9359158292903,-8.34057680467322,-0.038678126852400685,0.0,0.0,-0.0621913912252523,-0.5283046828689981,0.5,22.599999999999994,-0.39999999999999947,1,0,0,0,0,0,0,0,0,1,0,0,0,0,0,0,0,0,0,0,0,0,0,1,0,0,0,0,0,0,0,0,0,0,0,0,0,0,0,0,0,0,0,0,0,0,0,0,0,1,0,0,0,0,0,0,0,0,0,0,0,0,0,0,0,0,0,0,0,0,0,0
2023,0,0,0.7096774193548387,0.5702479338842975,0.6,0.8,0.7,0.6,192.2,194.6,6.6,6.6,1.3971367974549311,1.3290978398983482,6.838709677419355,6.095041322314049,0.625,0.0,0.3333333333333333,1591.0697949277258,1555.8353540177613,35.234440909964405,0.13942948547054124,-0.20000000000000007,0.09999999999999998,0.06803895755658296,0.7436683551053056,0.625,-2.4000000000000057,0.0,1,0,0,0,0,1,0,0,0,0,0,0,0,0,0,0,0,0,0,0,0,0,0,0,1,0,0,0,0,0,0,0,0,0,0,0,0,0,0,0,0,0,0,0,0,0,0,0,0,0,0,0,1,0,0,0,0,0,0,0,0,0,0,0,0,0,0,0,0,0,0,0
2023,0,0,0.71875,0.5882352941176471,0.6,0.8,0.7,0.7,193.4,169.2,7.2,7.8,1.4113875352654526,1.3401610185358548,6.9375,6.253393665158371,0.6666666666666666,0.0,0.75,1600.0591285810265,1553.7285016246256,46.33062695640092,0.13051470588235292,-0.20000000000000007,0.0,0.07122651672959779,0.684106334841629,0.6666666666666666,24.200000000000017,-0.5999999999999996,0,0,0,0,0,1,0,0,0,0,0,0,0,0,0,0,1,0,0,0,0,0,0,0,0,0,0,0,0,0,0,0,0,0,0,0,0,0,0,0,0,0,0,0,0,0,0,0,0,0,0,0,1,0,0,0,0,0,0,0,0,0,0,0,0,0,0,0,0,0,0,0
2024,1,1,0.48717948717948717,0.5900900900900901,0.4,0.8,0.5,0.7,187.0,175.4,5.2,7.0,1.3345387480562687,1.3418411134743833,5.897435897435898,6.243243243243243,0.4166666666666667,0.7142857142857143,0.3333333333333333,1526.5995206944233,1565.0541558375328,-38.4546351431095,-0.10291060291060289,-0.4,-0.19999999999999996,-0.007302365418114576,-0.3458073458073452,-0.2976190476190476,11.599999999999994,-1.7999999999999998,0,0,0,0,0,0,0,0,0,0,0,0,0,0,1,0,1,0,0,0,0,0,0,0,0,0,0,0,0,0,0,0,0,0,0,0,0,0,0,0,0,0,0,0,0,0,0,0,0,1,0,0,0,0,0,0,0,0,0,0,0,0,0,0,0,0,0,0,0,0,0,0
2024,0,0,0.4525862068965517,0.45614035087719296,0.4,0.2,0.5,0.4,164.4,189.0,6.0,5.0,1.3034031987146717,1.3348733179334873,5.887931034482759,5.600877192982456,0.5,0.5,0.4838709677419355,1498.7552481017817,1480.282608740711,18.472639361070605,-0.0035541439806412445,0.2,0.09999999999999998,-0.031470119218815595,0.28705384150030255,0.0,-24.599999999999994,1.0,0,0,0,1,0,0,0,0,0,0,0,0,0,0,0,0,0,0,0,0,0,0,0,0,0,0,1,0,0,0,0,0,0,0,0,0,0,0,0,0,0,0,0,0,0,0,0,0,0,0,1,0,0,0,0,0,0,0,0,0,0,0,0,0,0,0,0,0,0,0,0,0
2024,0,0,0.5107296137339056,0.48148148148148145,0.6,0.2,0.4,0.2,164.8,187.8,6.0,3.6,1.3133053476911845,1.3070225153279407,5.6995708154506435,5.981481481481482,0.5802469135802469,0.3333333333333333,0.625,1502.2077364851418,1436.7336253426272,65.47411114251463,0.02924813225242412,0.39999999999999997,0.2,0.006282832363243784,-0.28191066603083836,0.24691358024691362,-23.0,2.4,1,0,0,0,0,0,0,1,0,0,0,0,0,0,0,0,0,0,0,0,0,0,0,0,0,0,0,0,0,0,1,0,0,0,0,0,0,0,0,0,0,1,0,0,0,0,0,0,0,0,0,0,0,0,0,0,0,0,0,0,0,0,0,0,0,0,0,0,0,0,0,0
2024,1,1,0.5024875621890548,0.5862068965517241,0.4,0.6,0.4,0.5,146.2,162.0,5.0,5.6,1.3137369276280155,1.3792909397861564,5.6716417910447765,6.655172413793103,0.6346153846153846,1.0,0.6666666666666666,1513.903702836565,1543.695900836146,-29.79219799958105,-0.08371933436266932,-0.19999999999999996,-0.09999999999999998,-0.06555401215814083,-0.9835306227483267,-0.3653846153846154,-15.800000000000011,-0.5999999999999996,1,0,0,0,0,0,0,0,0,0,0,0,1,0,0,0,0,0,0,0,0,0,0,1,0,0,0,0,0,0,0,0,0,0,0,0,0,0,0,0,0,0,0,0,0,0,0,0,0,0,0,0,0,0,0,0,0,0,0,0,0,0,1,0,0,0,0,0,0,0,0,0
2024,0,0,0.696969696969697,0.5679012345679012,0.6,0.6,0.6,0.6,198.0,188.8,7.2,6.0,1.421785625466302,1.3297188205514128,6.878787878787879,6.082304526748971,0.6,0.0,0.5,1588.7334743681192,1546.8460203644606,41.887454003658604,0.1290684624017958,0.0,0.0,0.09206680491488917,0.7964833520389076,0.6,9.199999999999989,1.2000000000000002,1,0,0,0,0,1,0,0,0,0,0,0,0,0,0,0,0,0,0,0,0,0,0,0,1,0,0,0,0,0,0,0,0,0,0,0,0,0,0,0,0,0,0,0,0,0,0,0,0,0,0,0,1,0,0,0,0,0,0,0,0,0,0,0,0,0,0,0,0,0,0,0
2024,0,0,0.4585152838427948,0.4851063829787234,0.4,0.4,0.4,0.5,181.6,185.4,6.0,5.4,1.3353896696477459,1.3345691454898856,5.615720524017467,5.889361702127659,0.4166666666666667,0.4936708860759494,0.5483870967741935,1490.8137936010983,1517.7018364822554,-26.888042881157162,-0.02659109913592861,0.0,-0.09999999999999998,0.0008205241578602696,-0.27364117811019195,-0.0770042194092827,-3.8000000000000114,0.5999999999999996,0,0,0,0,0,0,0,0,0,0,0,1,0,0,0,0,0,0,0,0,0,0,0,0,0,0,0,0,0,1,0,0,0,0,0,0,0,0,0,0,0,0,0,0,0,0,0,0,1,0,0,0,0,0,0,0,0,0,0,0,0,0,0,0,0,0,0,0,0,0,0,0
2024,0,0,0.5919282511210763,0.7058823529411765,0.8,0.6,0.7,0.6,177.2,194.0,6.6,7.2,1.342397563059549,1.4197828709288298,6.242152466367713,6.9411764705882355,0.71875,0.0,0.4,1573.9518400497006,1597.5336640417881,-23.581823992087493,-0.11395410182010024,0.20000000000000007,0.09999999999999998,-0.07738530786928077,-0.6990240042205222,0.71875,-16.80000000000001,-0.6000000000000005,1,1,0,0,0,0,0,0,0,0,0,0,0,0,0,0,0,0,0,0,1,0,0,0,0,0,0,0,0,0,0,0,0,0,0,0,0,0,0,0,0,0,0,0,0,0,0,0,0,1,0,0,0,0,0,0,0,0,0,0,0,0,0,0,0,0,0,0,0,0,0,0
2024,0,0,0.4785276073619632,0.5655737704918032,0.0,0.4,0.2,0.6,185.2,177.6,4.6,5.6,1.3093031590804363,1.3296658377899648,5.987730061349693,6.081967213114754,0.6,0.6666666666666666,0.45,1428.5961259427277,1538.0458306907917,-109.44970474806405,-0.08704616312984004,-0.4,-0.39999999999999997,-0.02036267870952857,-0.09423715176506064,-0.06666666666666665,7.599999999999994,-1.0,1,0,0,0,0,0,0,0,0,0,0,0,0,0,0,1,0,0,0,0,0,0,0,0,1,0,0,0,0,0,0,0,0,0,0,0,0,0,0,0,0,0,0,0,0,0,0,0,0,0,0,0,0,0,0,0,0,0,0,1,0,0,0,0,0,0,0,0,0,0,0,0
2024,0,0,0.504950495049505,0.45064377682403434,0.6,0.2,0.4,0.5,161.2,161.8,6.0,6.4,1.3148209549071619,1.3038531443111596,5.673267326732673,5.888412017167382,0.6415094339622641,0.3333333333333333,0.5185185185185185,1524.7590957220636,1488.2240632413946,36.53503248066909,0.05430671822547062,0.39999999999999997,-0.09999999999999998,0.01096781059600227,-0.21514469043470896,0.3081761006289308,-0.6000000000000227,-0.40000000000000036,1,0,0,0,0,0,0,0,0,0,0,0,1,0,0,0,0,0,1,0,0,0,0,0,0,0,0,0,0,0,0,0,0,0,0,0,0,0,0,0,0,0,0,0,0,0,0,0,0,0,0,0,0,0,0,0,0,0,0,0,0,0,1,0,0,0,0,0,0,0,0,0
2024,0,0,0.4872881355932203,0.5128205128205128,0.6,0.6,0.5,0.5,181.2,172.2,5.8,5.8,1.3350654004658664,1.3147549322384915,5.889830508474576,5.705128205128205,0.5,0.6428571428571429,0.4375,1526.9294777234406,1510.3452358850413,16.584241838399294,-0.025532377227292458,0.0,0.0,0.020310468227374923,0.18470230334637083,-0.1428571428571429,9.0,0.0,0,0,0,0,0,0,0,0,0,0,0,0,0,0,1,0,0,0,0,0,0,0,1,0,0,0,0,0,0,0,0,0,0,0,0,0,0,0,0,0,0,0,0,0,0,0,0,0,1,0,0,0,0,0,0,0,0,0,0,0,0,0,0,0,0,0,0,0,0,0,0,0
2024,1,1,0.5666666666666667,0.45652173913043476,0.6,0.4,0.5,0.4,162.4,181.0,6.0,6.2,1.379825992387167,1.335719476744186,6.566666666666666,5.6173913043478265,0.5,1.0,0.6666666666666666,1532.8405079506472,1481.586152359913,51.25435559073412,0.1101449275362319,0.19999999999999996,0.09999999999999998,0.04410651564298096,0.9492753623188399,-0.5,-18.599999999999994,-0.20000000000000018,1,0,0,0,0,0,0,0,1,0,0,0,0,0,0,0,0,0,0,0,0,0,0,0,0,0,1,0,0,0,0,0,0,0,1,0,0,0,0,0,0,0,0,0,0,0,0,0,0,0,0,0,0,0,0,0,0,0,0,0,0,0,0,0,0,0,0,0,0,0,0,0
2024,1,1,0.4817073170731707,0.6857142857142857,0.2,0.4,0.3,0.6,204.2,183.0,5.0,7.4,1.3147347540816845,1.410718464778844,5.9817073170731705,6.914285714285715,0.0,0.6363636363636364,0.3333333333333333,1441.6461108518884,1586.8559649585184,-145.20985410663002,-0.204006968641115,-0.2,-0.3,-0.0959837106971595,-0.9325783972125441,-0.6363636363636364,21.19999999999999,-2.4000000000000004,0,0,0,0,0,0,0,0,0,0,0,0,0,0,0,1,0,0,0,0,1,0,0,0,0,0,0,0,0,0,0,0,0,0,0,0,0,0,0,0,0,0,0,0,0,0,0,0,0,0,0,0,1,0,0,0,0,0,0,0,0,0,0,0,0,0,0,0,0,0,0,0
2024,1,1,0.44871794871794873,0.59375,0.2,1.0,0.4,0.7,168.4,189.6,5.8,7.4,1.3042628645871028,1.3438100872651975,5.884615384615385,6.25,0.4,1.0,0.3448275862068966,1479.2717670684956,1584.6295391329704,-105.35777206447483,-0.14503205128205127,-0.8,-0.29999999999999993,-0.03954722267809463,-0.365384615384615,-0.6,-21.19999999999999,-1.6000000000000005,1,0,0,1,0,0,0,0,0,0,0,0,0,0,0,0,1,0,0,0,0,0,0,0,0,0,0,0,0,0,0,0,0,0,0,0,0,0,0,1,0,0,0,0,0,0,0,0,0,0,0,0,0,0,0,0,0,0,0,0,0,0,0,0,0,0,0,0,0,0,0,0
2024,0,0,0.563265306122449,0.5073891625615764,0.4,0.8,0.5,0.5,192.4,155.4,5.4,5.8,1.3323271037547062,1.3156722879643756,6.069387755102041,5.669950738916256,0.6233766233766234,0.47368421052631576,0.5555555555555556,1524.995845781631,1533.7113918949626,-8.715546113331584,0.05587614356087256,-0.4,0.0,0.016654815790330568,0.399437016185785,0.1496924128503076,37.0,-0.39999999999999947,0,0,0,0,0,0,0,0,0,1,0,0,0,0,0,0,0,0,0,0,0,0,0,0,0,0,0,1,0,0,0,0,0,0,0,0,0,0,0,0,0,0,0,0,0,0,0,0,0,0,0,0,0,0,0,0,0,0,0,0,0,0,0,0,0,0,0,0,0,0,1,0
2024,0,0,0.5806451612903226,0.48523206751054854,0.6,0.4,0.5,0.4,165.2,183.4,5.8,4.4,1.386799894819879,1.3357000142714428,6.516129032258065,5.877637130801688,1.0,0.49382716049382713,0.25,1541.3758982536094,1516.4525070718646,24.92339118174482,0.09541309377977408,0.19999999999999996,0.09999999999999998,0.05109988054843617,0.6384919014563772,0.5061728395061729,-18.200000000000017,1.3999999999999995,1,0,0,0,0,0,0,0,1,0,0,0,0,0,0,0,0,0,0,0,0,0,0,0,0,0,0,0,0,1,0,0,0,0,0,0,0,0,0,0,0,0,0,0,0,0,0,0,1,0,0,0,0,0,0,0,0,0,0,0,0,0,0,0,0,0,0,0,0,0,0,0
2024,1,1,0.5148936170212766,0.451063829787234,0.6,0.4,0.6,0.4,173.0,179.4,5.6,5.6,1.3164905168669465,1.3051763265012066,5.706382978723404,5.885106382978724,0.0,0.5,0.5333333333333333,1520.8222065366174,1492.2145525078345,28.607654028782918,0.06382978723404253,0.19999999999999996,0.19999999999999996,0.011314190365739885,-0.17872340425531963,-0.5,-6.400000000000006,0.0,1,0,0,0,0,0,0,1,0,0,0,0,0,0,0,0,0,0,1,0,0,0,0,0,0,0,0,0,0,0,0,0,0,0,0,0,0,0,0,1,0,0,0,0,0,0,0,0,0,0,0,0,0,0,0,0,0,0,0,0,0,0,0,0,0,0,0,0,0,0,0,0
2024,0,0,0.6944444444444444,0.45454545454545453,0.6,0.2,0.6,0.3,185.2,183.2,7.6,6.2,1.4107468123861566,1.3362636567542145,6.944444444444445,5.627705627705628,0.6666666666666666,0.3333333333333333,0.6666666666666666,1592.9039654425949,1473.0507620569508,119.85320338564406,0.2398989898989899,0.39999999999999997,0.3,0.07448315563194208,1.316738816738817,0.3333333333333333,2.0,1.3999999999999995,0,0,0,0,0,1,0,0,0,0,0,0,0,0,0,0,0,0,0,0,0,0,0,0,0,0,1,0,0,0,0,0,0,0,0,0,0,0,0,0,0,0,0,0,0,0,0,0,0,0,0,0,1,0,0,0,0,0,0,0,0,0,0,0,0,0,0,0,0,0,0,0
2024,0,0,0.5911111111111111,0.47878787878787876,0.8,0.2,0.7,0.3,179.2,205.8,6.6,3.8,1.3437235491112502,1.314815750897235,6.2444444444444445,5.963636363636364,0.5,0.6078431372549019,0.7368421052631579,1571.6867536936315,1435.5981103678118,136.0886433258197,0.11232323232323238,0.6000000000000001,0.39999999999999997,0.028907798214015346,0.2808080808080806,-0.10784313725490191,-26.600000000000023,2.8,0,1,0,0,0,0,0,0,0,0,0,0,0,0,0,0,0,0,0,0,0,0,0,0,0,0,0,0,0,0,1,0,0,0,0,0,0,0,0,0,0,0,0,0,0,0,0,0,0,0,0,0,0,0,0,0,0,0,0,1,0,0,0,0,0,0,0,0,0,0,0,0
2024,0,0,0.4831932773109244,0.5098039215686274,0.2,0.8,0.4,0.6,176.6,150.6,4.4,6.0,1.3353463587921848,1.31553876478318,5.873949579831932,5.686274509803922,0.5,0.6481481481481481,0.5555555555555556,1507.1686319743058,1543.4605909183938,-36.29195894408804,-0.026610644257703042,-0.6000000000000001,-0.19999999999999996,0.01980759400900478,0.18767507002801054,-0.14814814814814814,26.0,-1.5999999999999996,0,0,0,0,0,0,0,0,0,0,0,0,0,0,1,0,0,0,0,0,0,0,0,0,0,0,0,1,0,0,0,0,0,0,0,0,0,0,0,0,0,0,0,0,0,0,0,0,0,0,0,0,0,0,0,0,0,0,0,0,0,0,1,0,0,0,0,0,0,0,0,0
2024,0,0,0.5609756097560976,0.4491525423728814,0.2,0.2,0.4,0.4,177.2,170.0,5.2,5.4,1.3309690275948256,1.3059811273366582,6.060975609756097,5.889830508474576,0.6153846153846154,0.35294117647058826,0.5454545454545454,1515.2466467581999,1483.0360911994162,32.21055555878365,0.11182306738321623,0.0,0.0,0.02498790025816744,0.17114510128152105,0.26244343891402716,7.199999999999989,-0.20000000000000018,1,0,0,0,0,0,0,0,0,1,0,0,0,0,0,0,0,0,1,0,0,0,0,0,0,0,0,0,0,0,0,0,0,0,0,0,0,0,0,0,0,0,0,0,0,0,0,0,0,0,0,0,0,0,0,0,0,0,0,0,0,0,0,0,0,0,0,0,0,0,1,0
2024,1,1,0.59375,0.6756756756756757,0.6,0.4,0.6,0.5,166.0,178.4,6.8,7.0,1.38839399338254,1.41607617360496,6.625,6.945945945945946,0.5714285714285714,1.0,0.0,1550.6597733511683,1579.5849361295152,-28.92516277834693,-0.08192567567567566,0.19999999999999996,0.09999999999999998,-0.027682180222420083,-0.3209459459459456,-0.4285714285714286,-12.400000000000006,-0.20000000000000018,1,0,0,0,0,0,0,0,1,0,0,0,0,0,0,0,0,0,0,0,1,0,0,0,0,0,0,0,0,0,0,0,0,0,1,0,0,0,0,0,0,0,0,0,0,0,0,0,0,0,0,0,0,0,0,0,0,0,0,0,0,0,0,0,0,0,0,0,0,0,0,0
2024,0,0,0.5169491525423728,0.588495575221239,0.8,0.6,0.7,0.7,197.6,177.8,7.4,5.4,1.3199337223542973,1.3438118267751153,5.72457627118644,6.234513274336283,0.3076923076923077,0.7230769230769231,0.35714285714285715,1530.0006678450357,1557.9585515970837,-27.95788375204802,-0.07154642267886613,0.20000000000000007,0.0,-0.023878104420818058,-0.5099370031498429,-0.41538461538461535,19.799999999999983,2.0,0,0,0,0,0,0,0,1,0,0,0,0,0,0,0,0,1,0,0,0,0,0,0,0,0,0,0,0,0,0,0,0,0,0,0,0,0,0,0,0,0,0,0,0,0,0,0,0,0,1,0,0,0,0,0,0,0,0,0,0,0,0,0,0,0,0,0,0,0,0,0,0
2024,0,0,0.4819277108433735,0.45689655172413796,0.4,0.4,0.3,0.4,201.8,183.6,4.4,6.6,1.3158238664924098,1.3375472717450028,5.957831325301205,5.620689655172414,0.5,1.0,0.6666666666666666,1449.3263124643597,1486.3697913700305,-37.04347890567078,0.025031159119235535,0.0,-0.10000000000000003,-0.021723405252592976,0.3371416701287915,-0.5,18.200000000000017,-2.1999999999999993,1,0,0,0,0,0,0,0,0,0,0,0,0,0,0,1,0,0,0,0,0,0,0,0,0,0,1,0,0,0,0,0,0,0,0,0,0,0,0,0,0,0,0,0,0,0,0,0,0,0,1,0,0,0,0,0,0,0,0,0,0,0,0,0,0,0,0,0,0,0,0,0
2024,0,0,0.5121951219512195,0.6578947368421053,1.0,0.4,0.6,0.5,176.6,161.6,5.6,7.0,1.3169186759297098,1.406856403622251,5.673170731707317,6.894736842105263,0.6545454545454545,1.0,0.2,1552.4198070198393,1568.75432116448,-16.334514144640707,-0.1456996148908858,0.6,0.09999999999999998,-0.08993772769254127,-1.221566110397946,-0.34545454545454546,15.0,-1.4000000000000004,0,0,0,0,0,0,0,0,0,0,0,0,1,0,0,0,0,0,0,0,1,0,0,0,0,0,0,0,0,0,0,0,0,0,0,0,0,0,0,0,0,0,0,0,0,0,0,0,0,0,0,0,0,0,0,0,0,0,0,0,0,0,1,0,0,0,0,0,0,0,0,0
2024,0,0,0.4811715481171548,0.562753036437247,0.2,0.2,0.3,0.5,173.8,187.6,4.4,4.8,1.3359151193633951,1.333064299165994,5.866108786610878,6.068825910931174,0.47058823529411764,0.620253164556962,0.41935483870967744,1498.2094158728603,1524.3221994818387,-26.11278360897836,-0.08158148832009215,0.0,-0.2,0.002850820197401127,-0.2027171243202961,-0.14966492926284436,-13.799999999999983,-0.39999999999999947,0,0,0,0,0,0,0,0,0,0,0,0,0,0,1,0,0,0,0,0,0,0,0,0,1,0,0,0,0,0,0,0,0,0,0,0,0,0,0,0,0,0,0,0,0,0,0,0,0,0,0,0,0,0,0,0,0,0,0,0,0,0,0,0,0,0,0,0,0,0,1,0
2024,1,1,0.6060606060606061,0.4472573839662447,0.6,0.2,0.6,0.3,163.4,181.8,7.4,5.8,1.3871604938271604,1.3076126174400744,6.7272727272727275,5.886075949367089,0.625,0.0,1.0,1561.4903883162035,1473.9605384757774,87.5298498404261,0.15880322209436137,0.39999999999999997,0.3,0.07954787638708605,0.8411967779056386,0.625,-18.400000000000006,1.6000000000000005,0,0,0,0,0,0,0,0,1,0,0,0,0,0,0,0,0,0,1,0,0,0,0,0,0,0,0,0,0,0,0,0,0,0,1,0,0,0,0,0,0,0,0,0,0,0,0,0,0,0,0,0,0,0,0,0,0,0,0,0,0,0,0,0,0,0,0,0,0,0,0,0
2024,0,0,0.45493562231759654,0.5097087378640777,0.4,0.8,0.3,0.6,182.2,178.0,7.2,6.0,1.3379584812305045,1.31808757165508,5.635193133047211,5.679611650485437,0.5,0.5,0.4,1475.3076161454628,1542.8896060381528,-67.58198989268999,-0.05477311554648112,-0.4,-0.3,0.01987090957542459,-0.04441851743822589,0.0,4.199999999999989,1.2000000000000002,0,0,0,0,0,0,0,0,0,0,0,1,0,0,0,0,0,0,0,0,0,0,0,0,0,0,0,1,0,0,0,0,0,0,0,0,0,0,0,0,0,0,0,0,0,0,0,0,0,0,1,0,0,0,0,0,0,0,0,0,0,0,0,0,0,0,0,0,0,0,0,0
2024,0,0,0.5882352941176471,0.5147679324894515,0.6,0.6,0.6,0.6,176.6,195.6,6.6,6.8,1.3849652860904955,1.3187880960917893,6.647058823529412,5.713080168776371,0.5,0.5853658536585366,1.0,1549.02305711258,1520.8036280357999,28.219429076780216,0.07346736162819556,0.0,0.0,0.06617718999870625,0.9339786547530409,-0.08536585365853655,-19.0,-0.20000000000000018,0,0,0,0,0,0,0,0,1,0,0,0,0,0,0,0,0,0,0,0,0,0,1,0,0,0,0,0,0,0,0,0,0,0,0,0,0,0,0,0,0,1,0,0,0,0,0,0,0,0,0,0,0,0,0,0,0,0,0,0,0,0,0,0,0,0,0,0,0,0,0,0
2024,0,0,0.5903083700440529,0.5645161290322581,0.6,0.4,0.7,0.5,171.8,193.2,6.4,5.8,1.3436120132832172,1.3354451595602037,6.246696035242291,6.076612903225806,0.5,0.625,0.4444444444444444,1567.1555914063194,1533.5720251550185,33.58356625130091,0.02579224101179478,0.19999999999999996,0.19999999999999996,0.008166853723013512,0.17008313201648484,-0.125,-21.399999999999977,0.6000000000000005,1,1,0,0,0,0,0,0,0,0,0,0,0,0,0,0,0,0,0,0,0,0,0,0,1,0,0,0,0,0,0,0,0,0,0,0,0,0,0,0,0,0,0,0,0,0,0,0,0,0,0,0,0,0,0,0,0,0,0,0,0,0,0,0,0,0,0,0,0,0,1,0
2024,0,0,0.48502994011976047,0.4791666666666667,0.6,0.2,0.4,0.3,198.2,178.4,5.2,4.2,1.31669913582097,1.3367954089356757,5.958083832335329,5.854166666666667,0.25,0.4878048780487805,0.5238095238095238,1460.3884876889274,1488.9595901996804,-28.571102510753008,0.005863273453093787,0.39999999999999997,0.10000000000000003,-0.02009627311470563,0.10391716566866194,-0.23780487804878048,19.799999999999983,1.0,1,0,0,0,0,0,0,0,0,0,0,0,0,0,0,1,0,0,0,0,0,0,0,0,0,0,0,0,0,1,0,0,0,0,0,0,0,0,0,0,0,0,0,0,0,0,0,0,1,0,0,0,0,0,0,0,0,0,0,0,0,0,0,0,0,0,0,0,0,0,0,0
2024,0,0,0.5168067226890757,0.5120772946859904,0.8,0.8,0.7,0.7,193.0,169.8,6.6,6.4,1.3196285050901946,1.317731299809863,5.718487394957983,5.690821256038648,0.5903614457831325,0.2727272727272727,0.56,1531.6140671170244,1550.9686072036639,-19.354540086639417,0.00472942800308529,0.0,0.0,0.0018972052803316597,0.02766613891933556,0.31763417305585984,23.19999999999999,0.1999999999999993,0,0,0,0,0,0,0,1,0,0,0,0,0,0,0,0,0,0,0,0,0,0,0,0,0,0,0,1,0,0,0,0,0,0,0,0,0,0,0,0,0,1,0,0,0,0,0,0,0,0,0,0,0,0,0,0,0,0,0,0,0,0,0,0,0,0,0,0,0,0,0,0
2024,0,0,0.6666666666666666,0.4495798319327731,0.4,0.4,0.5,0.3,167.8,181.0,5.8,6.0,1.4108266890474193,1.3084504536559332,6.794871794871795,5.890756302521009,0.6153846153846154,0.75,0.6666666666666666,1578.2845221461664,1486.4278696794008,91.85665246676558,0.2170868347338935,0.0,0.2,0.1023762353914861,0.9041154923507859,-0.13461538461538458,-13.199999999999989,-0.20000000000000018,0,0,0,0,0,1,0,0,0,0,0,0,0,0,0,0,0,0,1,0,0,0,0,0,0,0,0,0,0,0,0,0,0,0,0,0,0,0,0,0,0,0,0,0,0,0,0,0,0,0,0,0,1,0,0,0,0,0,0,0,0,0,0,0,0,0,0,0,0,0,0,0
2024,0,0,0.5622489959839357,0.452991452991453,0.4,0.2,0.4,0.3,198.0,176.2,5.4,6.8,1.3361263186006143,1.3372358652198744,6.068273092369478,5.641025641025641,0.5,0.3333333333333333,0.5333333333333333,1524.5356386178933,1467.2286149799518,57.307023637941484,0.10925754299248275,0.2,0.10000000000000003,-0.0011095466192601044,0.42724745134383646,0.16666666666666669,21.80000000000001,-1.3999999999999995,1,0,0,0,0,0,0,0,0,1,0,0,0,0,0,0,0,0,0,0,0,0,0,0,0,0,1,0,0,0,0,0,0,0,0,0,0,0,0,0,0,0,0,0,0,0,0,0,0,0,1,0,0,0,0,0,0,0,0,0,0,0,0,0,0,0,0,0,0,0,0,0
2024,0,0,0.5921052631578947,0.5714285714285714,0.6,0.6,0.7,0.6,177.8,174.2,6.4,6.2,1.3449941877361231,1.3815055762081785,6.245614035087719,6.514285714285714,0.5,0.5555555555555556,0.5,1576.1919779434447,1538.2126180313555,37.979359912089194,0.020676691729323293,0.0,0.09999999999999998,-0.03651138847205537,-0.26867167919799506,-0.05555555555555558,3.6000000000000227,0.20000000000000018,0,1,0,0,0,0,0,0,0,0,0,0,0,0,0,0,0,0,0,0,0,0,0,1,0,0,0,0,0,0,0,0,0,0,1,0,0,0,0,0,0,0,0,0,0,0,0,0,0,0,0,0,0,0,0,0,0,0,0,0,0,0,0,0,0,0,0,0,0,0,0,0
2024,0,0,0.4880952380952381,0.45188284518828453,0.8,0.6,0.4,0.4,214.8,164.8,5.2,7.0,1.322316510346881,1.3091619318181817,5.964285714285714,5.907949790794979,0.6,0.45,0.5454545454545454,1471.208981434696,1499.0117906307903,-27.80280919609436,0.03621239290695355,0.20000000000000007,0.0,0.013154578528699279,0.05633592349073524,0.14999999999999997,50.0,-1.7999999999999998,1,0,0,0,0,0,0,0,0,0,0,0,0,0,0,1,0,0,1,0,0,0,0,0,0,0,0,0,0,0,0,1,0,0,0,0,0,0,0,0,0,0,0,0,0,0,0,0,0,0,0,0,0,0,0,0,0,0,0,0,0,0,0,0,0,0,0,0,0,0,0,0
2024,0,0,0.5146443514644351,0.47717842323651455,0.6,0.0,0.6,0.3,196.0,195.2,6.8,3.6,1.321504764613853,1.3397462853938884,5.7280334728033475,5.842323651452282,0.5833333333333334,0.4166666666666667,0.5757575757575758,1522.1705600336334,1478.1390964539119,44.0314635797215,0.03746592822792055,0.6,0.3,-0.01824152078003549,-0.11429017864893432,0.16666666666666669,0.8000000000000114,3.1999999999999997,1,0,0,0,0,0,0,1,0,0,0,0,0,0,0,0,0,0,0,0,0,0,0,0,0,0,0,0,0,1,0,0,0,0,0,0,0,0,0,0,0,1,0,0,0,0,0,0,0,0,0,0,0,0,0,0,0,0,0,0,0,0,0,0,0,0,0,0,0,0,0,0
2024,1,1,0.451063829787234,0.65,0.2,0.4,0.3,0.4,177.6,157.0,7.0,5.4,1.337703869523505,1.396678966789668,5.646808510638298,6.725,0.25,0.5,0.5,1458.8632465158544,1565.700601194777,-106.83735467892257,-0.198936170212766,-0.2,-0.10000000000000003,-0.0589750972661629,-1.0781914893617017,-0.25,20.599999999999994,1.5999999999999996,0,0,0,0,0,0,0,0,0,0,0,1,0,0,0,0,0,0,0,0,1,0,0,0,0,0,0,0,0,0,0,0,0,0,0,0,0,0,0,0,0,0,0,0,0,0,0,0,0,0,1,0,0,0,0,0,0,0,0,0,0,0,0,0,0,0,0,0,0,0,0,0
2024,1,1,0.564,0.5144230769230769,0.6,0.8,0.5,0.8,187.2,177.6,6.8,6.6,1.3369568830823444,1.3198519055092761,6.084,5.6923076923076925,0.2857142857142857,0.6428571428571429,0.5357142857142857,1532.9010070819907,1560.412114287055,-27.511107205064263,0.049576923076923074,-0.20000000000000007,-0.30000000000000004,0.01710497757306828,0.3916923076923071,-0.3571428571428572,9.599999999999994,0.20000000000000018,0,0,0,0,0,0,0,0,0,1,0,0,0,0,0,0,0,0,0,0,0,0,0,0,0,0,0,1,0,0,0,0,0,0,0,0,0,0,0,0,0,0,0,0,0,0,0,0,0,0,0,0,0,0,0,0,0,0,0,0,0,0,1,0,0,0,0,0,0,0,0,0
2024,0,0,0.5895196506550219,0.5833333333333334,0.4,0.6,0.7,0.6,171.8,170.4,5.2,6.4,1.3453762974214314,1.3834688346883468,6.22707423580786,6.5,0.7272727272727273,0.0,0.3333333333333333,1565.1031774860846,1549.3014184887156,15.801758997369006,0.006186317321688506,-0.19999999999999996,0.09999999999999998,-0.038092537266915416,-0.27292576419213965,0.7272727272727273,1.4000000000000057,-1.2000000000000002,0,1,0,0,0,0,0,0,0,0,0,0,0,0,0,0,0,0,0,0,0,0,0,1,0,0,0,0,0,0,0,0,0,0,0,0,0,0,0,0,0,0,0,0,0,0,0,0,0,1,0,0,0,0,0,0,0,0,0,0,0,0,0,0,0,0,0,0,0,0,0,0
2024,0,0,0.45,0.6585365853658537,0.4,0.4,0.4,0.5,166.4,152.6,7.2,5.8,1.3105508804186408,1.39347216659992,5.9125,6.804878048780488,0.42857142857142855,1.0,0.5,1488.2132652256016,1572.7189667905843,-84.5057015649827,-0.20853658536585368,0.0,-0.09999999999999998,-0.08292128618127914,-0.892378048780488,-0.5714285714285714,13.800000000000011,1.4000000000000004,1,0,0,1,0,0,0,0,0,0,0,0,0,0,0,0,0,0,0,0,1,0,0,0,0,0,0,0,0,0,0,1,0,0,0,0,0,0,0,0,0,0,0,0,0,0,0,0,0,0,0,0,0,0,0,0,0,0,0,0,0,0,0,0,0,0,0,0,0,0,0,0
2024,1,1,0.47520661157024796,0.4911242603550296,0.0,0.8,0.2,0.5,203.0,212.6,4.2,6.2,1.3416608513607815,1.3274144224129427,5.8429752066115705,5.988165680473373,0.3,0.6153846153846154,0.45454545454545453,1469.3996822301845,1482.0075068398846,-12.607824609700174,-0.015917648784781635,-0.8,-0.3,0.014246428947838785,-0.14519047386180262,-0.31538461538461543,-9.599999999999994,-2.0,1,0,0,0,0,0,0,0,0,0,0,0,0,0,1,0,0,0,0,0,0,0,0,0,0,0,0,0,0,0,1,0,0,0,0,0,0,0,0,0,0,0,0,0,0,0,0,0,0,0,0,0,0,0,0,0,0,0,0,1,0,0,0,0,0,0,0,0,0,0,0,0
2024,0,0,0.5166666666666667,0.4491525423728814,0.6,0.2,0.6,0.2,203.2,170.4,7.6,6.8,1.323328496088911,1.336906530814406,5.745833333333334,5.6525423728813555,0.5882352941176471,0.25,0.65625,1530.9099742573608,1451.844880920047,79.06509333731378,0.06751412429378534,0.39999999999999997,0.39999999999999997,-0.013578034725495014,0.09329096045197804,0.3382352941176471,32.79999999999998,0.7999999999999998,0,0,0,0,0,0,0,1,0,0,0,0,0,0,0,0,0,0,0,0,0,0,0,0,0,0,1,0,0,0,0,0,0,0,0,0,0,0,0,0,0,1,0,0,0,0,0,0,0,0,0,0,0,0,0,0,0,0,0,0,0,0,0,0,0,0,0,0,0,0,0,0
2024,0,0,0.45228215767634855,0.5617529880478087,0.6,0.6,0.4,0.4,178.0,198.0,7.4,6.2,1.3127618377046295,1.3372173855473535,5.921161825726141,6.063745019920319,0.45454545454545453,0.8,0.4411764705882353,1500.5986794628495,1523.6911896071929,-23.09251014434335,-0.10947083037146016,0.0,0.0,-0.024455547842723968,-0.1425831941941773,-0.3454545454545455,-20.0,1.2000000000000002,1,0,0,1,0,0,0,0,0,0,0,0,0,0,0,0,0,0,0,0,0,0,0,0,1,0,0,0,0,0,0,1,0,0,0,0,0,0,0,0,0,0,0,0,0,0,0,0,0,0,0,0,0,0,0,0,0,0,0,0,0,0,0,0,0,0,0,0,0,0,0,0
2024,0,0,0.5945945945945946,0.5167464114832536,0.6,0.8,0.6,0.8,176.8,188.8,5.2,6.6,1.3928806855636124,1.3209965553152287,6.4324324324324325,5.708133971291866,0.6,0.5,0.25,1559.755916334671,1569.6219317618527,-9.866015427181765,0.07784818311134101,-0.20000000000000007,-0.20000000000000007,0.07188413024838369,0.7242984611405667,0.09999999999999998,-12.0,-1.3999999999999995,0,0,0,0,0,0,0,0,1,0,0,0,0,0,0,0,0,0,0,0,0,0,0,0,0,0,0,1,0,0,0,0,0,0,1,0,0,0,0,0,0,0,0,0,0,0,0,0,0,0,0,0,0,0,0,0,0,0,0,0,0,0,0,0,0,0,0,0,0,0,0,0
2024,0,0,0.6428571428571429,0.4773662551440329,0.4,0.2,0.4,0.2,156.8,213.6,5.2,4.8,1.4026963657678782,1.3429911412193851,6.738095238095238,5.851851851851852,0.5714285714285714,0.3333333333333333,0.6666666666666666,1560.3335525533364,1479.7624053910276,80.57114716230876,0.16549088771311,0.2,0.2,0.05970522454849303,0.886243386243386,0.23809523809523808,-56.79999999999998,0.40000000000000036,0,0,0,0,0,1,0,0,0,0,0,0,0,0,0,0,0,0,0,0,0,0,0,0,0,0,0,0,0,1,0,0,0,0,0,0,0,0,0,0,0,0,0,0,0,0,0,0,0,0,0,0,1,0,0,0,0,0,0,0,0,0,0,0,0,0,0,0,0,0,0,0
2024,0,0,0.5869565217391305,0.48823529411764705,0.4,0.8,0.6,0.5,179.6,214.4,5.0,7.0,1.347027688762467,1.327402832916728,6.217391304347826,5.9941176470588236,0.7164179104477612,0.125,0.7,1554.6486796401293,1471.6447836790414,83.00389596108789,0.09872122762148344,-0.4,0.09999999999999998,0.01962485584573903,0.22327365728900261,0.5914179104477612,-34.80000000000001,-2.0,1,1,0,0,0,0,0,0,0,0,0,0,0,0,0,0,0,0,0,0,0,0,0,0,0,0,0,0,0,0,1,0,0,0,0,0,0,0,0,0,0,0,0,0,0,0,0,0,0,1,0,0,0,0,0,0,0,0,0,0,0,0,0,0,0,0,0,0,0,0,0,0
2024,1,1,0.45454545454545453,0.5145228215767634,0.8,0.4,0.5,0.6,188.4,201.0,8.2,6.0,1.3159259778494323,1.3264162908680948,5.933884297520661,5.730290456431535,0.2222222222222222,0.5813953488372093,0.45161290322580644,1511.262358315123,1518.6727844011723,-7.410426086049256,-0.059977367031308904,0.4,-0.09999999999999998,-0.010490313018662434,0.20359384108912604,-0.3591731266149871,-12.599999999999994,2.1999999999999993,0,0,0,1,0,0,0,0,0,0,0,0,0,0,0,0,0,0,0,0,0,0,1,0,0,0,0,0,0,0,0,0,0,0,0,0,0,0,0,0,0,1,0,0,0,0,0,0,0,0,0,0,0,0,0,0,0,0,0,0,0,0,0,0,0,0,0,0,0,0,0,0
2024,0,0,0.5595238095238095,0.5789473684210527,0.4,0.4,0.3,0.5,200.6,183.4,5.4,3.8,1.339717177044533,1.3966659542637316,6.055555555555555,6.342105263157895,0.0,0.5454545454545454,0.25,1513.0275107549194,1550.0398067823735,-37.01229602745411,-0.01942355889724312,0.0,-0.2,-0.056948777219198554,-0.28654970760233933,-0.5454545454545454,17.19999999999999,1.6000000000000005,0,0,0,0,0,0,0,0,0,1,0,0,0,0,0,0,0,0,0,0,0,0,0,1,0,0,0,0,0,0,0,0,0,0,1,0,0,0,0,0,0,0,0,0,0,0,0,0,0,0,0,0,0,0,0,0,0,0,0,0,0,0,0,0,0,0,0,0,0,0,0,0
2024,0,0,0.5887445887445888,0.45147679324894513,0.6,0.2,0.6,0.3,189.0,182.8,6.2,7.2,1.3485429585289794,1.340673666408287,6.233766233766234,5.654008438818566,0.7205882352941176,0.375,0.5555555555555556,1562.3040730512282,1464.0820707762355,98.22200227499275,0.13726779549564366,0.39999999999999997,0.3,0.007869292120692428,0.5797577949476684,0.34558823529411764,6.199999999999989,-1.0,0,1,0,0,0,0,0,0,0,0,0,0,0,0,0,0,0,0,0,0,0,0,0,0,0,0,1,0,0,0,0,0,0,0,0,0,0,0,0,0,0,0,0,0,0,0,0,0,0,1,0,0,0,0,0,0,0,0,0,0,0,0,0,0,0,0,0,0,0,0,0,0
2024,1,1,0.4853801169590643,0.5190476190476191,0.6,0.8,0.5,0.9,208.0,190.8,6.6,7.0,1.3264291632145817,1.322821146639024,5.976608187134503,5.704761904761905,0.6037735849056604,0.42857142857142855,0.5,1463.9893902679426,1579.3380413141501,-115.34865104620758,-0.03366750208855479,-0.20000000000000007,-0.4,0.0036080165755576488,0.2718462823725982,0.1752021563342318,17.19999999999999,-0.40000000000000036,1,0,0,0,0,0,0,0,0,0,0,0,0,0,0,1,0,0,0,0,0,0,0,0,0,0,0,1,0,0,0,0,0,0,0,0,0,0,0,0,0,0,0,0,0,0,0,0,0,0,0,0,0,0,0,0,0,0,0,1,0,0,0,0,0,0,0,0,0,0,0,0
2024,0,0,0.5165289256198347,0.5573122529644269,0.6,0.2,0.6,0.3,205.0,189.6,7.2,5.0,1.3272248551869406,1.3389029314250074,5.743801652892562,6.055335968379446,0.25,0.6172839506172839,0.28125,1528.459527530686,1504.0887985815618,24.370728949124214,-0.040783327344592224,0.39999999999999997,0.3,-0.011678076238066826,-0.3115343154868846,-0.3672839506172839,15.400000000000006,2.2,1,0,0,0,0,0,0,1,0,0,0,0,0,0,0,0,0,0,0,0,0,0,0,0,1,0,0,0,0,0,0,0,0,0,0,0,0,0,0,0,0,0,0,0,0,0,0,0,0,0,0,0,0,0,0,0,0,0,0,0,0,0,0,0,0,0,0,0,0,0,1,0
2024,0,0,0.627906976744186,0.47950819672131145,0.4,0.4,0.4,0.3,170.8,218.2,4.4,4.6,1.4060594512195121,1.3454734291154578,6.604651162790698,5.840163934426229,1.0,0.4819277108433735,0.5,1548.0552246967175,1492.0407332476466,56.014491449070874,0.1483987800228746,0.0,0.10000000000000003,0.06058602210405439,0.7644872283644686,0.5180722891566265,-47.39999999999998,-0.1999999999999993,0,0,0,0,0,1,0,0,0,0,0,0,0,0,0,0,0,0,0,0,0,0,0,0,0,0,0,0,0,1,0,0,0,0,0,0,0,0,0,0,0,0,0,0,0,0,0,0,1,0,0,0,0,0,0,0,0,0,0,0,0,0,0,0,0,0,0,0,0,0,0,0
2024,0,0,0.5862068965517241,0.453781512605042,0.4,0.4,0.5,0.4,193.2,179.4,5.0,6.8,1.348116169544741,1.3409362060495473,6.219827586206897,5.659663865546219,0.5,0.45454545454545453,0.5357142857142857,1549.5499993953904,1476.8361444320733,72.71385496331709,0.13242538394668207,0.0,0.09999999999999998,0.007179963495193675,0.560163720660678,0.04545454545454547,13.799999999999983,-1.7999999999999998,1,1,0,0,0,0,0,0,0,0,0,0,0,0,0,0,0,0,0,0,0,0,0,0,0,0,1,0,0,0,0,0,0,0,0,0,0,0,0,0,0,0,0,0,1,0,0,0,0,0,0,0,0,0,0,0,0,0,0,0,0,0,0,0,0,0,0,0,0,0,0,0
2024,0,0,0.5185185185185185,0.5897435897435898,0.6,0.6,0.7,0.6,206.4,179.0,7.8,4.4,1.3273331003145754,1.391376796500729,5.761316872427984,6.358974358974359,0.5,0.5833333333333334,0.25,1537.759229739423,1558.978518955731,-21.21928921630797,-0.07122507122507127,0.0,0.09999999999999998,-0.06404369618615369,-0.5976574865463746,-0.08333333333333337,27.400000000000006,3.3999999999999995,1,0,0,0,0,0,0,1,0,0,0,0,0,0,0,0,0,0,0,0,0,0,0,1,0,0,0,0,0,0,0,0,0,0,1,0,0,0,0,0,0,0,0,0,0,0,0,0,0,0,0,0,0,0,0,0,0,0,0,0,0,0,0,0,0,0,0,0,0,0,0,0
2024,0,0,0.4883720930232558,0.5551181102362205,0.6,0.2,0.6,0.3,211.8,181.4,6.8,6.2,1.327941105245314,1.338478140021582,5.982558139534884,6.070866141732283,0.18181818181818182,0.6097560975609756,0.47619047619047616,1477.1925584091266,1494.7890963728248,-17.59653796369821,-0.06674601721296469,0.39999999999999997,0.3,-0.010537034776267884,-0.0883080021973992,-0.4279379157427938,30.400000000000006,0.5999999999999996,0,0,0,0,0,0,0,0,0,0,0,0,0,0,0,1,0,0,0,0,0,0,0,0,1,0,0,0,0,0,0,0,0,0,0,0,0,0,0,0,0,0,0,0,0,0,0,0,0,0,0,0,0,0,0,0,0,0,0,0,0,0,0,0,0,0,0,0,0,0,1,0
2024,0,0,0.45267489711934156,0.5165876777251185,0.6,0.8,0.5,0.8,185.0,191.6,7.4,6.2,1.315479098332054,1.323828032045689,5.921810699588478,5.691943127962086,0.4782608695652174,0.25,0.4642857142857143,1501.4756151856093,1566.134873172966,-64.6592579873568,-0.06391278060577693,-0.20000000000000007,-0.30000000000000004,-0.008348933713635098,0.22986757162639204,0.2282608695652174,-6.599999999999994,1.2000000000000002,1,0,0,1,0,0,0,0,0,0,0,0,0,0,0,0,0,0,0,0,0,0,0,0,0,0,0,1,0,0,0,1,0,0,0,0,0,0,0,0,0,0,0,0,0,0,0,0,0,0,0,0,0,0,0,0,0,0,0,0,0,0,0,0,0,0,0,0,0,0,0,0
2024,1,1,0.575,0.48554913294797686,0.6,0.4,0.6,0.6,174.2,189.0,5.2,6.0,1.390089722675367,1.3278948888247184,6.35,5.965317919075145,1.0,0.6111111111111112,1.0,1548.3685369476461,1467.6985948785361,80.66994206911,0.0894508670520231,0.19999999999999996,0.0,0.06219483385064861,0.384682080924855,0.38888888888888884,-14.800000000000011,-0.7999999999999998,0,0,0,0,0,0,0,0,1,0,0,0,0,0,0,0,0,0,0,0,0,0,0,0,0,0,0,0,0,0,1,0,0,0,0,0,0,0,0,0,0,0,0,0,0,0,0,0,0,0,0,0,0,0,0,0,0,0,0,1,0,0,0,0,0,0,0,0,0,0,0,0
2024,0,0,0.4816326530612245,0.45188284518828453,0.6,0.4,0.4,0.3,209.4,177.8,6.0,7.2,1.3468655067660866,1.3399832296834602,5.857142857142857,5.673640167364017,0.0,0.4166666666666667,0.46875,1503.6391348985746,1468.8989866920836,34.740148206491085,0.02974980787293996,0.19999999999999996,0.10000000000000003,0.0068822770826264534,0.1835026897788401,-0.4166666666666667,31.599999999999994,-1.2000000000000002,1,0,0,0,0,0,0,0,0,0,0,0,0,0,1,0,0,0,0,0,0,0,0,0,0,0,1,0,0,0,0,0,0,0,0,0,0,0,0,0,0,0,0,0,1,0,0,0,0,0,0,0,0,0,0,0,0,0,0,0,0,0,0,0,0,0,0,0,0,0,0,0
2024,0,0,0.6136363636363636,0.5879828326180258,0.2,0.4,0.3,0.5,160.4,185.4,5.0,5.6,1.4017507915813001,1.3480623734593116,6.590909090909091,6.23175965665236,0.5333333333333333,0.5,0.5,1536.4568230457894,1557.4871571353801,-21.030334089590724,0.025653531018337894,-0.2,-0.2,0.053688418121988546,0.3591494342567305,0.033333333333333326,-25.0,-0.5999999999999996,1,0,0,0,0,1,0,0,0,0,0,0,0,0,0,0,1,0,0,0,0,0,0,0,0,0,0,0,0,0,0,0,0,0,0,0,0,0,0,0,0,0,0,0,0,0,0,0,0,0,0,0,1,0,0,0,0,0,0,0,0,0,0,0,0,0,0,0,0,0,0,0
2024,0,0,0.5204918032786885,0.5568627450980392,0.8,0.2,0.7,0.4,208.8,177.8,8.2,5.8,1.3295521764849159,1.3394375834989736,5.778688524590164,6.078431372549019,0.5862068965517241,0.7692307692307693,0.30303030303030304,1548.369211747508,1504.2830599034153,44.08615184409268,-0.036370941819350744,0.6000000000000001,0.29999999999999993,-0.009885407014057712,-0.2997428479588553,-0.18302387267904519,31.0,2.3999999999999995,1,0,0,0,0,0,0,1,0,0,0,0,0,0,0,0,0,0,0,0,0,0,0,0,1,0,0,0,0,0,0,0,0,0,0,0,0,0,0,0,0,1,0,0,0,0,0,0,0,0,0,0,0,0,0,0,0,0,0,0,0,0,0,0,0,0,0,0,0,0,0,0
2024,1,1,0.5141509433962265,0.5854700854700855,0.6,0.4,0.7,0.4,201.4,189.4,6.2,5.8,1.3249161570329453,1.3490822930296709,5.702830188679245,6.217948717948718,0.25,0.7101449275362319,0.4642857142857143,1554.2950222086636,1546.8825936365322,7.412428572131375,-0.07131914207385903,0.19999999999999996,0.29999999999999993,-0.02416613599672557,-0.5151185292694729,-0.46014492753623193,12.0,0.40000000000000036,0,0,0,0,0,0,0,0,0,0,0,0,1,0,0,0,1,0,0,0,0,0,0,0,0,0,0,0,0,0,0,0,0,0,0,0,0,0,0,0,0,0,0,0,0,0,0,0,0,1,0,0,0,0,0,0,0,0,0,0,0,0,0,0,0,0,0,0,0,0,0,0
2024,0,0,0.483739837398374,0.45491803278688525,0.8,0.6,0.4,0.6,205.2,210.8,7.4,7.0,1.3492696339577246,1.3176274366725738,5.873983739837398,5.930327868852459,0.4880952380952381,0.4444444444444444,0.6071428571428571,1512.6425521349922,1513.3154661499118,-0.67291401491957,0.028821804611488755,0.20000000000000007,-0.19999999999999996,0.03164219728515083,-0.05634412901506103,0.04365079365079366,-5.600000000000023,0.40000000000000036,1,0,0,0,0,0,0,0,0,0,0,0,0,0,1,0,0,0,1,0,0,0,0,0,0,0,0,0,0,0,0,0,0,0,0,0,0,0,0,0,0,0,0,0,0,0,0,0,1,0,0,0,0,0,0,0,0,0,0,0,0,0,0,0,0,0,0,0,0,0,0,0
2024,0,0,0.4530612244897959,0.5609756097560976,0.6,0.4,0.5,0.5,199.0,171.2,7.4,4.0,1.317000588255649,1.3888999403222597,5.942857142857143,6.195121951219512,0.5,0.5,0.25,1503.2960981518843,1536.0875133219054,-32.79141517002108,-0.1079143852663017,0.19999999999999996,0.0,-0.07189935206661069,-0.2522648083623693,0.0,27.80000000000001,3.4000000000000004,1,0,0,1,0,0,0,0,0,0,0,0,0,0,0,0,0,0,0,0,0,0,0,1,0,0,0,0,0,0,0,1,0,0,0,0,0,0,0,0,0,0,0,0,0,0,0,0,0,0,0,0,0,0,0,0,0,0,0,0,0,0,0,0,0,0,0,0,0,0,0,0
2024,1,1,0.5117370892018779,0.45,0.4,0.4,0.6,0.3,184.8,177.4,6.0,7.2,1.324001727590404,1.341386152400181,5.699530516431925,5.679166666666666,0.5,1.0,0.6153846153846154,1544.0817077282138,1459.895569455666,84.18613827254785,0.06173708920187787,0.0,0.3,-0.0173844248097772,0.020363849765258735,-0.5,7.400000000000006,-1.2000000000000002,0,0,0,0,0,0,0,0,0,0,0,0,1,0,0,0,0,0,0,0,0,0,0,0,0,0,1,0,0,0,0,0,0,1,0,0,0,0,0,0,0,0,0,0,0,0,0,0,0,0,0,0,0,0,0,0,0,0,0,0,0,0,0,0,0,0,0,0,0,0,0,0
2024,0,0,0.5476190476190477,0.5546875,0.2,0.2,0.4,0.4,166.4,169.8,4.0,7.0,1.3918866459627328,1.3395147932837517,6.142857142857143,6.08203125,0.5,0.6144578313253012,0.8,1525.1464930155041,1495.5451946907833,29.6012983247208,-0.007068452380952328,0.0,0.0,0.052371852678981146,0.06082589285714324,-0.11445783132530118,-3.4000000000000057,-3.0,1,0,0,0,0,0,0,0,1,0,0,0,0,0,0,0,0,0,0,0,0,0,0,0,1,0,0,0,0,0,0,0,0,0,0,0,0,0,0,0,0,0,0,0,0,0,0,0,0,0,0,0,0,0,0,0,0,0,0,0,0,0,0,0,0,0,0,0,0,0,1,0
2024,0,0,0.48582995951417,0.5872340425531914,1.0,0.6,0.5,0.5,198.4,176.4,8.2,6.0,1.3498049414824447,1.348724992955762,5.890688259109312,6.212765957446808,0.49411764705882355,0.6,0.3225806451612903,1522.6619201330197,1557.095908116982,-34.4339879839622,-0.10140408303902143,0.4,0.0,0.0010799485266825837,-0.32207769833749644,-0.10588235294117643,22.0,2.1999999999999993,1,0,0,0,0,0,0,0,0,0,0,0,0,0,1,0,1,0,0,0,0,0,0,0,0,0,0,0,0,0,0,0,0,0,0,0,0,0,0,0,0,0,0,0,0,0,0,0,1,0,0,0,0,0,0,0,0,0,0,0,0,0,0,0,0,0,0,0,0,0,0,0
2024,1,1,0.45228215767634855,0.4885057471264368,0.6,0.4,0.4,0.6,178.0,169.2,7.6,4.8,1.3411116119413335,1.3320856128227276,5.6929460580912865,5.954022988505747,0.36363636363636365,0.6181818181818182,0.3181818181818182,1472.27230739248,1479.979618504277,-7.707311111797026,-0.036223589450088245,0.19999999999999996,-0.19999999999999996,0.00902599911860591,-0.26107693041446023,-0.2545454545454545,8.800000000000011,2.8,0,0,0,0,0,0,0,0,0,0,0,1,0,0,0,0,0,0,0,0,0,0,0,0,0,0,0,0,0,0,1,0,0,0,0,0,0,0,0,0,0,0,0,0,0,0,0,0,0,0,0,0,0,0,0,0,0,0,0,1,0,0,0,0,0,0,0,0,0,0,0,0
2024,1,1,0.49142857142857144,0.5224489795918368,0.6,0.8,0.7,0.7,178.0,195.8,4.4,7.8,1.3345896946564886,1.3304320687981137,5.948571428571428,5.7877551020408164,0.0,0.6666666666666666,0.36,1489.7578206397327,1557.10707696014,-67.34925632040722,-0.031020408163265345,-0.20000000000000007,0.0,0.004157625858374869,0.16081632653061195,-0.6666666666666666,-17.80000000000001,-3.3999999999999995,0,0,0,0,0,0,0,0,0,0,0,0,0,0,0,1,0,0,0,0,0,0,1,0,0,0,0,0,0,0,0,0,0,0,0,0,0,0,0,0,0,0,0,0,0,0,0,0,0,0,0,0,1,0,0,0,0,0,0,0,0,0,0,0,0,0,0,0,0,0,0,0
2024,0,0,0.4879032258064516,0.5093457943925234,1.0,0.2,0.6,0.5,200.8,177.0,8.0,5.2,1.3513918702511158,1.32336850332161,5.895161290322581,5.696261682242991,0.5,0.6666666666666666,0.5357142857142857,1533.6497776518345,1531.7049697914,1.9448078604345937,-0.021442568586071742,0.8,0.09999999999999998,0.0280233669295058,0.19889960807959017,-0.16666666666666663,23.80000000000001,2.8,0,0,0,0,0,0,0,0,0,0,0,0,0,0,1,0,0,0,0,0,0,0,0,0,0,0,0,1,0,0,0,0,0,0,0,0,0,0,0,0,0,0,0,0,0,0,0,0,0,0,0,0,1,0,0,0,0,0,0,0,0,0,0,0,0,0,0,0,0,0,0,0
2024,0,0,0.48863636363636365,0.5116279069767442,0.6,0.2,0.6,0.5,183.0,172.0,4.2,5.8,1.3342819199392904,1.324011046715158,5.926136363636363,5.706976744186046,0.1111111111111111,0.2222222222222222,0.5263157894736842,1481.6723672288108,1541.7609452766228,-60.08857804781201,-0.02299154334038056,0.39999999999999997,0.09999999999999998,0.010270873224132337,0.21915961945031714,-0.1111111111111111,11.0,-1.5999999999999996,1,0,0,0,0,0,0,0,0,0,0,0,0,0,0,1,0,0,0,0,0,0,0,0,0,0,0,1,0,0,0,0,0,0,0,0,0,0,0,0,0,0,0,0,0,0,0,0,0,1,0,0,0,0,0,0,0,0,0,0,0,0,0,0,0,0,0,0,0,0,0,0
2024,1,1,0.4915254237288136,0.524390243902439,0.6,1.0,0.6,0.7,177.8,176.4,4.2,9.4,1.334543397293857,1.332238434409792,5.932203389830509,5.804878048780488,0.2,0.2857142857142857,0.34615384615384615,1493.3848156283836,1565.1925303710618,-71.80771474267817,-0.032864820173625464,-0.4,-0.09999999999999998,0.0023049628840650094,0.12732534105002102,-0.08571428571428569,1.4000000000000057,-5.2,0,0,0,0,0,0,0,0,0,0,0,0,0,0,0,1,0,0,0,0,0,0,1,0,0,0,0,0,0,0,0,0,0,0,0,0,0,0,0,0,0,0,0,0,0,0,0,0,0,1,0,0,0,0,0,0,0,0,0,0,0,0,0,0,0,0,0,0,0,0,0,0
2025,0,0,0.5263157894736842,0.4859437751004016,1.0,0.8,0.8,0.6,167.8,194.0,9.6,8.6,1.3330918624305772,1.3516338095076517,5.821862348178137,5.895582329317269,0.5909090909090909,0.38461538461538464,0.5882352941176471,1573.1546724866605,1523.5938021666116,49.560870320048934,0.04037201437328258,0.19999999999999996,0.20000000000000007,-0.01854194707707446,-0.07371998113913136,0.2062937062937063,-26.19999999999999,1.0,0,0,0,0,0,0,0,1,0,0,0,0,0,0,0,0,0,0,0,0,0,0,0,0,0,0,0,0,0,1,0,0,0,0,0,0,0,0,0,0,0,1,0,0,0,0,0,0,0,0,0,0,0,0,0,0,0,0,0,0,0,0,0,0,0,0,0,0,0,0,0,0
2025,0,0,0.4887640449438202,0.5092592592592593,0.6,0.2,0.5,0.5,165.8,159.8,4.0,7.0,1.3325206301575394,1.323036426276468,5.910112359550562,5.722222222222222,0.625,0.375,0.55,1485.422673512785,1530.04849687705,-44.62582336426499,-0.020495214315439103,0.39999999999999997,0.0,0.009484203881071407,0.18789013732833926,0.25,6.0,-3.0,1,0,0,0,0,0,0,0,0,0,0,0,0,0,0,1,0,0,0,0,0,0,0,0,0,0,0,1,0,0,0,0,0,0,0,0,0,0,0,0,0,0,0,0,0,0,0,0,0,0,0,0,0,0,0,0,0,0,0,1,0,0,0,0,0,0,0,0,0,0,0,0
2025,0,0,0.5525291828793775,0.5847457627118644,0.2,0.4,0.3,0.5,159.6,172.2,7.4,5.0,1.3402652005174645,1.3494634967389016,6.081712062256809,6.2076271186440675,0.5333333333333333,0.7142857142857143,0.5405405405405406,1486.3951329894885,1546.1080505981672,-59.71291760867871,-0.032216579832486936,-0.2,-0.2,-0.009198296221437197,-0.12591505638725842,-0.18095238095238098,-12.599999999999994,2.4000000000000004,0,0,0,0,0,0,0,0,0,1,0,0,0,0,0,0,1,0,0,0,0,0,0,0,0,0,0,0,0,0,0,0,0,0,0,0,0,0,0,0,0,0,0,0,0,0,0,0,0,1,0,0,0,0,0,0,0,0,0,0,0,0,0,0,0,0,0,0,0,0,0,0
2025,0,0,0.5581395348837209,0.45528455284552843,0.4,0.6,0.4,0.6,170.0,195.8,4.6,7.6,1.398144642180992,1.318358769421573,6.1395348837209305,5.955284552845528,0.5,0.42857142857142855,0.6,1534.296554716799,1514.2371184582855,20.059436258513415,0.10285498203819249,-0.19999999999999996,-0.19999999999999996,0.07978587275941895,0.1842503308754022,0.07142857142857145,-25.80000000000001,-3.0,0,0,0,0,0,0,0,0,1,0,0,0,0,0,0,0,0,0,1,0,0,0,0,0,0,0,0,0,0,0,0,0,0,0,0,0,0,0,0,1,0,0,0,0,0,0,0,0,0,0,0,0,0,0,0,0,0,0,0,0,0,0,0,0,0,0,0,0,0,0,0,0
2025,0,0,0.45041322314049587,0.6222222222222222,0.4,0.4,0.3,0.4,168.4,188.8,7.6,5.8,1.3427121452737691,1.4119038951583545,5.694214876033058,6.622222222222222,0.5,0.5625,0.4,1462.494105257024,1547.0613865446373,-84.56728128761324,-0.17180899908172637,0.0,-0.10000000000000003,-0.06919174988458532,-0.9280073461891636,-0.0625,-20.400000000000006,1.7999999999999998,1,0,0,0,0,0,0,0,0,0,0,1,0,0,0,0,0,0,0,0,1,0,0,0,0,0,0,0,0,0,0,0,0,0,0,0,0,0,0,0,0,0,0,0,0,0,0,0,0,0,0,0,1,0,0,0,0,0,0,0,0,0,0,0,0,0,0,0,0,0,0,0
2025,0,0,0.5069124423963134,0.5241935483870968,0.2,0.8,0.4,0.7,168.0,168.8,6.6,8.2,1.3257838379169555,1.3333905815271527,5.723502304147465,5.810483870967742,0.3333333333333333,0.5,0.46153846153846156,1518.7710795412663,1561.7377933453008,-42.9667138040345,-0.017281105990783363,-0.6000000000000001,-0.29999999999999993,-0.0076067436101971975,-0.08698156682027669,-0.16666666666666669,-0.8000000000000114,-1.5999999999999996,0,0,0,0,0,0,0,0,0,0,0,0,1,0,0,0,0,0,0,0,0,0,1,0,0,0,0,0,0,0,0,0,0,1,0,0,0,0,0,0,0,0,0,0,0,0,0,0,0,0,0,0,0,0,0,0,0,0,0,0,0,0,0,0,0,0,0,0,0,0,0,0
2025,0,0,0.49162011173184356,0.5454545454545454,0.6,0.2,0.5,0.4,189.6,182.8,4.4,5.0,1.3375891151390895,1.404475679674496,5.910614525139665,6.204545454545454,0.631578947368421,0.5,0.25,1496.7000908485686,1523.7198383989737,-27.0197475504051,-0.05383443372270186,0.39999999999999997,0.09999999999999998,-0.06688656453540642,-0.29393092940578924,0.13157894736842102,6.799999999999983,-0.5999999999999996,0,0,0,0,0,0,0,0,0,0,0,0,0,0,0,1,0,0,0,0,0,0,0,1,0,0,0,0,0,0,0,0,0,0,0,0,0,0,0,0,0,0,0,0,0,0,0,0,0,0,0,0,0,0,0,0,0,0,0,1,0,0,0,0,0,0,0,0,0,0,0,0
2025,0,0,0.488,0.5864978902953587,0.8,0.6,0.7,0.5,199.0,171.4,8.2,6.2,1.3530943523841732,1.349420310099176,5.904,6.219409282700422,0.38461538461538464,0.7183098591549296,0.34375,1535.0106813079713,1554.406099443996,-19.395418136024773,-0.09849789029535871,0.20000000000000007,0.19999999999999996,0.0036740422849972365,-0.315409282700422,-0.333694474539545,27.599999999999994,1.9999999999999991,1,0,0,0,0,0,0,0,0,0,0,0,0,0,1,0,1,0,0,0,0,0,0,0,0,0,0,0,0,0,0,0,0,0,0,0,0,0,0,0,0,0,0,0,0,0,0,0,0,1,0,0,0,0,0,0,0,0,0,0,0,0,0,0,0,0,0,0,0,0,0,0
2025,0,0,0.6086956521739131,0.5503875968992248,0.2,0.2,0.3,0.2,206.0,161.8,4.8,7.4,1.42102454642476,1.3398614913834757,6.586956521739131,6.0813953488372094,0.5294117647058824,0.0,0.6,1534.6743008247001,1478.0970841436597,56.577216681040454,0.0583080552746883,0.0,0.09999999999999998,0.0811630550412843,0.5055611729019214,0.5294117647058824,44.19999999999999,-2.6000000000000005,1,0,0,0,0,1,0,0,0,0,0,0,0,0,0,0,0,0,0,0,0,0,0,0,1,0,0,0,0,0,0,0,0,0,0,0,0,0,0,0,0,0,0,0,0,0,0,0,0,0,0,0,1,0,0,0,0,0,0,0,0,0,0,0,0,0,0,0,0,0,0,0
2025,1,1,0.4888888888888889,0.4574898785425101,0.4,0.6,0.5,0.7,184.6,186.6,4.4,7.4,1.33852140077821,1.3201248799231509,5.905555555555556,5.963562753036437,0.5,0.5,0.5652173913043478,1487.4762176486258,1524.8138347761108,-37.33761712748492,0.031399010346378764,-0.19999999999999996,-0.19999999999999996,0.018396520855059162,-0.058007197480881345,0.0,-2.0,-3.0,0,0,0,0,0,0,0,0,0,0,0,0,0,0,0,1,0,0,1,0,0,0,0,0,0,0,0,0,0,0,0,0,0,0,0,0,0,0,0,1,0,0,0,0,0,0,0,0,0,0,0,0,0,0,0,0,0,0,0,0,0,0,0,0,0,0,0,0,0,0,0,0
2025,0,0,0.5045871559633027,0.5840336134453782,0.2,0.4,0.3,0.4,170.0,167.2,6.0,5.8,1.32527025990953,1.3487725154739552,5.706422018348624,6.222689075630252,0.25,0.5,0.4482758620689655,1510.0014947823147,1543.8484336138702,-33.84693883155546,-0.07944645748207546,-0.2,-0.10000000000000003,-0.02350225556442509,-0.5162670572816284,-0.25,2.8000000000000114,0.20000000000000018,1,0,0,0,0,0,0,0,0,0,0,0,1,0,0,0,1,0,0,0,0,0,0,0,0,0,0,0,0,0,0,0,0,1,0,0,0,0,0,0,0,0,0,0,0,0,0,0,0,0,0,0,0,0,0,0,0,0,0,0,0,0,0,0,0,0,0,0,0,0,0,0
2025,0,0,0.5261044176706827,0.5482625482625483,0.8,0.2,0.8,0.2,152.4,164.8,8.0,7.0,1.3336070903055812,1.3395354805594764,5.823293172690763,6.088803088803089,0.29411764705882354,0.6071428571428571,0.3235294117647059,1570.5073781042524,1469.7112644267804,100.79611367747202,-0.022158130591865555,0.6000000000000001,0.6000000000000001,-0.005928390253895133,-0.2655099161123262,-0.31302521008403356,-12.400000000000006,1.0,0,0,0,0,0,0,0,1,0,0,0,0,0,0,0,0,0,0,0,0,0,0,0,0,1,0,0,0,0,0,0,0,0,0,0,0,0,0,0,0,0,0,0,0,0,0,0,0,0,0,0,0,0,0,0,0,0,0,0,0,0,0,0,0,0,0,0,0,0,0,1,0
2025,0,0,0.5555555555555556,0.45267489711934156,0.4,0.4,0.5,0.4,194.0,184.4,5.6,7.2,1.4124795936876473,1.3452495531417572,6.266666666666667,5.691358024691358,0.5384615384615384,0.5,0.75,1532.9437115989165,1474.8811909769613,58.06252062195517,0.10288065843621402,0.0,0.09999999999999998,0.0672300405458901,0.5753086419753082,0.038461538461538436,9.599999999999994,-1.6000000000000005,0,0,0,0,0,0,0,0,1,0,0,0,0,0,0,0,0,0,0,0,0,0,0,0,0,0,1,0,0,0,0,0,0,0,1,0,0,0,0,0,0,0,0,0,0,0,0,0,0,0,0,0,0,0,0,0,0,0,0,0,0,0,0,0,0,0,0,0,0,0,0,0
2025,0,0,0.4900398406374502,0.6170212765957447,0.8,0.4,0.8,0.4,190.0,201.2,7.8,5.2,1.3538622129436326,1.4229833101529903,5.912350597609562,6.574468085106383,0.5,0.5,0.6,1545.5683471380971,1543.0601205415794,2.5082265965177157,-0.12698143595829448,0.4,0.4,-0.06912109720935766,-0.662117487496821,0.0,-11.199999999999989,2.5999999999999996,0,0,0,0,0,0,0,0,0,0,0,0,0,0,1,0,0,0,0,0,1,0,0,0,0,0,0,0,0,0,0,0,0,0,0,0,0,0,0,0,0,0,0,0,0,0,0,0,1,0,0,0,0,0,0,0,0,0,0,0,0,0,0,0,0,0,0,0,0,0,0,0
2025,0,0,0.524,0.4861878453038674,0.6,0.4,0.7,0.5,144.2,185.4,6.8,4.6,1.332924126172208,1.3386925876445386,5.808,5.889502762430939,0.5842696629213483,0.3,0.6666666666666666,1557.6849758225085,1478.5467625825781,79.13821323993034,0.03781215469613264,0.19999999999999996,0.19999999999999996,-0.005768461472330566,-0.08150276243093924,0.2842696629213483,-41.20000000000002,2.2,1,0,0,0,0,0,0,1,0,0,0,0,0,0,0,0,0,0,0,0,0,0,0,0,0,0,0,0,0,0,1,0,0,0,0,0,0,0,0,0,0,1,0,0,0,0,0,0,0,0,0,0,0,0,0,0,0,0,0,0,0,0,0,0,0,0,0,0,0,0,0,0
2025,0,0,0.5434782608695652,0.55,0.4,0.2,0.4,0.2,195.2,154.2,6.0,7.4,1.4117438353734255,1.339978241392551,6.173913043478261,6.1038461538461535,0.5,0.0,0.8333333333333334,1521.2879236947222,1482.5336667085244,38.75425698619779,-0.006521739130434856,0.2,0.2,0.07176559398087456,0.07006688963210728,0.5,41.0,-1.4000000000000004,1,0,0,0,0,0,0,0,1,0,0,0,0,0,0,0,0,0,0,0,0,0,0,0,1,0,0,0,0,0,0,0,0,0,1,0,0,0,0,0,0,0,0,0,0,0,0,0,0,0,0,0,0,0,0,0,0,0,0,0,0,0,0,0,0,0,0,0,0,0,0,0
2025,1,1,0.4596774193548387,0.5815899581589958,0.8,0.4,0.7,0.4,189.2,163.2,8.8,7.0,1.3213772823634,1.349122260309546,5.979838709677419,6.2343096234309625,0.3,0.7083333333333334,0.36666666666666664,1533.7432898421584,1532.877310617307,0.865979224851344,-0.12191253880415714,0.4,0.29999999999999993,-0.027744977946146054,-0.25447091375354347,-0.4083333333333334,26.0,1.8000000000000007,1,0,0,1,0,0,0,0,0,0,0,0,0,0,0,0,1,0,0,0,0,0,0,0,0,0,0,0,0,0,0,0,0,0,0,0,0,0,0,0,0,0,0,0,0,0,0,0,0,1,0,0,0,0,0,0,0,0,0,0,0,0,0,0,0,0,0,0,0,0,0,0
2025,0,0,0.5068493150684932,0.45491803278688525,0.4,0.6,0.3,0.5,177.6,192.0,6.2,6.8,1.3257925456834394,1.346658445517761,5.707762557077626,5.69672131147541,1.0,0.2,0.5925925925925926,1520.9726177788777,1486.5369788811556,34.43563889772213,0.05193128228160793,-0.19999999999999996,-0.2,-0.020865899834321633,0.011041245602215533,0.8,-14.400000000000006,-0.5999999999999996,1,0,0,0,0,0,0,0,0,0,0,0,1,0,0,0,0,0,0,0,0,0,0,0,0,0,1,0,0,0,0,0,0,0,0,0,0,0,0,0,0,0,0,0,0,0,0,0,0,0,1,0,0,0,0,0,0,0,0,0,0,0,0,0,0,0,0,0,0,0,0,0
2025,0,0,0.4835164835164835,0.625,0.2,0.6,0.4,0.5,174.4,195.2,4.4,6.6,1.3377498624610307,1.4257679180887373,5.8901098901098905,6.604166666666667,0.6206896551724138,0.5,0.25,1470.785951570969,1553.1323118520736,-82.34636028110458,-0.14148351648351648,-0.39999999999999997,-0.09999999999999998,-0.08801805562770659,-0.7140567765567765,0.12068965517241381,-20.799999999999983,-2.1999999999999993,0,0,0,0,0,0,0,0,0,0,0,0,0,0,0,1,0,0,0,0,1,0,0,0,0,0,0,0,0,0,0,0,0,0,0,0,0,0,0,0,0,0,0,0,0,0,0,0,0,0,0,0,0,0,0,0,0,0,0,1,0,0,0,0,0,0,0,0,0,0,0,0
2025,0,0,0.4880952380952381,0.5478927203065134,0.6,0.2,0.8,0.2,186.4,164.6,6.2,7.6,1.3539452063981758,1.340770015298317,5.896825396825397,6.111111111111111,0.4444444444444444,0.611764705882353,0.40625,1535.496155827603,1473.6445007064358,61.85165512116714,-0.05979748221127529,0.39999999999999997,0.6000000000000001,0.013175191099858763,-0.21428571428571352,-0.16732026143790857,21.80000000000001,-1.3999999999999995,1,0,0,0,0,0,0,0,0,0,0,0,0,0,1,0,0,0,0,0,0,0,0,0,1,0,0,0,0,0,0,0,0,0,0,0,0,0,0,0,0,0,0,0,0,0,0,0,0,0,0,0,0,0,0,0,0,0,0,0,0,0,0,0,0,0,0,0,0,0,1,0
2025,0,0,0.5531914893617021,0.5258964143426295,0.6,0.6,0.4,0.8,198.0,151.4,6.2,6.8,1.41561144839549,1.3341483292583538,6.148936170212766,5.824701195219124,0.3333333333333333,0.5888888888888889,0.6,1530.1770896968108,1565.4457868341176,-35.268697137306845,0.02729507501907269,0.0,-0.4,0.08146311913713622,0.32423497499364196,-0.2555555555555556,46.599999999999994,-0.5999999999999996,1,0,0,0,0,0,0,0,1,0,0,0,0,0,0,0,0,0,0,0,0,0,1,0,0,0,0,0,0,0,0,0,0,0,0,0,0,0,0,0,0,1,0,0,0,0,0,0,0,0,0,0,0,0,0,0,0,0,0,0,0,0,0,0,0,0,0,0,0,0,0,0
2025,1,1,0.4530612244897959,0.5791666666666667,0.6,0.2,0.5,0.4,186.8,165.8,6.2,7.2,1.346065959551175,1.3486159467751389,5.689795918367347,6.233333333333333,0.16666666666666666,0.5,0.4482758620689655,1477.5248834533643,1522.9022354513668,-45.377351998002496,-0.1261054421768708,0.39999999999999997,0.09999999999999998,-0.0025499872239638233,-0.5435374149659866,-0.33333333333333337,21.0,-1.0,1,0,0,0,0,0,0,0,0,0,0,1,0,0,0,0,1,0,0,0,0,0,0,0,0,0,0,0,0,0,0,0,0,0,0,0,0,0,0,0,0,0,0,0,0,0,0,0,0,0,1,0,0,0,0,0,0,0,0,0,0,0,0,0,0,0,0,0,0,0,0,0
2025,0,0,0.6326530612244898,0.509090909090909,0.8,0.4,0.5,0.3,196.4,183.8,7.0,6.4,1.4267985913130974,1.3272837724960134,6.63265306122449,5.722727272727273,0.5555555555555556,0.75,0.8333333333333334,1560.8055982163517,1529.984713206669,30.82088500968257,0.1235621521335808,0.4,0.2,0.09951481881708402,0.9099257884972172,-0.19444444444444442,12.599999999999994,0.5999999999999996,1,0,0,0,0,1,0,0,0,0,0,0,0,0,0,0,0,0,0,0,0,0,0,0,0,0,0,1,0,0,0,0,0,0,0,0,0,0,0,0,0,0,0,0,0,0,0,0,0,0,0,0,1,0,0,0,0,0,0,0,0,0,0,0,0,0,0,0,0,0,0,0
2025,0,0,0.4901185770750988,0.46184738955823296,0.6,0.8,0.8,0.7,187.0,181.6,6.6,8.2,1.355583010551623,1.3220742960264225,5.909090909090909,5.975903614457831,0.4942528735632184,0.4,0.6206896551724138,1543.7344932792637,1543.7183650080988,0.01612827116491644,0.02827118751686586,-0.20000000000000007,0.10000000000000009,0.033508714525200434,-0.06681270536692185,0.09425287356321838,5.400000000000006,-1.5999999999999996,0,0,0,0,0,0,0,0,0,0,0,0,0,0,1,0,0,0,1,0,0,0,0,0,0,0,0,0,0,0,0,0,0,0,0,0,0,0,0,0,0,0,0,0,0,0,0,0,1,0,0,0,0,0,0,0,0,0,0,0,0,0,0,0,0,0,0,0,0,0,0,0
2025,0,0,0.5767634854771784,0.5238095238095238,0.2,0.4,0.3,0.7,167.8,175.4,7.4,5.4,1.3495435513762097,1.3359248242293131,6.232365145228216,5.813492063492063,0.6986301369863014,0.3333333333333333,0.6551724137931034,1511.6035462628513,1554.4341445948571,-42.83059833200582,0.05295396166765454,-0.2,-0.39999999999999997,0.013618727146896603,0.41887308173615256,0.36529680365296807,-7.599999999999994,2.0,0,1,0,0,0,0,0,0,0,0,0,0,0,0,0,0,0,0,0,0,0,0,1,0,0,0,0,0,0,0,0,0,0,0,0,0,0,0,0,0,0,0,0,0,0,0,0,0,0,1,0,0,0,0,0,0,0,0,0,0,0,0,0,0,0,0,0,0,0,0,0,0
2025,0,0,0.64,0.5625,0.8,0.6,0.6,0.5,193.6,202.8,7.4,6.4,1.4307969826172515,1.4252502969624978,6.7,6.166666666666667,0.5,0.5333333333333333,0.8,1569.9208215072015,1541.1887319360712,28.732089571130246,0.07750000000000001,0.20000000000000007,0.09999999999999998,0.005546685654753691,0.5333333333333332,-0.033333333333333326,-9.200000000000017,1.0,0,0,0,0,0,1,0,0,0,0,0,0,0,0,0,0,0,0,0,0,0,0,0,1,0,0,0,0,0,0,0,0,0,0,1,0,0,0,0,0,0,0,0,0,0,0,0,0,0,0,0,0,0,0,0,0,0,0,0,0,0,0,0,0,0,0,0,0,0,0,0,0
2025,1,1,0.45528455284552843,0.4808743169398907,0.6,0.2,0.6,0.4,201.6,182.2,5.4,4.6,1.347834946510443,1.337238989696362,5.686991869918699,5.8743169398907105,0.3333333333333333,0.6101694915254238,0.30434782608695654,1488.8235726418798,1463.112665206691,25.7109074351888,-0.025589764094362255,0.39999999999999997,0.19999999999999996,0.010595956814081209,-0.1873250699720117,-0.27683615819209045,19.400000000000006,0.8000000000000007,0,0,0,0,0,0,0,0,0,0,0,1,0,0,0,0,0,0,0,0,0,0,0,0,0,0,0,0,0,0,1,0,0,0,0,0,0,0,0,0,0,0,0,0,0,0,0,0,0,0,0,0,0,0,0,0,0,0,0,1,0,0,0,0,0,0,0,0,0,0,0,0
2025,0,0,0.5067873303167421,0.4881889763779528,0.4,0.6,0.3,0.7,187.8,185.2,5.8,6.2,1.3270226353776973,1.3553235352796436,5.723981900452489,5.9015748031496065,0.6491228070175439,0.4444444444444444,0.4827586206896552,1520.8694899158193,1533.7340290703046,-12.864539154485328,0.01859835393878928,-0.19999999999999996,-0.39999999999999997,-0.028300899901946286,-0.1775929026971177,0.20467836257309946,2.6000000000000227,-0.40000000000000036,0,0,0,0,0,0,0,0,0,0,0,0,1,0,0,0,0,0,0,0,0,0,0,0,0,0,0,0,0,1,0,0,0,0,0,0,0,0,0,0,0,0,0,0,0,0,0,0,0,0,0,0,0,0,0,0,0,0,0,0,0,0,1,0,0,0,0,0,0,0,0,0
2025,0,0,0.5458015267175572,0.464,0.2,1.0,0.2,0.8,167.2,187.4,7.4,7.8,1.3420417751253888,1.3228739102411886,6.106870229007634,5.98,0.6666666666666666,0.52,0.5428571428571428,1465.406163254775,1553.7188292170579,-88.31266596228284,0.0818015267175572,-0.8,-0.6000000000000001,0.019167864884200192,0.12687022900763356,0.1466666666666666,-20.200000000000017,-0.39999999999999947,1,0,0,0,0,0,0,0,0,1,0,0,0,0,0,0,0,0,1,0,0,0,0,0,0,0,0,0,0,0,0,1,0,0,0,0,0,0,0,0,0,0,0,0,0,0,0,0,0,0,0,0,0,0,0,0,0,0,0,0,0,0,0,0,0,0,0,0,0,0,0,0
2025,0,0,0.5714285714285714,0.5743801652892562,0.8,0.0,0.5,0.3,198.2,156.8,5.8,6.0,1.4277398968900714,1.3473446791060077,6.163265306122449,6.214876033057851,0.5625,0.0,0.75,1552.013827892886,1502.8301029110712,49.18372498181475,-0.002951593860684776,0.8,0.2,0.08039521778406367,-0.05161072693540181,0.5625,41.39999999999998,-0.20000000000000018,0,0,0,0,0,0,0,0,1,0,0,0,0,0,0,0,1,0,0,0,0,0,0,0,0,0,0,0,0,0,0,0,0,0,1,0,0,0,0,0,0,0,0,0,0,0,0,0,0,0,0,0,0,0,0,0,0,0,0,0,0,0,0,0,0,0,0,0,0,0,0,0
2025,1,1,0.4534412955465587,0.525691699604743,0.6,0.6,0.5,0.7,207.8,162.0,4.6,6.6,1.350285733608359,1.3366049445175217,5.672064777327935,5.826086956521739,0.2857142857142857,0.5,0.36363636363636365,1478.0849011399323,1563.2075879466372,-85.1226868067049,-0.07225040405818434,0.0,-0.19999999999999996,0.013680789090837253,-0.15402217919380412,-0.2142857142857143,45.80000000000001,-2.0,1,0,0,0,0,0,0,0,0,0,0,1,0,0,0,0,0,0,0,0,0,0,1,0,0,0,0,0,0,0,0,0,0,0,0,0,0,0,0,0,0,0,0,0,0,0,0,0,0,0,1,0,0,0,0,0,0,0,0,0,0,0,0,0,0,0,0,0,0,0,0,0
2025,0,0,0.483695652173913,0.5475285171102662,0.2,0.4,0.4,0.3,174.4,177.2,4.6,8.2,1.3411626008887276,1.3432618731423511,5.875,6.1216730038022815,0.16666666666666666,0.6046511627906976,0.45454545454545453,1473.8513367086384,1477.894642284549,-4.043305575910608,-0.06383286493635315,-0.2,0.10000000000000003,-0.0020992722536234965,-0.24667300380228152,-0.437984496124031,-2.799999999999983,-3.5999999999999996,0,0,0,0,0,0,0,0,0,0,0,0,0,0,0,1,0,0,0,0,0,0,0,0,1,0,0,0,0,0,0,0,0,0,0,0,0,0,0,0,0,0,0,0,0,0,0,0,0,0,0,0,0,0,0,0,0,0,0,0,0,0,0,0,0,0,0,0,0,0,1,0
2025,0,0,0.49019607843137253,0.45564516129032256,0.6,0.6,0.7,0.5,184.8,181.4,5.4,5.6,1.35613715421567,1.3496578920759041,5.894117647058824,5.689516129032258,0.48863636363636365,0.38461538461538464,0.48484848484848486,1543.363926991371,1490.4870560499905,52.8768709413805,0.034550917141049964,0.0,0.19999999999999996,0.006479262139765796,0.2046015180265659,0.10402097902097901,3.4000000000000057,-0.1999999999999993,0,0,0,0,0,0,0,0,0,0,0,0,0,0,1,0,0,0,0,0,0,0,0,0,0,0,1,0,0,0,0,0,0,0,0,0,0,0,0,0,0,0,0,0,0,0,0,0,1,0,0,0,0,0,0,0,0,0,0,0,0,0,0,0,0,0,0,0,0,0,0,0
2025,0,0,0.46215139442231074,0.6274509803921569,0.8,0.8,0.7,0.5,184.4,183.2,7.0,7.2,1.3240759510777755,1.430062630480167,5.9760956175298805,6.647058823529412,0.8,0.5789473684210527,0.6,1541.2303501872839,1559.0957255503868,-17.865375363102885,-0.16529958596984612,0.0,0.19999999999999996,-0.10598667940239137,-0.6709632059995316,0.2210526315789474,1.200000000000017,-0.20000000000000018,0,0,0,1,0,0,0,0,0,0,0,0,0,0,0,0,0,0,0,0,1,0,0,0,0,0,0,0,0,0,0,0,0,0,0,0,0,0,0,0,0,0,0,0,0,0,0,0,0,0,0,0,1,0,0,0,0,0,0,0,0,0,0,0,0,0,0,0,0,0,0,0
2025,1,1,0.56,0.5045045045045045,0.6,0.4,0.5,0.3,192.8,174.0,5.0,4.8,1.4250122129946263,1.3274402858754937,6.14,5.702702702702703,0.5,0.6379310344827587,0.2,1540.6075875775716,1511.2395919947528,29.36799558281882,0.055495495495495595,0.19999999999999996,0.2,0.09757192711913265,0.43729729729729705,-0.13793103448275867,18.80000000000001,0.20000000000000018,1,0,0,0,0,0,0,0,1,0,0,0,0,0,0,0,0,0,0,0,0,0,0,0,0,0,0,1,0,0,0,0,0,0,0,0,0,0,0,0,0,0,0,0,0,0,0,0,0,0,0,0,0,0,0,0,0,0,0,0,0,0,1,0,0,0,0,0,0,0,0,0
2025,0,0,0.4578313253012048,0.48828125,0.6,0.4,0.6,0.6,165.6,164.6,6.0,4.8,1.3495494889725659,1.3554674595308887,5.7028112449799195,5.890625,0.375,0.5,0.5294117647058824,1501.997332178738,1531.8536508626237,-29.856318683885775,-0.030449924698795205,0.19999999999999996,0.0,-0.0059179705583227715,-0.18781375502008046,-0.125,1.0,1.2000000000000002,0,0,0,0,0,0,0,0,0,0,0,1,0,0,0,0,0,0,0,0,0,0,0,0,0,0,0,0,0,1,0,0,0,0,0,0,0,0,0,0,0,0,0,0,0,0,0,0,0,0,1,0,0,0,0,0,0,0,0,0,0,0,0,0,0,0,0,0,0,0,0,0
2025,0,0,0.5761316872427984,0.5492424242424242,0.2,0.6,0.3,0.4,161.2,178.4,6.0,7.6,1.347284605961617,1.3437096316834178,6.2181069958847734,6.117424242424242,0.52,0.6091954022988506,0.47368421052631576,1514.2363432263855,1487.778271848649,26.458071377736587,0.026889263000374197,-0.39999999999999997,-0.10000000000000003,0.0035749742781991944,0.10068275346053124,-0.08919540229885059,-17.200000000000017,-1.5999999999999996,0,1,0,0,0,0,0,0,0,0,0,0,0,0,0,0,0,0,0,0,0,0,0,0,1,0,0,0,0,0,0,0,0,0,0,0,0,0,0,0,0,0,0,0,0,0,0,0,0,0,0,0,0,0,0,0,0,0,0,0,0,0,0,0,0,0,0,0,0,0,1,0
2025,0,0,0.6346153846153846,0.5236220472440944,0.8,0.4,0.6,0.6,184.8,150.4,7.6,6.8,1.434940138626339,1.335664570794526,6.673076923076923,5.84251968503937,1.0,0.5824175824175825,0.6666666666666666,1568.581971436668,1550.805433036579,17.776538400089066,0.11099333737129013,0.4,0.0,0.0992755678318129,0.830557238037553,0.41758241758241754,34.400000000000006,0.7999999999999998,1,0,0,0,0,1,0,0,0,0,0,0,0,0,0,0,0,0,0,0,0,0,1,0,0,0,0,0,0,0,0,0,0,0,0,0,0,0,0,0,0,1,0,0,0,0,0,0,0,0,0,0,0,0,0,0,0,0,0,0,0,0,0,0,0,0,0,0,0,0,0,0
2025,0,0,0.5686274509803921,0.4603174603174603,0.8,0.6,0.6,0.6,194.6,182.8,5.6,6.0,1.4253112033195021,1.3251589464123523,6.117647058823529,5.964285714285714,0.5294117647058824,0.5,0.5,1549.764316142281,1531.7441043010026,18.020211841278297,0.10830999066293184,0.20000000000000007,0.0,0.1001522569071498,0.15336134453781458,0.02941176470588236,11.799999999999983,-0.40000000000000036,0,0,0,0,0,0,0,0,1,0,0,0,0,0,0,0,0,0,1,0,0,0,0,0,0,0,0,0,0,0,0,0,0,0,1,0,0,0,0,0,0,0,0,0,0,0,0,0,0,0,0,0,0,0,0,0,0,0,0,0,0,0,0,0,0,0,0,0,0,0,0,0
2025,0,0,0.4810810810810811,0.5509433962264151,0.2,0.6,0.3,0.4,168.8,189.6,4.8,6.6,1.3406662759770995,1.3449640400741183,5.875675675675676,6.113207547169812,0.6166666666666667,0.6153846153846154,0.43478260869565216,1463.9677071445385,1498.5383276881191,-34.57062054358062,-0.06986231514533398,-0.39999999999999997,-0.10000000000000003,-0.004297764097018764,-0.23753187149413613,0.0012820512820512775,-20.799999999999983,-1.7999999999999998,0,0,0,0,0,0,0,0,0,0,0,0,0,0,0,1,0,0,0,0,0,0,0,0,1,0,0,0,0,0,0,0,0,0,0,0,0,0,0,0,0,0,0,0,0,0,0,0,0,0,0,0,0,0,0,0,0,0,0,1,0,0,0,0,0,0,0,0,0,0,0,0
2025,0,0,0.490272373540856,0.5022421524663677,0.6,0.4,0.6,0.3,162.6,179.4,5.6,5.4,1.3556147972617167,1.3280910656781248,5.891050583657588,5.699551569506727,0.48314606741573035,0.5714285714285714,0.5333333333333333,1540.9964259681917,1502.0828634300435,38.9135625381482,-0.01196977892551171,0.19999999999999996,0.3,0.027523731583591893,0.19149901415086124,-0.08828250401284105,-16.80000000000001,0.1999999999999993,1,0,0,0,0,0,0,0,0,0,0,0,0,0,1,0,0,0,0,0,0,0,0,0,0,0,0,1,0,0,0,0,0,0,0,0,0,0,0,0,0,0,0,0,0,0,0,0,1,0,0,0,0,0,0,0,0,0,0,0,0,0,0,0,0,0,0,0,0,0,0,0
2025,0,0,0.5737704918032787,0.478494623655914,0.2,0.2,0.3,0.3,161.2,164.8,4.4,4.8,1.3474961035440807,1.3396843898502646,6.19672131147541,5.860215053763441,0.6891891891891891,0.18181818181818182,0.7142857142857143,1503.4762873869154,1454.9594587362817,48.51682865063367,0.09527586814736466,0.0,0.0,0.007811713693816058,0.33650625771196907,0.5073710073710074,-3.6000000000000227,-0.39999999999999947,0,1,0,0,0,0,0,0,0,0,0,0,0,0,0,0,0,0,0,0,0,0,0,0,0,0,0,0,0,0,1,0,0,0,0,0,0,0,0,0,0,0,0,0,0,0,0,0,0,1,0,0,0,0,0,0,0,0,0,0,0,0,0,0,0,0,0,0,0,0,0,0
2025,0,0,0.5526315789473685,0.5576923076923077,0.8,0.6,0.5,0.6,180.6,185.8,6.6,5.0,1.3455348196392785,1.4232033818694223,6.120300751879699,6.038461538461538,0.6136363636363636,0.6,0.14285714285714285,1507.546576096376,1539.2461173413099,-31.699541244933926,-0.005060728744939236,0.20000000000000007,-0.09999999999999998,-0.07766856223014384,0.08183921341816092,0.013636363636363669,-5.200000000000017,1.5999999999999996,1,0,0,0,0,0,0,0,0,1,0,0,0,0,0,0,0,0,0,0,0,0,0,1,0,0,0,0,0,0,0,0,0,0,0,0,0,0,0,0,0,0,0,0,0,0,0,0,0,0,0,0,0,0,0,0,0,0,0,0,0,0,0,0,0,0,0,0,0,0,1,0
2025,0,0,0.4624505928853755,0.49224806201550386,0.6,0.6,0.7,0.6,181.8,159.4,5.2,5.6,1.3256694707912995,1.3565576456708397,5.9644268774703555,5.903100775193798,0.5,0.3333333333333333,0.4,1542.2623031019737,1549.8810635978375,-7.618760495863853,-0.029797469130128373,0.0,0.09999999999999998,-0.03088817487954021,0.061326102276557215,0.16666666666666669,22.400000000000006,-0.39999999999999947,0,0,0,1,0,0,0,0,0,0,0,0,0,0,0,0,0,0,0,0,0,0,0,0,0,0,0,0,0,1,0,1,0,0,0,0,0,0,0,0,0,0,0,0,0,0,0,0,0,0,0,0,0,0,0,0,0,0,0,0,0,0,0,0,0,0,0,0,0,0,0,0
2025,0,0,0.6415094339622641,0.5,0.8,0.2,0.7,0.3,190.4,181.8,7.6,5.2,1.4380407911001236,1.3292332923329233,6.69811320754717,5.696428571428571,1.0,0.6271186440677966,0.8571428571428571,1578.0707675408746,1493.1982258003977,84.87254174047689,0.14150943396226412,0.6000000000000001,0.39999999999999997,0.1088074987672003,1.0016846361185987,0.3728813559322034,8.599999999999994,2.3999999999999995,0,0,0,0,0,1,0,0,0,0,0,0,0,0,0,0,0,0,0,0,0,0,0,0,0,0,0,1,0,0,0,0,0,0,0,0,0,0,0,0,0,0,0,0,0,0,0,0,0,0,0,0,0,0,0,0,0,0,0,0,0,0,1,0,0,0,0,0,0,0,0,0
2025,0,0,0.5215686274509804,0.46062992125984253,0.4,0.4,0.5,0.6,159.0,177.6,7.0,5.0,1.3353981115649902,1.3256341789052069,5.8313725490196076,5.956692913385827,0.0,0.48148148148148145,0.5625,1541.3166369323724,1532.4815535143805,8.835083417991882,0.06093870619113789,0.0,-0.09999999999999998,0.00976393265978337,-0.1253203643662193,-0.48148148148148145,-18.599999999999994,2.0,1,0,0,0,0,0,0,1,0,0,0,0,0,0,0,0,0,0,1,0,0,0,0,0,0,0,0,0,0,0,0,1,0,0,0,0,0,0,0,0,0,0,0,0,0,0,0,0,0,0,0,0,0,0,0,0,0,0,0,0,0,0,0,0,0,0,0,0,0,0,0,0
2025,0,0,0.5714285714285714,0.456,0.2,0.6,0.2,0.6,160.4,166.0,4.2,5.8,1.3470999088976616,1.3492483342819834,6.191836734693878,5.692,0.68,0.4444444444444444,0.5333333333333333,1492.0888673681225,1492.8545570731699,-0.7656897050474072,0.11542857142857138,-0.39999999999999997,-0.39999999999999997,-0.002148425384321806,0.49983673469387746,0.23555555555555563,-5.599999999999994,-1.5999999999999996,0,1,0,0,0,0,0,0,0,0,0,0,0,0,0,0,0,0,0,0,0,0,0,0,0,0,1,0,0,0,0,0,0,0,0,0,0,0,0,0,0,0,0,0,0,0,0,0,0,1,0,0,0,0,0,0,0,0,0,0,0,0,0,0,0,0,0,0,0,0,0,0
2025,0,0,0.5543071161048689,0.5022222222222222,1.0,0.2,0.6,0.3,181.8,183.2,7.6,4.2,1.3469947911793145,1.3322192513368984,6.134831460674158,5.688888888888889,0.25,0.6333333333333333,0.5172413793103449,1518.4564389224133,1505.5935952351904,12.862843687222949,0.0520848938826467,0.8,0.3,0.014775539842416086,0.4459425717852685,-0.3833333333333333,-1.3999999999999773,3.3999999999999995,1,0,0,0,0,0,0,0,0,1,0,0,0,0,0,0,0,0,0,0,0,0,0,0,0,0,0,1,0,0,0,0,0,0,0,0,0,0,0,0,0,0,0,0,0,0,0,0,0,0,0,0,0,0,0,0,0,0,0,0,0,0,1,0,0,0,0,0,0,0,0,0
2025,0,0,0.6296296296296297,0.48128342245989303,0.6,0.4,0.7,0.3,201.6,171.8,6.4,5.6,1.4418181818181819,1.339367726401213,6.611111111111111,5.882352941176471,0.6,0.0,0.8,1565.675398106082,1466.3468787550746,99.32851935100734,0.14834620716973662,0.19999999999999996,0.39999999999999997,0.10245045541696896,0.7287581699346397,0.6,29.799999999999983,0.8000000000000007,1,0,0,0,0,1,0,0,0,0,0,0,0,0,0,0,0,0,0,0,0,0,0,0,0,0,0,0,0,0,1,0,0,0,0,0,0,0,0,0,0,0,0,0,0,0,0,0,0,0,0,0,1,0,0,0,0,0,0,0,0,0,0,0,0,0,0,0,0,0,0,0
2025,0,0,0.4942084942084942,0.5691056910569106,0.8,0.2,0.7,0.2,159.8,158.2,6.4,4.2,1.3568513500277515,1.3476902402150177,5.911196911196911,6.191056910569106,0.4888888888888889,0.5454545454545454,0.36363636363636365,1559.6618131854307,1482.1109056537023,77.5509075317284,-0.07489719684841634,0.6000000000000001,0.49999999999999994,0.00916110981273377,-0.27985999937219486,-0.05656565656565654,1.6000000000000227,2.2,1,0,0,0,0,0,0,0,0,0,0,0,0,0,1,0,1,0,0,0,0,0,0,0,0,0,0,0,0,0,0,0,0,0,0,0,0,0,0,0,0,0,0,0,0,0,0,0,1,0,0,0,0,0,0,0,0,0,0,0,0,0,0,0,0,0,0,0,0,0,0,0
2025,1,1,0.5234375,0.5,0.4,0.2,0.5,0.3,159.8,174.8,6.8,3.4,1.3363224214947662,1.3316190617137782,5.84375,5.672566371681416,0.5760869565217391,0.3333333333333333,0.5555555555555556,1551.0623975895628,1495.963648581488,55.09874900807472,0.0234375,0.2,0.2,0.0047033597809880145,0.1711836283185839,0.24275362318840582,-15.0,3.4,1,0,0,0,0,0,0,1,0,0,0,0,0,0,0,0,0,0,0,0,0,0,0,0,0,0,0,1,0,0,0,0,0,0,0,0,0,0,0,0,0,1,0,0,0,0,0,0,0,0,0,0,0,0,0,0,0,0,0,0,0,0,0,0,0,0,0,0,0,0,0,0
2025,0,0,0.4581673306772908,0.5471698113207547,0.6,0.4,0.6,0.5,161.0,170.4,6.8,5.0,1.3502734427104175,1.4203899892522647,5.709163346613546,6.056603773584905,0.38461538461538464,0.5,0.4,1502.83251878759,1528.3362545152725,-25.503735727682397,-0.08900248064346389,0.19999999999999996,0.09999999999999998,-0.07011654654184718,-0.34744042697135935,-0.11538461538461536,-9.400000000000006,1.7999999999999998,1,0,0,0,0,0,0,0,0,0,0,1,0,0,0,0,0,0,0,0,0,0,0,1,0,0,0,0,0,0,0,0,0,0,0,0,0,0,0,0,0,0,0,0,1,0,0,0,0,0,0,0,0,0,0,0,0,0,0,0,0,0,0,0,0,0,0,0,0,0,0,0
2025,0,0,0.5559701492537313,0.6363636363636364,1.0,0.6,0.7,0.7,184.2,203.0,7.6,5.6,1.3484636654549973,1.4487579949427338,6.149253731343284,6.6,0.6179775280898876,0.6,0.3333333333333333,1528.0863855761156,1572.8919178763122,-44.805532300196546,-0.08039348710990502,0.4,0.0,-0.10029432948773653,-0.4507462686567161,0.017977528089887618,-18.80000000000001,2.0,0,0,0,0,0,0,0,0,0,1,0,0,0,0,0,0,0,0,0,0,1,0,0,0,0,0,0,0,0,0,0,0,0,0,0,0,0,0,0,0,0,0,0,0,0,0,0,0,0,0,0,0,0,0,0,0,0,0,0,0,0,0,0,0,0,0,0,0,0,0,1,0
2025,1,1,0.5252918287937743,0.5668016194331984,0.6,0.2,0.5,0.1,154.2,179.8,7.8,4.8,1.337526970954357,1.349293983805126,5.852140077821011,6.186234817813765,0.5806451612903226,0.5,0.36666666666666664,1559.4896904937157,1474.3066548722218,85.1830356214939,-0.04150979063942406,0.39999999999999997,0.4,-0.011767012850769198,-0.33409473999275363,0.08064516129032262,-25.600000000000023,3.0,0,0,0,0,0,0,0,1,0,0,0,0,0,0,0,0,1,0,0,0,0,0,0,0,0,0,0,0,0,0,0,0,0,0,0,0,0,0,0,0,0,1,0,0,0,0,0,0,0,0,0,0,0,0,0,0,0,0,0,0,0,0,0,0,0,0,0,0,0,0,0,0
2025,1,1,0.4603174603174603,0.4977973568281938,0.8,0.2,0.7,0.3,159.2,181.2,7.8,4.0,1.3525055623816955,1.3330387065885905,5.714285714285714,5.665198237885463,0.16666666666666666,0.6229508196721312,0.39285714285714285,1513.565259683554,1487.5363556773352,26.02890400621868,-0.037479896510733524,0.6000000000000001,0.39999999999999997,0.01946685579310503,0.049087476400251795,-0.45628415300546454,-22.0,3.8,1,0,0,0,0,0,0,0,0,0,0,1,0,0,0,0,0,0,0,0,0,0,0,0,0,0,0,1,0,0,0,0,0,0,0,0,0,0,0,0,0,0,0,0,0,0,0,0,0,0,0,0,0,0,0,0,0,0,0,0,0,0,1,0,0,0,0,0,0,0,0,0
2025,0,0,0.4588235294117647,0.6428571428571429,0.2,0.8,0.6,0.8,181.8,196.4,5.4,6.4,1.3264417483795912,1.4442009932807478,5.968627450980392,6.625,0.4642857142857143,0.5,0.5,1522.73579285719,1581.609412841786,-58.87361998459596,-0.18403361344537822,-0.6000000000000001,-0.20000000000000007,-0.11775924490115663,-0.6563725490196077,-0.0357142857142857,-14.599999999999994,-1.0,0,0,0,1,0,0,0,0,0,0,0,0,0,0,0,0,0,0,0,0,1,0,0,0,0,0,0,0,0,0,0,1,0,0,0,0,0,0,0,0,0,0,0,0,0,0,0,0,0,0,0,0,0,0,0,0,0,0,0,0,0,0,0,0,0,0,0,0,0,0,0,0
2025,0,0,0.5370370370370371,0.4787234042553192,0.2,0.4,0.5,0.3,173.0,178.6,4.8,6.2,1.4229784670983285,1.3400727143743905,6.037037037037037,5.882978723404255,0.5,0.0,0.8,1517.6035136193086,1459.1303589848444,58.47315463446421,0.05831363278171792,-0.2,0.2,0.08290575272393808,0.154058313632782,0.5,-5.599999999999994,-1.4000000000000004,0,0,0,0,0,0,0,0,1,0,0,0,0,0,0,0,0,0,0,0,0,0,0,0,0,0,0,0,0,0,1,0,0,0,1,0,0,0,0,0,0,0,0,0,0,0,0,0,0,0,0,0,0,0,0,0,0,0,0,0,0,0,0,0,0,0,0,0,0,0,0,0
2025,0,0,0.5685483870967742,0.4956140350877193,0.2,0.2,0.2,0.3,182.8,187.4,4.6,4.0,1.3499066915489202,1.3346898372195337,6.185483870967742,5.662280701754386,0.6,0.2,0.5333333333333333,1486.7104464627807,1478.2841292981507,8.426317164630063,0.07293435200905496,0.0,-0.09999999999999998,0.015216854329386464,0.5232031692133559,0.39999999999999997,-4.599999999999994,0.5999999999999996,0,1,0,0,0,0,0,0,0,0,0,0,0,0,0,0,0,0,0,0,0,0,0,0,0,0,0,1,0,0,0,1,0,0,0,0,0,0,0,0,0,0,0,0,0,0,0,0,0,0,0,0,0,0,0,0,0,0,0,0,0,0,0,0,0,0,0,0,0,0,0,0
2025,0,0,0.5539033457249071,0.45703125,0.8,0.2,0.7,0.5,182.0,183.0,8.0,4.4,1.348210969419339,1.327584494687014,6.152416356877324,5.9453125,0.6111111111111112,0.3333333333333333,0.5555555555555556,1519.3688906106418,1514.4142772200964,4.954613390545319,0.09687209572490707,0.6000000000000001,0.19999999999999996,0.02062647473232504,0.2071038568773238,0.27777777777777785,-1.0,3.5999999999999996,1,0,0,0,0,0,0,0,0,1,0,0,0,0,0,0,0,0,1,0,0,0,0,0,0,0,0,0,0,0,0,0,0,0,0,0,0,0,0,0,0,0,0,0,0,0,0,0,0,0,0,0,0,0,0,0,0,0,0,0,0,0,0,0,0,0,0,0,0,0,1,0
2025,0,0,0.5272727272727272,0.6491228070175439,0.2,0.8,0.4,0.8,180.8,196.6,4.8,5.4,1.4257235676314235,1.4493752692804827,6.0181818181818185,6.56140350877193,0.0,0.6190476190476191,0.3333333333333333,1505.9362330062015,1589.9309284788797,-83.99469547267813,-0.12185007974481665,-0.6000000000000001,-0.4,-0.023651701649059165,-0.5432216905901113,-0.6190476190476191,-15.799999999999983,-0.6000000000000005,1,0,0,0,0,0,0,0,1,0,0,0,0,0,0,0,0,0,0,0,1,0,0,0,0,0,0,0,0,0,0,0,0,0,0,0,0,0,0,0,0,0,0,0,0,0,0,0,0,0,0,0,1,0,0,0,0,0,0,0,0,0,0,0,0,0,0,0,0,0,0,0
2025,0,0,0.48148148148148145,0.49615384615384617,0.4,0.8,0.3,0.7,170.4,167.4,6.4,6.6,1.3421249944868345,1.3582623398582299,5.888888888888889,5.907692307692308,0.5,1.0,0.5217391304347826,1470.7976395979515,1567.4660639669112,-96.66842436895968,-0.014672364672364713,-0.4,-0.39999999999999997,-0.01613734537139533,-0.018803418803418737,-0.5,3.0,-0.1999999999999993,1,0,0,0,0,0,0,0,0,0,0,0,0,0,0,1,0,0,0,0,0,0,0,0,0,0,0,0,0,1,0,0,0,0,1,0,0,0,0,0,0,0,0,0,0,0,0,0,0,0,0,0,0,0,0,0,0,0,0,0,0,0,0,0,0,0,0,0,0,0,0,0
2025,0,0,0.4624505928853755,0.45525291828793774,0.8,0.2,0.7,0.4,180.8,166.6,7.2,4.8,1.354157020966995,1.3267150395778364,5.719367588932807,5.941634241245136,0.2857142857142857,0.2857142857142857,0.53125,1522.8174860627385,1504.5568727907114,18.260613272027058,0.007197674597437753,0.6000000000000001,0.29999999999999993,0.027441981389158654,-0.22226665231232978,0.0,14.200000000000017,2.4000000000000004,0,0,0,0,0,0,0,0,0,0,0,1,0,0,0,0,0,0,1,0,0,0,0,0,0,0,0,0,0,0,0,0,0,0,0,0,0,0,0,0,0,0,0,0,0,0,0,0,0,0,0,0,0,0,0,0,0,0,0,0,0,0,1,0,0,0,0,0,0,0,0,0
2025,1,1,0.5662650602409639,0.6379310344827587,0.2,0.6,0.2,0.7,185.0,197.4,5.2,4.2,1.3503334771211468,1.4519040902679832,6.176706827309237,6.482758620689655,0.3333333333333333,0.5909090909090909,0.42857142857142855,1476.4679650999951,1577.5593901263198,-101.09142502632471,-0.07166597424179477,-0.39999999999999997,-0.49999999999999994,-0.10157061314683635,-0.30605179338041744,-0.2575757575757576,-12.400000000000006,1.0,1,1,0,0,0,0,0,0,0,0,0,0,0,0,0,0,0,0,0,0,1,0,0,0,0,0,0,0,0,0,0,0,0,0,0,0,0,0,0,0,0,0,0,0,0,0,0,0,0,0,0,0,1,0,0,0,0,0,0,0,0,0,0,0,0,0,0,0,0,0,0,0
2025,1,1,0.4842105263157895,0.5232558139534884,0.6,0.4,0.4,0.5,184.2,168.6,7.2,7.6,1.3450166695911563,1.3380500545508645,5.910526315789474,5.8604651162790695,0.6666666666666666,0.3333333333333333,0.32142857142857145,1483.5103386508636,1547.0858989031567,-63.575560252293144,-0.03904528763769893,0.19999999999999996,-0.09999999999999998,0.006966615040291835,0.05006119951040411,0.3333333333333333,15.599999999999994,-0.39999999999999947,1,0,0,0,0,0,0,0,0,0,0,0,0,0,0,1,0,0,0,0,0,0,1,0,0,0,0,0,0,0,0,1,0,0,0,0,0,0,0,0,0,0,0,0,0,0,0,0,0,0,0,0,0,0,0,0,0,0,0,0,0,0,0,0,0,0,0,0,0,0,0,0
2025,0,0,0.5555555555555556,0.46062992125984253,0.8,0.6,0.7,0.6,182.6,202.4,9.0,6.2,1.348731074038669,1.355232826187183,6.166666666666667,5.71259842519685,0.3333333333333333,0.25,0.5483870967741935,1529.2262950400268,1512.2923867813272,16.933908258699603,0.09492563429571305,0.20000000000000007,0.09999999999999998,-0.006501752148514006,0.45406824146981695,0.08333333333333331,-19.80000000000001,2.8,0,0,0,0,0,0,0,0,0,1,0,0,0,0,0,0,0,0,0,0,0,0,0,0,0,0,1,0,0,0,0,0,0,0,0,0,0,0,0,0,0,0,0,0,0,0,0,0,0,0,0,0,0,0,0,0,0,0,0,0,0,0,1,0,0,0,0,0,0,0,0,0
2025,0,0,0.5357142857142857,0.4942528735632184,0.2,0.8,0.5,0.6,191.8,186.2,5.6,6.8,1.4335410929120163,1.3589286870911328,6.071428571428571,5.908045977011494,0.47368421052631576,0.5,0.4,1518.3077713587613,1554.7533649139991,-36.44559355523779,0.0414614121510673,-0.6000000000000001,-0.09999999999999998,0.07461240582088347,0.1633825944170768,-0.026315789473684237,5.600000000000023,-1.2000000000000002,0,0,0,0,0,0,0,0,1,0,0,0,0,0,0,0,0,0,0,0,0,0,0,0,0,0,0,0,0,1,0,0,0,0,1,0,0,0,0,0,0,0,0,0,0,0,0,0,0,0,0,0,0,0,0,0,0,0,0,0,0,0,0,0,0,0,0,0,0,0,0,0
2025,0,0,0.4627450980392157,0.4961832061068702,0.8,0.8,0.7,0.7,208.4,200.4,7.0,6.2,1.3561212439312427,1.361219551540571,5.7176470588235295,5.896946564885496,0.3333333333333333,1.0,0.5142857142857142,1522.779398259931,1563.7082071575028,-40.9288088975718,-0.033438108067654515,0.0,0.0,-0.005098307609328279,-0.17929950606196687,-0.6666666666666667,8.0,0.7999999999999998,0,0,0,0,0,0,0,0,0,0,0,1,0,0,0,0,0,0,0,0,0,0,0,0,0,0,0,0,0,1,0,0,0,0,0,0,0,0,0,0,0,0,0,0,0,0,0,0,0,0,1,0,0,0,0,0,0,0,0,0,0,0,0,0,0,0,0,0,0,0,0,0
2025,1,1,0.5535055350553506,0.6271186440677966,0.6,0.6,0.7,0.6,190.2,185.0,8.0,4.8,1.3491215136994716,1.4487304009990287,6.154981549815498,6.4576271186440675,1.0,1.0,0.2857142857142857,1518.739283561423,1564.729167064511,-45.989883503088095,-0.073613109012446,0.0,0.09999999999999998,-0.09960888729955708,-0.3026455688285692,0.0,5.199999999999989,3.2,1,0,0,0,0,0,0,0,0,1,0,0,0,0,0,0,0,0,0,0,1,0,0,0,0,0,0,0,0,0,0,0,0,0,0,0,0,0,0,0,0,0,0,0,0,0,0,0,0,0,1,0,0,0,0,0,0,0,0,0,0,0,0,0,0,0,0,0,0,0,0,0
2025,0,0,0.5551470588235294,0.4609375,0.6,0.6,0.8,0.6,192.8,189.8,7.2,5.4,1.3509791921664627,1.355565732229891,6.154411764705882,5.703125,0.0,0.6,0.53125,1530.0553014906066,1513.9520048248592,16.103296665747393,0.09420955882352944,0.0,0.20000000000000007,-0.0045865400634284015,0.45128676470588225,-0.6,3.0,1.7999999999999998,0,0,0,0,0,0,0,0,0,1,0,0,0,0,0,0,0,0,0,0,0,0,0,0,0,0,1,0,0,0,0,0,0,0,0,0,0,0,0,0,0,0,0,0,0,0,0,0,0,0,0,0,1,0,0,0,0,0,0,0,0,0,0,0,0,0,0,0,0,0,0,0
2025,0,0,0.49809885931558934,0.46303501945525294,0.8,0.6,0.7,0.7,180.6,184.0,6.4,5.2,1.3620028980840444,1.357098634689954,5.91254752851711,5.7042801556420235,0.4,0.6666666666666666,0.5,1572.5356005925746,1524.4151633508038,48.12043724177079,0.0350638398603364,0.20000000000000007,0.0,0.004904263394090336,0.20826737287508656,-0.2666666666666666,-3.4000000000000057,1.2000000000000002,1,0,0,0,0,0,0,0,0,0,0,0,0,0,1,0,0,0,0,0,0,0,0,0,0,0,1,0,0,0,0,0,0,0,0,0,0,0,0,0,0,0,0,0,0,0,0,0,0,0,0,0,1,0,0,0,0,0,0,0,0,0,0,0,0,0,0,0,0,0,0,0
2026,0,0,0.4869109947643979,0.5,0.8,0.8,0.5,0.8,211.2,185.6,8.6,6.2,1.349456972128931,1.3624615187275526,5.9319371727748695,5.916666666666667,0.3333333333333333,0.4945054945054945,0.5416666666666666,1495.3200369235237,1581.1593717853177,-85.83933486179399,-0.01308900523560208,0.0,-0.30000000000000004,-0.013004546598621713,0.015270506108202575,-0.1611721611721612,25.599999999999994,2.3999999999999995,0,0,0,0,0,0,0,0,0,0,0,0,0,0,0,1,0,0,0,0,0,0,0,0,0,0,0,0,0,1,0,0,0,0,0,0,0,0,0,0,0,0,0,0,0,0,0,0,1,0,0,0,0,0,0,0,0,0,0,0,0,0,0,0,0,0,0,0,0,0,0,0
2026,0,0,0.5212355212355212,0.5531135531135531,0.4,0.4,0.4,0.7,183.2,190.0,6.2,6.2,1.33847116556335,1.3519782966530514,5.8494208494208495,6.1501831501831505,0.2777777777777778,0.6153846153846154,0.3142857142857143,1535.2762006304965,1519.592142964662,15.684057665834644,-0.031878031878031954,0.0,-0.29999999999999993,-0.013507131089701252,-0.30076230076230104,-0.33760683760683763,-6.800000000000011,0.0,0,0,0,0,0,0,0,1,0,0,0,0,0,0,0,0,0,0,0,0,0,0,0,0,1,0,0,0,0,0,0,0,0,0,0,0,0,0,0,0,0,0,0,0,0,0,0,0,0,0,0,0,0,0,0,0,0,0,0,0,0,0,0,0,0,0,0,0,0,0,1,0
2026,0,0,0.568,0.4978165938864629,0.4,0.4,0.3,0.3,200.2,186.2,6.2,4.6,1.3523560901460578,1.3363400650038344,6.192,5.672489082969432,0.0,0.4,0.5161290322580645,1489.2981881618039,1488.5266106609363,0.7715775008675791,0.07018340611353707,0.0,0.0,0.016016025142223445,0.5195109170305683,-0.4,14.0,1.6000000000000005,0,1,0,0,0,0,0,0,0,0,0,0,0,0,0,0,0,0,0,0,0,0,0,0,0,0,0,1,0,0,0,0,0,1,0,0,0,0,0,0,0,0,0,0,0,0,0,0,0,0,0,0,0,0,0,0,0,0,0,0,0,0,0,0,0,0,0,0,0,0,0,0
2026,0,0,0.6166666666666667,0.46124031007751937,0.4,0.4,0.5,0.6,181.8,177.0,4.6,5.6,1.4525985540853907,1.3576528625210957,6.433333333333334,5.717054263565892,0.5,0.3,0.5,1553.4131491353276,1515.7913921580607,37.62175697726684,0.15542635658914733,0.0,-0.09999999999999998,0.094945691564295,0.7162790697674417,0.2,4.800000000000011,-1.0,0,0,0,0,0,1,0,0,0,0,0,0,0,0,0,0,0,0,0,0,0,0,0,0,0,0,1,0,0,0,0,0,0,0,0,0,0,0,0,0,0,0,0,0,0,0,0,0,0,0,1,0,0,0,0,0,0,0,0,0,0,0,0,0,0,0,0,0,0,0,0,0
2026,0,0,0.5263157894736842,0.4573643410852713,0.2,0.2,0.4,0.4,205.4,176.0,6.0,5.2,1.4399373754625675,1.3282743668079235,6.035087719298246,5.949612403100775,0.45,0.6666666666666666,0.42857142857142855,1509.3529291152577,1515.0819720721227,-5.729042956864987,0.06895144838841288,0.0,0.0,0.11166300865464396,0.08547531619747062,-0.21666666666666662,29.400000000000006,0.7999999999999998,0,0,0,0,0,0,0,0,1,0,0,0,0,0,0,0,0,0,1,0,0,0,0,0,0,0,0,0,0,0,0,0,0,0,1,0,0,0,0,0,0,0,0,0,0,0,0,0,0,0,0,0,0,0,0,0,0,0,0,0,0,0,0,0,0,0,0,0,0,0,0,0
2026,0,0,0.484375,0.5192307692307693,0.6,0.4,0.5,0.4,220.4,195.4,7.4,6.4,1.3509175306928116,1.3400675609196155,5.921875,5.842307692307692,0.2727272727272727,0.574468085106383,0.3448275862068966,1487.7416187317972,1524.8250835551603,-37.0834648233631,-0.034855769230769273,0.19999999999999996,0.09999999999999998,0.010849969773196078,0.07956730769230802,-0.3017408123791103,25.0,1.0,1,0,0,0,0,0,0,0,0,0,0,0,0,0,0,1,0,0,0,0,0,0,1,0,0,0,0,0,0,0,0,0,0,0,0,0,0,0,0,0,0,1,0,0,0,0,0,0,0,0,0,0,0,0,0,0,0,0,0,0,0,0,0,0,0,0,0,0,0,0,0,0
2026,0,0,0.5657370517928287,0.46332046332046334,0.4,0.6,0.3,0.6,187.6,168.8,5.4,6.0,1.350972455326291,1.3577640554783228,6.175298804780876,5.718146718146718,0.6710526315789473,0.5,0.5161290322580645,1479.2759804126674,1526.8700208571138,-47.594040444446364,0.1024165884723654,-0.19999999999999996,-0.3,-0.00679160015203184,0.4571520866341583,0.17105263157894735,18.799999999999983,-0.5999999999999996,0,1,0,0,0,0,0,0,0,0,0,0,0,0,0,0,0,0,0,0,0,0,0,0,0,0,1,0,0,0,0,0,0,0,0,0,0,0,0,0,0,0,0,0,0,0,0,0,0,1,0,0,0,0,0,0,0,0,0,0,0,0,0,0,0,0,0,0,0,0,0,0
2026,0,0,0.5547445255474452,0.4594594594594595,0.6,0.4,0.7,0.4,203.8,172.6,5.6,6.4,1.3538952164009113,1.328020683335515,6.142335766423358,5.9652509652509655,0.7142857142857143,0.4482758620689655,0.5675675675675675,1530.0432600399981,1524.9170919043395,5.126168135658645,0.09528506608798576,0.19999999999999996,0.29999999999999993,0.02587453306539622,0.17708480117239223,0.2660098522167488,31.200000000000017,-0.8000000000000007,0,0,0,0,0,0,0,0,0,1,0,0,0,0,0,0,0,0,1,0,0,0,0,0,0,0,0,0,0,0,0,1,0,0,0,0,0,0,0,0,0,0,0,0,0,0,0,0,0,0,0,0,0,0,0,0,0,0,0,0,0,0,0,0,0,0,0,0,0,0,0,0
2026,1,1,0.5,0.6065573770491803,0.4,0.2,0.3,0.5,169.4,184.8,5.8,4.4,1.3374002986487963,1.448807290270705,5.691304347826087,6.442622950819672,0.6,0.5652173913043478,0.25,1498.5488184100727,1542.3345204362745,-43.78570202620176,-0.10655737704918034,0.2,-0.2,-0.1114069916219087,-0.7513186029935852,0.034782608695652195,-15.400000000000006,1.3999999999999995,1,0,0,0,0,0,0,0,0,0,0,0,1,0,0,0,0,0,0,0,1,0,0,0,0,0,0,0,0,0,0,0,0,0,0,0,0,0,0,0,0,0,0,0,0,0,0,0,0,0,0,0,1,0,0,0,0,0,0,0,0,0,0,0,0,0,0,0,0,0,0,0
2026,0,0,0.48704663212435234,0.5172413793103449,0.8,0.2,0.6,0.3,228.4,201.4,8.2,5.4,1.3531492666091458,1.4366946778711485,5.94300518134715,6.0,0.6065573770491803,0.6666666666666666,0.3333333333333333,1498.8049318451785,1499.5178092830408,-0.7128774378622893,-0.03019474718599252,0.6000000000000001,0.3,-0.08354541126200266,-0.05699481865284994,-0.060109289617486295,27.0,2.799999999999999,0,0,0,0,0,0,0,0,0,0,0,0,0,0,0,1,0,0,0,0,0,0,0,1,0,0,0,0,0,0,0,0,0,0,0,0,0,0,0,0,0,0,0,0,0,0,0,0,0,0,0,0,0,0,0,0,0,0,0,1,0,0,0,0,0,0,0,0,0,0,0,0
2026,0,0,0.5018867924528302,0.5634920634920635,0.8,0.4,0.8,0.3,183.6,187.2,7.0,5.4,1.364551702093655,1.3520217576512221,5.928301886792453,6.170634920634921,0.5,0.5,0.38235294117647056,1588.7377899770443,1470.6373421728713,118.10044780417297,-0.0616052710392333,0.4,0.5,0.012529944442432939,-0.24233303384246785,0.0,-3.5999999999999943,1.5999999999999996,1,0,0,0,0,0,0,0,0,0,0,0,0,0,1,0,1,0,0,0,0,0,0,0,0,0,0,0,0,0,0,0,0,0,0,0,0,0,0,0,0,0,0,0,0,0,0,0,1,0,0,0,0,0,0,0,0,0,0,0,0,0,0,0,0,0,0,0,0,0,0,0
2026,0,0,0.5021645021645021,0.5527272727272727,0.6,0.4,0.4,0.6,188.0,200.2,7.0,4.4,1.3387587906909302,1.3537172077823838,5.701298701298701,6.134545454545455,0.5,0.5,0.4666666666666667,1509.8024423853074,1519.8957277660754,-10.093285380768066,-0.05056277056277059,0.19999999999999996,-0.19999999999999996,-0.014958417091453624,-0.43324675324675344,0.0,-12.199999999999989,2.5999999999999996,1,0,0,0,0,0,0,0,0,0,0,0,1,0,0,0,0,0,0,0,0,0,0,0,1,0,0,0,0,0,0,0,0,1,0,0,0,0,0,0,0,0,0,0,0,0,0,0,0,0,0,0,0,0,0,0,0,0,0,0,0,0,0,0,0,0,0,0,0,0,0,0
2026,0,0,0.5967741935483871,0.46153846153846156,0.0,0.6,0.4,0.4,184.6,167.4,5.0,5.8,1.4520168731874505,1.3284750073363982,6.435483870967742,5.9653846153846155,0.6666666666666666,0.4666666666666667,0.5714285714285714,1531.0808964610399,1535.0646241782622,-3.9837277172223367,0.13523573200992556,-0.6,0.0,0.12354186585105231,0.4700992555831265,0.19999999999999996,17.19999999999999,-0.7999999999999998,1,0,0,0,0,1,0,0,0,0,0,0,0,0,0,0,0,0,1,0,0,0,0,0,0,0,0,0,0,0,0,1,0,0,0,0,0,0,0,0,0,0,0,0,0,0,0,0,0,0,0,0,0,0,0,0,0,0,0,0,0,0,0,0,0,0,0,0,0,0,0,0
2026,0,0,0.5172413793103449,0.5254237288135594,0.2,0.4,0.3,0.3,186.8,193.6,6.2,6.2,1.3408622887588664,1.4351839096294254,5.850574712643678,6.0508474576271185,0.5684210526315789,0.5,0.3333333333333333,1513.761770441779,1509.4972910498152,4.264479391963732,-0.008182349503214503,-0.2,0.0,-0.09432162087055906,-0.20027274498344028,0.06842105263157894,-6.799999999999983,0.0,0,0,0,0,0,0,0,1,0,0,0,0,0,0,0,0,0,0,0,0,0,0,0,1,0,0,0,0,0,0,0,0,0,0,0,0,0,0,0,0,0,1,0,0,0,0,0,0,0,0,0,0,0,0,0,0,0,0,0,0,0,0,0,0,0,0,0,0,0,0,0,0
2026,0,0,0.5037593984962406,0.5043103448275862,1.0,0.8,0.9,0.5,195.8,177.0,7.8,8.0,1.3671240727180107,1.3406970858341167,5.943609022556391,5.7155172413793105,0.5,0.5714285714285714,0.5483870967741935,1595.4637265651081,1520.0928687938674,75.37085777124071,-0.0005509463313455587,0.19999999999999996,0.4,0.026426986883894,0.2280917811770804,-0.0714285714285714,18.80000000000001,-0.20000000000000018,0,0,0,0,0,0,0,0,0,0,0,0,0,0,1,0,0,0,0,0,0,0,0,0,0,0,0,1,0,0,0,0,0,1,0,0,0,0,0,0,0,0,0,0,0,0,0,0,0,0,0,0,0,0,0,0,0,0,0,0,0,0,0,0,0,0,0,0,0,0,0,0
2026,0,0,0.4845360824742268,0.4653846153846154,0.6,0.6,0.5,0.7,218.4,173.4,7.8,5.6,1.3527013689224563,1.3592798943673312,5.938144329896907,5.7153846153846155,1.0,0.36363636363636365,0.7083333333333334,1488.8254500784042,1535.50865909691,-46.68320901850575,0.019151467089611407,0.0,-0.19999999999999996,-0.006578525444874916,0.22275971451229193,0.6363636363636364,45.0,2.2,0,0,0,0,0,0,0,0,0,0,0,0,0,0,0,1,0,0,0,0,0,0,0,0,0,0,1,0,0,0,0,0,0,0,0,0,0,0,0,0,0,0,0,0,0,0,0,0,0,0,1,0,0,0,0,0,0,0,0,0,0,0,0,0,0,0,0,0,0,0,0,0
2026,0,0,0.5612648221343873,0.45977011494252873,0.2,0.6,0.2,0.4,192.0,169.4,4.8,6.6,1.353350086485428,1.3297399097314673,6.158102766798419,5.957854406130268,0.6623376623376623,0.36363636363636365,0.6129032258064516,1463.9114055848074,1524.9499683021647,-61.03856271735731,0.1014947071918586,-0.39999999999999997,-0.2,0.02361017675396071,0.20024836066815066,0.2987012987012987,22.599999999999994,-1.7999999999999998,1,1,0,0,0,0,0,0,0,0,0,0,0,0,0,0,0,0,1,0,0,0,0,0,0,0,0,0,0,0,0,0,0,0,0,0,0,0,0,0,0,0,0,0,0,0,0,0,0,1,0,0,0,0,0,0,0,0,0,0,0,0,0,0,0,0,0,0,0,0,0,0
2026,0,0,0.5333333333333333,0.6031746031746031,0.6,0.2,0.4,0.4,189.0,186.2,6.0,6.2,1.4351475764960737,1.4555238589211619,6.016666666666667,6.4603174603174605,0.42857142857142855,0.3333333333333333,0.42857142857142855,1519.6200264697768,1541.1955523371373,-21.57552586736051,-0.06984126984126982,0.39999999999999997,0.0,-0.020376282425088155,-0.44365079365079385,0.09523809523809523,2.8000000000000114,-0.20000000000000018,0,0,0,0,0,0,0,0,1,0,0,0,0,0,0,0,0,0,0,0,1,0,0,0,0,0,0,0,0,0,0,0,0,0,1,0,0,0,0,0,0,0,0,0,0,0,0,0,0,0,0,0,0,0,0,0,0,0,0,0,0,0,0,0,0,0,0,0,0,0,0,0
2026,0,0,0.50187265917603,0.5507246376811594,0.8,0.4,0.8,0.5,190.0,188.0,8.0,4.4,1.3681656729671445,1.3544880891277438,5.936329588014981,6.1231884057971016,0.47368421052631576,0.6195652173913043,0.42424242424242425,1583.3277806082147,1509.6053013575154,73.72247925069928,-0.048851978505129456,0.4,0.30000000000000004,0.013677583839400764,-0.1868588177821202,-0.14588100686498856,2.0,3.5999999999999996,1,0,0,0,0,0,0,0,0,0,0,0,0,0,1,0,0,0,0,0,0,0,0,0,1,0,0,0,0,0,0,0,0,0,0,0,0,0,0,0,0,0,0,0,0,0,0,0,0,0,0,0,0,0,0,0,0,0,0,0,0,0,0,0,0,0,0,0,0,0,1,0
2026,0,0,0.48205128205128206,0.5064377682403434,0.4,1.0,0.5,0.6,216.0,175.6,6.6,8.6,1.3544271388948155,1.342660616537021,5.9282051282051285,5.725321888412017,0.5967741935483871,0.3333333333333333,0.5714285714285714,1480.1610727353057,1532.2288147507609,-52.067742015455224,-0.024386486189061307,-0.6,-0.09999999999999998,0.011766522357794518,0.20288323979311151,0.2634408602150538,40.400000000000006,-2.0,1,0,0,0,0,0,0,0,0,0,0,0,0,0,0,1,0,0,0,0,0,0,0,0,0,0,0,1,0,0,0,0,0,0,0,0,0,0,0,0,0,0,0,0,0,0,0,0,0,0,0,0,0,0,0,0,0,0,0,1,0,0,0,0,0,0,0,0,0,0,0,0
2026,0,0,0.562992125984252,0.5152671755725191,0.4,0.0,0.3,0.3,197.0,181.8,6.0,6.0,1.3548303211545962,1.3412545981314496,6.173228346456693,5.854961832061068,0.6666666666666666,0.375,0.6451612903225806,1475.6503824328292,1503.6390350218173,-27.98865258898809,0.04772495041173286,0.4,0.0,0.01357572302314658,0.31826651439562426,0.29166666666666663,15.199999999999989,0.0,1,1,0,0,0,0,0,0,0,0,0,0,0,0,0,0,0,0,0,0,0,0,1,0,0,0,0,0,0,0,0,0,0,0,0,0,0,0,0,0,0,0,0,0,0,0,0,0,0,1,0,0,0,0,0,0,0,0,0,0,0,0,0,0,0,0,0,0,0,0,0,0
2026,0,0,0.5245901639344263,0.503731343283582,0.4,0.8,0.3,0.8,174.8,216.8,4.8,7.2,1.4336707511987214,1.3700416877210713,5.967213114754099,5.936567164179104,1.0,0.5053763440860215,0.3333333333333333,1510.2402230001255,1591.237159862773,-80.99693686264754,0.020858820650844212,-0.4,-0.5,0.06362906347765018,0.03064595057499453,0.4946236559139785,-42.0,-2.4000000000000004,0,0,0,0,0,0,0,0,1,0,0,0,0,0,0,0,0,0,0,0,0,0,0,0,0,0,0,0,0,1,0,0,0,0,0,0,0,0,0,0,0,0,0,0,0,0,0,0,1,0,0,0,0,0,0,0,0,0,0,0,0,0,0,0,0,0,0,0,0,0,0,0
2026,0,0,0.5487364620938628,0.4674329501915709,0.2,0.8,0.4,0.7,186.8,197.8,4.0,6.4,1.3558689964211603,1.36128845968751,6.115523465703971,5.716475095785441,0.6129032258064516,0.47368421052631576,0.5151515151515151,1501.695922102957,1544.1730364400084,-42.47711433705149,0.08130351190229196,-0.6000000000000001,-0.29999999999999993,-0.005419463266349789,0.3990483699185301,0.13921901528013586,-11.0,-2.4000000000000004,0,0,0,0,0,0,0,0,0,1,0,0,0,0,0,0,0,0,0,0,0,0,0,0,0,0,1,0,0,0,0,0,0,0,0,0,0,0,0,0,0,0,0,0,0,0,0,0,0,0,0,0,0,0,0,0,0,0,0,0,0,0,0,0,0,0,0,0,0,0,1,0
2026,1,1,0.5133079847908745,0.609375,0.0,0.4,0.2,0.5,178.0,189.8,5.4,6.8,1.341006354558423,1.4552191133256676,5.85171102661597,6.484375,0.75,0.5416666666666666,0.25,1492.8351949488479,1550.5753558067886,-57.74016085794074,-0.09606701520912553,-0.4,-0.3,-0.11421275876724457,-0.6326639733840302,0.20833333333333337,-11.800000000000011,-1.3999999999999995,0,0,0,0,0,0,0,1,0,0,0,0,0,0,0,0,0,0,0,0,1,0,0,0,0,0,0,0,0,0,0,0,0,0,0,0,0,0,0,0,0,0,0,0,0,0,0,0,0,0,0,0,1,0,0,0,0,0,0,0,0,0,0,0,0,0,0,0,0,0,0,0
2026,0,0,0.5055762081784386,0.4580152671755725,0.8,0.6,0.8,0.4,208.6,183.0,7.8,6.0,1.3707645799219046,1.330304598072819,5.951672862453532,5.942748091603053,0.5106382978723404,0.45454545454545453,0.6129032258064516,1598.947216183423,1513.210991454143,85.73622472928014,0.04756094100286612,0.20000000000000007,0.4,0.04045998184908561,0.008924770850478936,0.056092843326885855,25.599999999999994,1.7999999999999998,0,0,0,0,0,0,0,0,0,0,0,0,0,0,1,0,0,0,1,0,0,0,0,0,0,0,0,0,0,0,0,0,0,0,0,0,0,0,0,0,0,0,0,0,0,0,0,0,1,0,0,0,0,0,0,0,0,0,0,0,0,0,0,0,0,0,0,0,0,0,0,0
2026,0,0,0.4846938775510204,0.5647058823529412,0.4,0.4,0.6,0.4,203.6,189.4,6.6,5.4,1.3562364724355982,1.355344079756587,5.948979591836735,6.176470588235294,0.6031746031746031,0.42857142857142855,0.3181818181818182,1491.648583493234,1486.4542225057987,5.194360987435175,-0.08001200480192078,0.0,0.19999999999999996,0.0008923926790112002,-0.22749099639855963,0.1746031746031746,14.199999999999989,1.1999999999999993,1,0,0,0,0,0,0,0,0,0,0,0,0,0,0,1,1,0,0,0,0,0,0,0,0,0,0,0,0,0,0,0,0,0,0,0,0,0,0,0,0,0,0,0,0,0,0,0,0,0,0,0,0,0,0,0,0,0,0,1,0,0,0,0,0,0,0,0,0,0,0,0
2026,1,1,0.5042735042735043,0.5113636363636364,0.8,0.0,0.6,0.2,169.8,180.4,8.2,5.8,1.3424402136890037,1.3413192986987827,5.726495726495727,5.848484848484849,0.3076923076923077,0.5625,0.42857142857142855,1520.7413039928326,1484.4819575851432,36.25934640768946,-0.007090132090132095,0.8,0.39999999999999997,0.0011209149902209337,-0.12198912198912204,-0.2548076923076923,-10.599999999999994,2.3999999999999995,0,0,0,0,0,0,0,0,0,0,0,0,1,0,0,0,0,0,0,0,0,0,1,0,0,0,0,0,0,0,0,0,0,0,0,0,0,0,0,0,0,1,0,0,0,0,0,0,0,0,0,0,0,0,0,0,0,0,0,0,0,0,0,0,0,0,0,0,0,0,0,0
2026,0,0,0.46946564885496184,0.5161290322580645,0.8,0.4,0.7,0.3,196.0,158.6,6.4,5.0,1.362874864121747,1.4295073375262055,5.717557251908397,5.951612903225806,0.4166666666666667,0.5,0.5,1552.9565020630755,1502.5301666794755,50.42633538359996,-0.046663383403102665,0.4,0.39999999999999997,-0.06663247340445855,-0.23405565131740946,-0.08333333333333331,37.400000000000006,1.4000000000000004,1,0,0,0,0,0,0,0,0,0,0,1,0,0,0,0,0,0,0,0,0,0,0,1,0,0,0,0,0,0,0,0,0,0,0,0,0,0,0,0,0,0,0,0,0,0,0,0,0,0,1,0,0,0,0,0,0,0,0,0,0,0,0,0,0,0,0,0,0,0,0,0
2026,0,0,0.5467625899280576,0.6153846153846154,0.2,0.6,0.3,0.5,185.2,184.4,3.6,7.8,1.3566741573033707,1.4556547993458298,6.10431654676259,6.538461538461538,0.0,0.56,0.375,1492.91245647989,1558.9285931704933,-66.01613669060339,-0.06862202545655782,-0.39999999999999997,-0.2,-0.09898064204245904,-0.4341449916989486,-0.56,0.799999999999983,-4.199999999999999,1,0,0,0,0,0,0,0,0,1,0,0,0,0,0,0,0,0,0,0,1,0,0,0,0,0,0,0,0,0,0,0,0,0,0,0,0,0,0,0,0,0,0,0,0,0,0,0,0,0,0,0,1,0,0,0,0,0,0,0,0,0,0,0,0,0,0,0,0,0,0,0
2026,0,0,0.4873096446700508,0.4600760456273764,0.6,0.6,0.6,0.4,202.2,177.2,7.4,6.0,1.357326803732005,1.3308425663488792,5.959390862944162,5.9505703422053235,0.609375,0.6666666666666666,0.5416666666666666,1501.4990889041765,1525.6297793440215,-24.13069043984501,0.02723359904267436,0.0,0.19999999999999996,0.026484237383125775,0.008820520738838766,-0.05729166666666663,25.0,1.4000000000000004,1,0,0,0,0,0,0,0,0,0,0,0,0,0,0,1,0,0,1,0,0,0,0,0,0,0,0,0,0,0,0,0,0,0,0,0,0,0,0,0,0,0,0,0,0,0,0,0,0,0,0,0,0,0,0,0,0,0,0,1,0,0,0,0,0,0,0,0,0,0,0,0
2026,0,0,0.502127659574468,0.5079365079365079,0.6,0.4,0.5,0.3,175.2,170.4,7.4,5.6,1.3417436922308268,1.4318855522618894,5.727659574468085,5.968253968253968,1.0,0.4090909090909091,0.6666666666666666,1509.701448599695,1493.9714471633567,15.73000143633817,-0.005808848362039876,0.19999999999999996,0.2,-0.09014186003106262,-0.24059439378588365,0.5909090909090908,4.799999999999983,1.8000000000000007,1,0,0,0,0,0,0,0,0,0,0,0,1,0,0,0,0,0,0,0,0,0,0,1,0,0,0,0,0,0,0,0,0,0,1,0,0,0,0,0,0,0,0,0,0,0,0,0,0,0,0,0,0,0,0,0,0,0,0,0,0,0,0,0,0,0,0,0,0,0,0,0
2026,0,0,0.5625,0.5483870967741935,0.4,0.2,0.4,0.4,200.8,180.2,6.8,4.8,1.355464595352435,1.357673821536257,6.1875,6.118279569892473,0.5,0.6063829787234043,0.46153846153846156,1476.6037170948562,1504.790012266901,-28.186295172044765,0.014112903225806495,0.2,0.0,-0.0022092261838220217,0.06922043010752699,-0.1063829787234043,20.600000000000023,2.0,1,1,0,0,0,0,0,0,0,0,0,0,0,0,0,0,0,0,0,0,0,0,0,0,1,0,0,0,0,0,0,0,0,0,0,0,0,0,0,0,0,0,0,0,0,0,0,0,0,0,0,0,0,0,0,0,0,0,0,0,0,0,0,0,0,0,0,0,0,0,1,0
2026,0,0,0.6060606060606061,0.5037037037037037,0.6,0.6,0.4,0.7,172.0,203.0,7.4,7.0,1.4496335858899516,1.3707072291045945,6.515151515151516,5.948148148148148,0.6666666666666666,0.5052631578947369,0.5,1547.0510373834823,1586.5284282935445,-39.47739091006224,0.10235690235690242,0.0,-0.29999999999999993,0.07892635678535709,0.5670033670033678,0.16140350877192977,-31.0,0.40000000000000036,0,0,0,0,0,1,0,0,0,0,0,0,0,0,0,0,0,0,0,0,0,0,0,0,0,0,0,0,0,1,0,0,0,0,0,0,0,0,0,0,0,0,0,0,0,0,0,0,1,0,0,0,0,0,0,0,0,0,0,0,0,0,0,0,0,0,0,0,0,0,0,0
2026,1,1,0.4583333333333333,0.4714828897338403,0.4,1.0,0.4,0.7,187.2,210.0,4.4,5.6,1.3316760224538893,1.365494841421475,5.9356060606060606,5.714828897338403,0.45161290322580644,0.6666666666666666,0.48484848484848486,1514.9363568657336,1561.5152215791943,-46.57886471346069,-0.013149556400506968,-0.6,-0.29999999999999993,-0.03381881896758565,0.22077716326765717,-0.2150537634408602,-22.80000000000001,-1.1999999999999993,0,0,0,1,0,0,0,0,0,0,0,0,0,0,0,0,0,0,0,0,0,0,0,0,0,0,1,0,0,0,0,1,0,0,0,0,0,0,0,0,0,0,0,0,0,0,0,0,0,0,0,0,0,0,0,0,0,0,0,0,0,0,0,0,0,0,0,0,0,0,0,0
2026,0,0,0.5042372881355932,0.4898989898989899,0.6,0.6,0.6,0.7,165.0,205.4,7.8,7.2,1.3414816130751466,1.360193155574218,5.745762711864407,5.974747474747475,0.6129032258064516,0.5,0.4090909090909091,1519.2490118553317,1512.1925113824643,7.056500472867356,0.01433829823660332,0.0,-0.09999999999999998,-0.018711542499071365,-0.22898476288306835,0.11290322580645162,-40.400000000000006,0.5999999999999996,0,0,0,0,0,0,0,0,0,0,0,0,1,0,0,0,0,0,0,0,0,0,0,0,0,0,0,0,0,0,1,0,0,0,0,0,0,0,0,0,0,0,0,0,0,0,0,0,0,0,0,0,0,0,0,0,0,0,0,0,0,0,1,0,0,0,0,0,0,0,0,0
2026,0,0,0.5642023346303502,0.5970149253731343,0.6,0.6,0.5,0.3,200.4,172.2,7.8,7.2,1.3565398812389664,1.4528994372400295,6.202334630350195,6.492537313432836,0.6708860759493671,0.0,0.5,1487.4132087621392,1538.1824232392478,-50.76921447710856,-0.03281259074278409,0.0,0.2,-0.09635955600106305,-0.29020268308264097,0.6708860759493671,28.200000000000017,0.5999999999999996,0,1,0,0,0,0,0,0,0,0,0,0,0,0,0,0,0,0,0,0,1,0,0,0,0,0,0,0,0,0,0,0,0,0,0,0,0,0,0,0,0,0,0,0,0,0,0,0,0,1,0,0,0,0,0,0,0,0,0,0,0,0,0,0,0,0,0,0,0,0,0,0
2026,0,0,0.45660377358490567,0.5055350553505535,0.2,0.6,0.4,0.8,207.2,194.2,4.0,5.6,1.334707047473005,1.372175869504078,5.928301886792453,5.937269372693727,0.4375,0.5,0.40625,1506.2690297088618,1595.397042437779,-89.12801272891716,-0.04893128176564787,-0.39999999999999997,-0.4,-0.037468822031073046,-0.008967485901274053,-0.0625,13.0,-1.5999999999999996,0,0,0,1,0,0,0,0,0,0,0,0,0,0,0,0,0,0,0,0,0,0,0,0,0,0,0,0,0,1,0,1,0,0,0,0,0,0,0,0,0,0,0,0,0,0,0,0,0,0,0,0,0,0,0,0,0,0,0,0,0,0,0,0,0,0,0,0,0,0,0,0
2026,0,0,0.4734848484848485,0.5021097046413502,1.0,0.4,0.8,0.6,230.0,180.6,4.8,7.0,1.368442752933714,1.3435676134554844,5.700757575757576,5.742616033755274,0.46153846153846156,1.0,0.41379310344827586,1570.182548736066,1509.0459373677354,61.136611368330705,-0.028624856156501677,0.6,0.20000000000000007,0.024875139478229613,-0.04185845799769794,-0.5384615384615384,49.400000000000006,-2.2,0,0,0,0,0,0,0,0,0,0,0,1,0,0,0,0,0,0,0,0,0,0,0,0,0,0,0,1,0,0,0,0,0,0,0,0,0,0,0,0,0,0,0,0,0,0,0,0,0,0,1,0,0,0,0,0,0,0,0,0,0,0,0,0,0,0,0,0,0,0,0,0
2026,1,1,0.5464285714285714,0.49246231155778897,0.2,0.8,0.3,0.7,168.6,220.0,5.2,7.4,1.3559614469300334,1.3629412993524128,6.117857142857143,5.974874371859296,0.6,0.15384615384615385,0.5833333333333334,1493.9805205996179,1522.3955858700606,-28.41506527044271,0.05396625987078241,-0.6000000000000001,-0.39999999999999997,-0.006979852422379418,0.14298277099784684,0.4461538461538461,-51.400000000000006,-2.2,0,0,0,0,0,0,0,0,0,1,0,0,0,0,0,0,0,0,0,0,0,0,0,0,0,0,0,0,0,0,1,0,0,0,0,0,0,0,0,0,0,0,0,0,0,0,0,0,0,0,0,0,0,0,0,0,0,0,0,0,0,0,0,0,0,0,0,0,0,0,1,0
2026,0,0,0.5073529411764706,0.6029411764705882,0.8,0.6,0.8,0.4,169.4,162.6,6.8,7.0,1.3729088639201,1.4545674238762687,5.952205882352941,6.5,0.5,0.5384615384615384,0.5714285714285714,1602.886561966127,1546.7314802839085,56.15508168221845,-0.09558823529411764,0.20000000000000007,0.4,-0.08165855995616877,-0.5477941176470589,-0.038461538461538436,6.800000000000011,-0.20000000000000018,0,0,0,0,0,0,0,0,0,0,0,0,0,0,1,0,0,0,0,0,1,0,0,0,0,0,0,0,0,0,0,0,0,0,0,0,0,0,0,0,0,0,0,0,0,0,0,0,0,0,0,0,1,0,0,0,0,0,0,0,0,0,0,0,0,0,0,0,0,0,0,0
2026,1,1,0.5042016806722689,0.4548872180451128,0.4,0.2,0.7,0.4,185.8,180.4,6.2,3.4,1.3458720766413075,1.332717720108263,5.735294117647059,5.909774436090226,0.6031746031746031,0.375,0.5172413793103449,1520.7876508079635,1498.7795101805139,22.00814062744962,0.04931446262715611,0.2,0.29999999999999993,0.013154356533044531,-0.17448031844316692,0.22817460317460314,5.400000000000006,2.8000000000000003,0,0,0,0,0,0,0,0,0,0,0,0,1,0,0,0,0,0,1,0,0,0,0,0,0,0,0,0,0,0,0,0,0,0,0,0,0,0,0,0,0,0,0,0,0,0,0,0,0,0,0,0,0,0,0,0,0,0,0,0,0,0,1,0,0,0,0,0,0,0,0,0
2026,1,1,0.5444839857651246,0.562015503875969,0.2,0.6,0.3,0.4,192.6,190.6,5.4,7.6,1.3580594493672762,1.3561267222914868,6.110320284697509,6.186046511627907,0.5,0.6625,0.525,1484.7965533031263,1478.8641517174785,5.932401585647767,-0.017531518110844413,-0.39999999999999997,-0.10000000000000003,0.0019327270757893977,-0.07572622693039843,-0.16249999999999998,2.0,-2.1999999999999993,0,0,0,0,0,0,0,0,0,1,0,0,0,0,0,0,1,0,0,0,0,0,0,0,0,0,0,0,0,0,0,0,0,0,0,0,0,0,0,0,0,0,0,0,0,0,0,0,0,1,0,0,0,0,0,0,0,0,0,0,0,0,0,0,0,0,0,0,0,0,0,0
2026,1,1,0.495,0.5132075471698113,1.0,0.2,0.7,0.3,226.0,168.6,7.6,6.8,1.3664934525046768,1.3410618387625817,5.97,5.860377358490566,0.6153846153846154,0.6666666666666666,0.36666666666666664,1531.5795531665522,1495.5218129782809,36.05774018827128,-0.018207547169811322,0.8,0.39999999999999997,0.025431613742095127,0.1096226415094339,-0.05128205128205121,57.400000000000006,0.7999999999999998,0,0,0,0,0,0,0,0,0,0,0,0,0,0,0,1,0,0,0,0,0,0,1,0,0,0,0,0,0,0,0,0,0,0,0,0,0,0,0,0,0,0,0,0,0,0,0,0,0,0,0,0,0,0,0,0,0,0,0,1,0,0,0,0,0,0,0,0,0,0,0,0
2026,0,0,0.4716981132075472,0.6086956521739131,0.8,0.6,0.7,0.5,232.4,161.2,4.6,7.4,1.3702252693437806,1.4562388059701492,5.694339622641509,6.550724637681159,0.5714285714285714,0.5555555555555556,0.5714285714285714,1558.440835295838,1558.3338248079388,0.10701048789928791,-0.1369975389663659,0.20000000000000007,0.19999999999999996,-0.08601353662636857,-0.8563850150396499,0.015873015873015817,71.20000000000002,-2.8000000000000007,0,0,0,0,0,0,0,0,0,0,0,1,0,0,0,0,0,0,0,0,1,0,0,0,0,0,0,0,0,0,0,0,0,0,0,0,0,0,0,0,0,0,0,0,0,0,0,0,0,0,0,0,1,0,0,0,0,0,0,0,0,0,0,0,0,0,0,0,0,0,0,0
2026,0,0,0.5,0.5425531914893617,0.2,0.2,0.3,0.2,162.2,180.0,5.0,5.0,1.4264481707317074,1.3579021970233878,5.96875,6.095744680851064,0.5,0.59375,0.75,1484.42388390772,1474.6258216518438,9.798062255876175,-0.04255319148936165,0.0,0.09999999999999998,0.06854597370831961,-0.12699468085106425,-0.09375,-17.80000000000001,0.0,0,0,0,0,0,0,0,0,1,0,0,0,0,0,0,0,0,0,0,0,0,0,0,0,1,0,0,0,0,0,0,0,0,0,0,0,0,0,0,0,0,0,0,0,0,0,0,0,0,0,0,0,0,0,0,0,0,0,0,0,0,0,0,0,0,0,0,0,0,0,1,0
2026,1,1,0.45692883895131087,0.5637065637065637,0.4,0.6,0.5,0.5,187.8,180.2,4.2,7.0,1.334686627759452,1.3563419761737912,5.910112359550562,6.1891891891891895,0.42424242424242425,0.5,0.375,1509.412109505864,1489.034883368761,20.37722613710298,-0.10677772475525282,-0.19999999999999996,0.0,-0.021655348414339137,-0.2790768296386279,-0.07575757575757575,7.600000000000023,-2.8,0,0,0,1,0,0,0,0,0,0,0,0,0,0,0,0,1,0,0,0,0,0,0,0,0,0,0,0,0,0,0,1,0,0,0,0,0,0,0,0,0,0,0,0,0,0,0,0,0,0,0,0,0,0,0,0,0,0,0,0,0,0,0,0,0,0,0,0,0,0,0,0
2026,0,0,0.4925373134328358,0.4699248120300752,0.8,0.6,0.6,0.7,215.8,220.4,6.2,4.6,1.3666487403301204,1.3699216414387765,5.955223880597015,5.695488721804511,0.6060606060606061,0.3076923076923077,0.68,1520.545438068101,1548.4377552865076,-27.89231721840656,0.02261250140276061,0.20000000000000007,-0.09999999999999998,-0.003272901108656079,0.25973515879250364,0.29836829836829837,-4.599999999999994,1.6000000000000005,1,0,0,0,0,0,0,0,0,0,0,0,0,0,0,1,0,0,0,0,0,0,0,0,0,0,1,0,0,0,0,0,0,0,0,0,0,0,0,0,0,0,0,0,0,0,0,0,0,0,0,0,0,0,0,0,0,0,0,1,0,0,0,0,0,0,0,0,0,0,0,0
2026,0,0,0.49230769230769234,0.5054945054945055,0.0,0.6,0.3,0.7,171.4,152.4,5.0,6.8,1.4317670582354411,1.3726910877542136,5.938461538461539,5.9523809523809526,0.391304347826087,0.6666666666666666,0.2857142857142857,1474.1419477440413,1591.2842174420966,-117.14226969805532,-0.01318681318681314,-0.6,-0.39999999999999997,0.05907597048122759,-0.01391941391941387,-0.27536231884057966,19.0,-1.7999999999999998,1,0,0,0,0,0,0,0,1,0,0,0,0,0,0,0,0,0,0,0,0,0,0,0,0,0,0,0,0,1,0,0,0,0,1,0,0,0,0,0,0,0,0,0,0,0,0,0,0,0,0,0,0,0,0,0,0,0,0,0,0,0,0,0,0,0,0,0,0,0,0,0
2026,0,0,0.4552238805970149,0.5150375939849624,0.2,0.4,0.4,0.3,183.0,170.2,3.0,7.2,1.3344391785150078,1.3414493496507978,5.895522388059701,5.87593984962406,0.4117647058823529,0.25,0.42424242424242425,1498.826277365656,1506.555928076732,-7.729650711075919,-0.0598137133879475,-0.2,0.10000000000000003,-0.007010171135789944,0.019582538435641617,0.16176470588235292,12.800000000000011,-4.2,0,0,0,1,0,0,0,0,0,0,0,0,0,0,0,0,0,0,0,0,0,0,1,0,0,0,0,0,0,0,0,1,0,0,0,0,0,0,0,0,0,0,0,0,0,0,0,0,0,0,0,0,0,0,0,0,0,0,0,0,0,0,0,0,0,0,0,0,0,0,0,0
2026,0,0,0.6142857142857143,0.502092050209205,0.6,0.4,0.6,0.6,158.4,199.0,7.2,5.6,1.4549841120395435,1.3478154148257242,6.585714285714285,5.7238493723849375,0.6666666666666666,0.59375,0.6666666666666666,1568.3369048172692,1510.1550514826133,58.1818533346559,0.11219366407650933,0.19999999999999996,0.0,0.10716869721381928,0.8618649133293479,0.07291666666666663,-40.599999999999994,1.6000000000000005,1,0,0,0,0,1,0,0,0,0,0,0,0,0,0,0,0,0,0,0,0,0,0,0,0,0,0,1,0,0,0,0,0,0,0,0,0,0,0,0,0,0,0,0,0,0,0,0,0,0,0,0,0,0,0,0,0,0,0,0,0,0,1,0,0,0,0,0,0,0,0,0
2026,0,0,0.5,0.5653846153846154,0.2,0.6,0.3,0.5,180.4,173.6,5.6,7.0,1.436522595739441,1.3567392546504984,5.9393939393939394,6.1923076923076925,0.3333333333333333,0.6666666666666666,0.6,1487.3913666669237,1499.620715508969,-12.229348842045283,-0.06538461538461537,-0.39999999999999997,-0.2,0.07978334108894258,-0.25291375291375306,-0.3333333333333333,6.800000000000011,-1.4000000000000004,0,0,0,0,0,0,0,0,1,0,0,0,0,0,0,0,1,0,0,0,0,0,0,0,0,0,0,0,0,0,0,0,0,0,0,0,0,0,0,0,0,0,0,0,0,0,0,0,0,1,0,0,0,0,0,0,0,0,0,0,0,0,0,0,0,0,0,0,0,0,0,0
2026,0,0,0.5441696113074205,0.5036496350364964,0.4,0.4,0.3,0.6,186.8,163.2,5.4,5.4,1.3600058858151853,1.3737918215613383,6.091872791519434,5.9416058394160585,0.5,1.0,0.5588235294117647,1484.9077578155225,1578.0347985192143,-93.12704070369182,0.040519976270924074,0.0,-0.3,-0.013785935746152944,0.15026695210337593,-0.5,23.600000000000023,0.0,0,0,0,0,0,0,0,0,0,1,0,0,0,0,0,0,0,0,0,0,0,0,0,0,0,0,0,0,0,1,0,0,0,0,0,0,0,0,0,0,0,0,0,0,0,0,0,0,0,0,0,0,0,0,0,0,0,0,0,0,0,0,0,1,0,0,0,0,0,0,0,0
2026,0,0,0.4681647940074906,0.45353159851301117,0.4,0.2,0.6,0.3,221.2,172.4,4.2,3.0,1.3707139722936126,1.333784464308196,5.689138576779026,5.881040892193308,0.42857142857142855,0.5,0.5294117647058824,1537.6366701133218,1489.0487178983244,48.58795221499736,0.014633195494479445,0.2,0.3,0.03692950798541661,-0.19190231541428204,-0.07142857142857145,48.79999999999998,1.2000000000000002,0,0,0,0,0,0,0,0,0,0,0,1,0,0,0,0,0,0,1,0,0,0,0,0,0,0,0,0,0,0,0,0,0,0,0,0,0,0,0,0,0,0,0,0,1,0,0,0,0,0,0,0,0,0,0,0,0,0,0,0,0,0,0,0,0,0,0,0,0,0,0,0
2026,0,0,0.6197183098591549,0.49504950495049505,0.8,0.8,0.7,0.7,184.2,224.0,8.2,6.0,1.4590961761297798,1.3692896534694214,6.633802816901408,5.96039603960396,0.5714285714285714,0.0,0.8333333333333334,1576.677776597715,1531.3465232412868,45.33125335642808,0.12466880490865984,0.0,0.0,0.08980652266035838,0.6734067772974477,0.5714285714285714,-39.80000000000001,2.1999999999999993,1,0,0,0,0,1,0,0,0,0,0,0,0,0,0,0,0,0,0,0,0,0,0,0,0,0,0,0,0,0,1,0,0,0,0,0,0,0,0,0,0,0,0,0,0,0,0,0,0,0,0,0,1,0,0,0,0,0,0,0,0,0,0,0,0,0,0,0,0,0,0,0
2026,0,0,0.5168539325842697,0.5054545454545455,0.6,0.6,0.3,0.6,163.4,161.6,7.4,5.8,1.3424600638977635,1.373391749714603,5.883895131086143,5.945454545454545,0.0,1.0,0.5714285714285714,1516.3334875440637,1585.416786513357,-69.08329896929331,0.011399387129724214,0.0,-0.3,-0.030931685816839583,-0.06155941436840262,-1.0,1.8000000000000114,1.6000000000000005,0,0,0,0,0,0,0,1,0,0,0,0,0,0,0,0,0,0,0,0,0,0,0,0,0,0,0,0,0,1,0,0,0,0,0,0,0,0,0,0,0,0,0,0,0,0,0,0,0,0,0,0,0,0,0,0,0,0,0,0,0,0,0,1,0,0,0,0,0,0,0,0
2026,0,0,0.4664179104477612,0.5422535211267606,0.2,0.2,0.6,0.2,212.4,180.2,4.6,5.0,1.3717496488216014,1.3599683312318565,5.6940298507462686,6.098591549295775,0.4,0.0,0.5,1526.2472424561838,1477.5257698213798,48.72147263480406,-0.07583561067899941,0.0,0.39999999999999997,0.011781317589744988,-0.4045616985495064,0.4,32.20000000000002,-0.40000000000000036,0,0,0,0,0,0,0,0,0,0,0,1,0,0,0,0,0,0,0,0,0,0,0,0,1,0,0,0,0,0,0,0,0,0,0,0,0,0,0,0,0,0,0,0,1,0,0,0,0,0,0,0,0,0,0,0,0,0,0,0,0,0,0,0,0,0,0,0,0,0,0,0
2026,0,0,0.5670498084291188,0.4925373134328358,0.8,0.2,0.6,0.3,178.4,191.8,6.8,5.6,1.3579965850882185,1.439190008487935,6.199233716475096,5.925373134328358,0.5,0.4166666666666667,0.5,1509.268871849712,1477.7432103261806,31.525661523531426,0.07451249499628299,0.6000000000000001,0.3,-0.08119342339971647,0.2738605821467379,0.08333333333333331,-13.400000000000006,1.2000000000000002,0,1,0,0,0,0,0,0,0,0,0,0,0,0,0,0,0,0,0,0,0,0,0,1,0,0,0,0,0,0,0,0,0,0,1,0,0,0,0,0,0,0,0,0,0,0,0,0,0,0,0,0,0,0,0,0,0,0,0,0,0,0,0,0,0,0,0,0,0,0,0,0
2026,0,0,0.5149253731343284,0.625,0.6,1.0,0.3,0.8,169.8,176.8,7.2,9.2,1.3433581567054929,1.4572864321608041,5.876865671641791,6.680555555555555,0.5670103092783505,1.0,0.2,1508.2960681584625,1585.3803918790757,-77.08432372061316,-0.1100746268656716,-0.4,-0.5,-0.11392827545531126,-0.8036898839137647,-0.4329896907216495,-7.0,-1.9999999999999991,1,0,0,0,0,0,0,1,0,0,0,0,0,0,0,0,0,0,0,0,1,0,0,0,0,0,0,0,0,0,0,0,0,0,0,0,0,0,0,0,0,1,0,0,0,0,0,0,0,0,0,0,0,0,0,0,0,0,0,0,0,0,0,0,0,0,0,0,0,0,0,0
2026,0,0,0.5072463768115942,0.4646840148698885,0.6,0.0,0.6,0.5,159.2,199.4,6.0,5.0,1.3741201782695558,1.3725514582426466,5.938405797101449,5.687732342007435,0.5,0.375,0.5135135135135135,1593.4542058989582,1514.854046163841,78.60015973511713,0.04256236194170576,0.6,0.09999999999999998,0.0015687200269092205,0.25067345509401395,0.125,-40.20000000000002,1.0,1,0,0,0,0,0,0,0,0,0,0,0,0,0,1,0,0,0,0,0,0,0,0,0,0,0,1,0,0,0,0,0,0,0,0,0,0,0,0,0,0,0,0,0,1,0,0,0,0,0,0,0,0,0,0,0,0,0,0,0,0,0,0,0,0,0,0,0,0,0,0,0
2026,0,0,0.5,0.45555555555555555,0.4,0.4,0.5,0.3,198.4,162.8,5.2,3.2,1.3483699640099234,1.3354130741495531,5.716666666666667,5.877777777777778,0.3333333333333333,0.4,0.5,1501.8141797021676,1500.4381455554624,1.3760341467052513,0.04444444444444445,0.0,0.2,0.012956889860370246,-0.16111111111111143,-0.06666666666666671,35.599999999999994,2.0,0,0,0,0,0,0,0,0,0,0,0,0,1,0,0,0,0,0,1,0,0,0,0,0,0,0,0,0,0,0,0,1,0,0,0,0,0,0,0,0,0,0,0,0,0,0,0,0,0,0,0,0,0,0,0,0,0,0,0,0,0,0,0,0,0,0,0,0,0,0,0,0
2026,1,1,0.5648854961832062,0.49261083743842365,0.6,0.6,0.6,0.6,174.4,192.8,5.4,5.2,1.3584543192769187,1.3677628341807446,6.187022900763359,5.955665024630542,0.6707317073170732,0.25,0.6521739130434783,1498.3639724788532,1522.643907959926,-24.279935481072926,0.0722746587447825,0.0,0.0,-0.009308514903825893,0.231357876132817,0.4207317073170732,-18.400000000000006,0.20000000000000018,0,1,0,0,0,0,0,0,0,0,0,0,0,0,0,0,0,0,0,0,0,0,0,0,0,0,0,0,0,0,1,0,0,0,0,0,0,0,0,0,0,0,0,0,0,0,0,0,0,1,0,0,0,0,0,0,0,0,0,0,0,0,0,0,0,0,0,0,0,0,0,0
2026,0,0,0.5,0.4979253112033195,0.4,0.2,0.4,0.4,189.4,205.2,5.2,4.2,1.4439520958083831,1.3491737693511916,5.911764705882353,5.713692946058091,0.6666666666666666,0.5846153846153846,0.2857142857142857,1488.6481096970394,1491.7745744628282,-3.1264647657887963,0.0020746887966804906,0.2,0.0,0.09477832645719153,0.19807175982426184,0.08205128205128198,-15.799999999999983,1.0,0,0,0,0,0,0,0,0,1,0,0,0,0,0,0,0,0,0,0,0,0,0,0,0,0,0,0,1,0,0,0,0,0,0,0,0,0,0,0,0,0,0,0,0,0,0,0,0,0,0,0,0,0,0,0,0,0,0,0,0,0,0,1,0,0,0,0,0,0,0,0,0
2026,0,0,0.543859649122807,0.516728624535316,0.4,0.8,0.3,0.4,200.4,183.2,5.4,7.0,1.361110299488678,1.3458648999904903,6.105263157894737,5.869888475836431,0.7142857142857143,0.5714285714285714,0.6944444444444444,1488.9189661137225,1520.479031724672,-31.56006561094955,0.02713102458749106,-0.4,-0.10000000000000003,0.015245399498187595,0.23537468205830603,0.1428571428571429,17.200000000000017,-1.5999999999999996,0,0,0,0,0,0,0,0,0,1,0,0,0,0,0,0,0,0,0,0,0,0,1,0,0,0,0,0,0,0,0,0,0,0,0,0,0,0,0,0,0,1,0,0,0,0,0,0,0,0,0,0,0,0,0,0,0,0,0,0,0,0,0,0,0,0,0,0,0,0,0,0
2026,0,0,0.6164383561643836,0.5627376425855514,0.8,0.6,0.7,0.6,188.0,178.8,8.2,6.0,1.4609929078014185,1.3586036007778683,6.616438356164384,6.182509505703422,0.5862068965517241,0.5,0.5555555555555556,1573.1974283128661,1489.0616697923124,84.13575852055374,0.053700713578832215,0.20000000000000007,0.09999999999999998,0.1023893070235502,0.43392885046096197,0.08620689655172409,9.199999999999989,2.1999999999999993,1,0,0,0,0,1,0,0,0,0,0,0,0,0,0,0,1,0,0,0,0,0,0,0,0,0,0,0,0,0,0,0,0,0,0,0,0,0,0,0,0,0,0,0,0,0,0,0,0,0,0,0,1,0,0,0,0,0,0,0,0,0,0,0,0,0,0,0,0,0,0,0
2026,1,1,0.4950980392156863,0.5090252707581228,0.6,0.6,0.7,0.7,183.2,188.2,5.4,5.6,1.368451118002285,1.3756161783166467,5.96078431372549,5.945848375451264,0.6119402985074627,0.36363636363636365,0.52,1531.9462106464669,1601.2297319420059,-69.283521295539,-0.013927231542436469,0.0,0.0,-0.007165060314361815,0.014935938274226679,0.24830393487109903,-5.0,-0.1999999999999993,1,0,0,0,0,0,0,0,0,0,0,0,0,0,0,1,0,0,0,0,0,0,0,0,0,0,0,0,0,1,0,0,0,0,0,0,0,0,0,0,0,0,0,0,0,0,0,0,0,0,0,0,0,0,0,0,0,0,0,1,0,0,0,0,0,0,0,0,0,0,0,0
2026,0,0,0.4927536231884058,0.46296296296296297,0.4,0.0,0.3,0.4,209.6,194.8,4.6,5.0,1.4477594339622641,1.3732734592753175,5.869565217391305,5.681481481481481,0.44,0.6666666666666666,0.42857142857142855,1478.7380941577233,1507.0785201207934,-28.340425963070174,0.029790660225442855,0.4,-0.10000000000000003,0.07448597468694662,0.18808373590982352,-0.22666666666666663,14.799999999999983,-0.40000000000000036,0,0,0,0,0,0,0,0,1,0,0,0,0,0,0,0,0,0,0,0,0,0,0,0,0,0,1,0,0,0,0,0,0,0,1,0,0,0,0,0,0,0,0,0,0,0,0,0,0,0,0,0,0,0,0,0,0,0,0,0,0,0,0,0,0,0,0,0,0,0,0,0
2026,0,0,0.5,0.541958041958042,0.4,0.4,0.4,0.3,204.6,181.2,4.2,5.8,1.3513129633478833,1.360515896122045,5.710743801652892,6.104895104895105,0.5,0.5979381443298969,0.4838709677419355,1501.6845900021444,1479.8248475965916,21.85974240555288,-0.04195804195804198,0.0,0.10000000000000003,-0.00920293277416162,-0.3941513032422126,-0.09793814432989689,23.400000000000006,-1.5999999999999996,1,0,0,0,0,0,0,0,0,0,0,0,1,0,0,0,0,0,0,0,0,0,0,0,1,0,0,0,0,0,0,0,0,0,0,0,0,0,0,0,0,0,0,0,0,0,0,0,0,0,0,0,0,0,0,0,0,0,0,0,0,0,0,0,0,0,0,0,0,0,1,0
2026,0,0,0.4575645756457565,0.5185185185185185,0.6,0.8,0.4,0.5,187.2,180.6,4.6,6.8,1.3364357548878756,1.345523448602558,5.885608856088561,5.877777777777778,0.2,0.5757575757575758,0.4117647058823529,1510.4777507948018,1529.573150241803,-19.095399447001228,-0.06095394287276201,-0.20000000000000007,-0.09999999999999998,-0.009087693714682432,0.007831078310783113,-0.3757575757575758,6.599999999999994,-2.2,1,0,0,1,0,0,0,0,0,0,0,0,0,0,0,0,0,0,0,0,0,0,1,0,0,0,0,0,0,0,0,0,0,0,0,0,0,0,0,0,0,1,0,0,0,0,0,0,0,0,0,0,0,0,0,0,0,0,0,0,0,0,0,0,0,0,0,0,0,0,0,0
2026,0,0,0.5071942446043165,0.6216216216216216,0.6,0.8,0.6,0.7,197.2,202.2,5.2,8.2,1.3764716647349478,1.4654904571682201,5.938848920863309,6.662162162162162,0.6666666666666666,0.5,0.5,1589.2616110624867,1580.8220585576241,8.439552504862604,-0.1144273770173051,-0.20000000000000007,-0.09999999999999998,-0.08901879243327238,-0.723313241298853,0.16666666666666663,-5.0,-2.999999999999999,1,0,0,0,0,0,0,0,0,0,0,0,0,0,1,0,0,0,0,0,1,0,0,0,0,0,0,0,0,0,0,0,0,0,0,0,0,0,0,0,0,0,0,0,1,0,0,0,0,0,0,0,0,0,0,0,0,0,0,0,0,0,0,0,0,0,0,0,0,0,0,0
2026,0,0,0.5020576131687243,0.4975609756097561,0.4,0.6,0.4,0.8,200.0,184.4,5.2,5.2,1.3525110375275937,1.371413497828822,5.724279835390947,5.951219512195122,1.0,0.5,0.391304347826087,1511.0562449429085,1543.914331525986,-32.858086583077466,0.004496637558968231,-0.19999999999999996,-0.4,-0.01890246030122822,-0.22693967680417515,0.5,15.599999999999994,0.0,1,0,0,0,0,0,0,0,0,0,0,0,1,0,0,0,0,0,0,0,0,0,0,0,0,0,0,0,0,0,1,0,0,0,0,0,0,0,0,0,0,0,0,0,0,0,0,0,0,0,1,0,0,0,0,0,0,0,0,0,0,0,0,0,0,0,0,0,0,0,0,0
2026,1,1,0.5040983606557377,0.6133333333333333,0.6,0.6,0.5,0.6,203.6,201.2,6.6,7.4,1.3550968539634565,1.463331873905429,5.741803278688525,6.64,1.0,0.3333333333333333,0.3,1521.999167179727,1571.0649206397877,-49.065753460060705,-0.10923497267759563,0.0,-0.09999999999999998,-0.1082350199419726,-0.898196721311475,0.6666666666666667,2.4000000000000057,-0.8000000000000007,0,0,0,0,0,0,0,0,0,0,0,0,1,0,0,0,0,0,0,0,1,0,0,0,0,0,0,0,0,0,0,0,0,0,0,0,0,0,0,0,0,0,0,0,0,0,0,0,0,0,1,0,0,0,0,0,0,0,0,0,0,0,0,0,0,0,0,0,0,0,0,0
2026,0,0,0.618421052631579,0.5089605734767025,0.6,0.8,0.7,0.6,199.2,207.4,6.6,6.6,1.4681793625067532,1.3789614414633404,6.631578947368421,5.953405017921147,0.6,0.42857142857142855,0.4444444444444444,1579.6620088303378,1599.0187489803232,-19.3567401499854,0.10946047915487644,-0.20000000000000007,0.09999999999999998,0.08921792104341275,0.678173929447274,0.17142857142857143,-8.200000000000017,0.0,0,0,0,0,0,1,0,0,0,0,0,0,0,0,0,0,0,0,0,0,0,0,0,0,0,0,0,0,0,1,0,0,0,0,0,0,0,0,0,0,0,0,0,0,0,0,0,0,0,0,0,0,1,0,0,0,0,0,0,0,0,0,0,0,0,0,0,0,0,0,0,0
